=== PAGE 0 GRAPHICS ===
  ('re', Rect(45.47999954223633, 14.15997314453125, 608.760009765625, 32.63995361328125), 1)
  ('re', Rect(45.47999954223633, 32.63995361328125, 611.8800048828125, 44.03997802734375), 1)
  ('re', Rect(45.47999954223633, 44.03997802734375, 554.3800048828125, 67.0799560546875), 1)
  ('re', Rect(318.9100036621094, 82.916015625, 400.27001953125, 96.739990234375), 1)
  ('re', Rect(318.9100036621094, 96.739990234375, 400.27001953125, 110.53997802734375), 1)
  ('re', Rect(318.9100036621094, 110.53997802734375, 400.27001953125, 124.3399658203125), 1)
  ('re', Rect(296.0899963378906, 82.916015625, 314.80999755859375, 96.739990234375), 1)
  ('re', Rect(241.85000610351562, 82.916015625, 291.8900146484375, 96.739990234375), 1)
  ('re', Rect(241.85000610351562, 96.739990234375, 291.8900146484375, 110.53997802734375), 1)
  ('re', Rect(241.85000610351562, 110.53997802734375, 291.8900146484375, 124.3399658203125), 1)
  ('re', Rect(213.0500030517578, 82.916015625, 237.77000427246094, 96.739990234375), 1)
  ('re', Rect(184.10000610351562, 82.916015625, 208.96400451660156, 96.739990234375), 1)
  ('re', Rect(149.89999389648438, 82.916015625, 179.89999389648438, 96.739990234375), 1)
  ('re', Rect(149.89999389648438, 96.739990234375, 179.89999389648438, 110.53997802734375), 1)
  ('re', Rect(149.89999389648438, 110.53997802734375, 179.89999389648438, 124.3399658203125), 1)
  ('re', Rect(120.0199966430664, 82.916015625, 145.8199920654297, 96.739990234375), 1)
  ('re', Rect(90.14399719238281, 82.916015625, 115.94400024414062, 96.739990234375), 1)
  ('re', Rect(58.79999923706055, 82.916015625, 85.94400024414062, 96.739990234375), 1)
  ('re', Rect(30.239999771118164, 82.916015625, 54.720001220703125, 96.739990234375), 1)
  ('re', Rect(362.4700012207031, 124.3399658203125, 546.2100219726562, 130.0999755859375), 1)
  ('re', Rect(362.4700012207031, 130.0999755859375, 547.2900390625, 133.4599609375), 1)
  ('re', Rect(362.4700012207031, 133.46002197265625, 547.2900390625, 136.94000244140625), 1)
  ('re', Rect(362.4700012207031, 136.94000244140625, 547.2900390625, 149.65997314453125), 1)
  ('re', Rect(362.4700012207031, 149.6600341796875, 547.2900390625, 162.260009765625), 1)
  ('re', Rect(362.4700012207031, 162.260009765625, 547.2900390625, 166.82000732421875), 1)
  ('re', Rect(362.4700012207031, 166.8199462890625, 547.2900390625, 172.5799560546875), 1)
  ('re', Rect(32.040000915527344, 173.05999755859375, 541.4199829101562, 185.77996826171875), 1)
  ('re', Rect(32.040000915527344, 185.780029296875, 541.4199829101562, 198.3800048828125), 1)
  ('re', Rect(32.040000915527344, 198.3800048828125, 541.4199829101562, 211.0999755859375), 1)
  ('re', Rect(32.040000915527344, 211.0999755859375, 541.4199829101562, 215.65997314453125), 1)
  ('re', Rect(32.040000915527344, 215.6600341796875, 541.4199829101562, 228.260009765625), 1)
  ('re', Rect(32.040000915527344, 228.260009765625, 541.4199829101562, 232.94000244140625), 1)
  ('re', Rect(32.040000915527344, 232.93994140625, 541.4199829101562, 244.4599609375), 1)
  ('re', Rect(27.84000015258789, 172.58001708984375, 28.31999969482422, 173.05999755859375), 1)
  ('re', Rect(27.84000015258789, 172.58001708984375, 28.31999969482422, 173.05999755859375), 1)
  ('re', Rect(28.31999969482422, 172.58001708984375, 545.1400146484375, 173.05999755859375), 1)
  ('re', Rect(545.1400146484375, 172.58001708984375, 545.6200561523438, 173.05999755859375), 1)
  ('re', Rect(545.1400146484375, 172.58001708984375, 545.6200561523438, 173.05999755859375), 1)
  ('re', Rect(27.84000015258789, 173.0599365234375, 28.31999969482422, 244.4599609375), 1)
  ('re', Rect(27.84000015258789, 244.46002197265625, 28.31999969482422, 244.94000244140625), 1)
  ('re', Rect(27.84000015258789, 244.46002197265625, 28.31999969482422, 244.94000244140625), 1)
  ('re', Rect(28.31999969482422, 244.46002197265625, 545.1400146484375, 244.94000244140625), 1)
  ('re', Rect(545.1400146484375, 173.0599365234375, 545.6200561523438, 244.4599609375), 1)
  ('re', Rect(545.1400146484375, 244.46002197265625, 545.6200561523438, 244.94000244140625), 1)
  ('re', Rect(545.1400146484375, 244.46002197265625, 545.6200561523438, 244.94000244140625), 1)
  ('re', Rect(26.639999389648438, 244.94000244140625, 547.2999877929688, 257.53997802734375), 1)
  ('re', Rect(26.639999389648438, 257.54595947265625, 547.2999877929688, 274.8499755859375), 1)
  ('re', Rect(507.70001220703125, 284.09002685546875, 541.4200439453125, 293.80999755859375), 1)
  ('re', Rect(507.70001220703125, 293.8099365234375, 541.4200439453125, 303.64996337890625), 1)
  ('re', Rect(454.7799987792969, 284.09002685546875, 499.8999938964844, 293.80999755859375), 1)
  ('re', Rect(454.7799987792969, 293.8099365234375, 499.8999938964844, 303.64996337890625), 1)
  ('re', Rect(381.7900085449219, 279.16998291015625, 446.85400390625, 289.010009765625), 1)
  ('re', Rect(381.7900085449219, 289.010009765625, 446.85400390625, 298.72998046875), 1)
  ('re', Rect(381.7900085449219, 298.72998046875, 446.85400390625, 308.57000732421875), 1)
  ('re', Rect(329.5899963378906, 284.09002685546875, 373.75, 293.80999755859375), 1)
  ('re', Rect(329.5899963378906, 293.8099365234375, 373.75, 303.64996337890625), 1)
  ('re', Rect(275.80999755859375, 284.09002685546875, 321.79400634765625, 293.80999755859375), 1)
  ('re', Rect(275.80999755859375, 293.8099365234375, 321.79400634765625, 303.64996337890625), 1)
  ('re', Rect(212.2100067138672, 284.09002685546875, 267.77001953125, 293.80999755859375), 1)
  ('re', Rect(212.2100067138672, 293.8099365234375, 267.77001953125, 303.64996337890625), 1)
  ('re', Rect(165.97999572753906, 284.09002685546875, 204.28399658203125, 293.80999755859375), 1)
  ('re', Rect(165.97999572753906, 293.8099365234375, 204.28399658203125, 303.64996337890625), 1)
  ('re', Rect(32.15999984741211, 278.929931640625, 158.05999755859375, 288.76995849609375), 1)
  ('re', Rect(27.84000015258789, 274.8499755859375, 28.31999969482422, 275.3299560546875), 1)
  ('re', Rect(27.84000015258789, 274.8499755859375, 28.31999969482422, 275.3299560546875), 1)
  ('re', Rect(28.31999969482422, 274.8499755859375, 161.66000366210938, 275.3299560546875), 1)
  ('re', Rect(161.66000366210938, 274.8499755859375, 162.13999938964844, 275.3299560546875), 1)
  ('re', Rect(162.13999938964844, 274.8499755859375, 207.88400268554688, 275.3299560546875), 1)
  ('re', Rect(207.88999938964844, 274.8499755859375, 208.3699951171875, 275.3299560546875), 1)
  ('re', Rect(208.3699951171875, 274.8499755859375, 271.489990234375, 275.3299560546875), 1)
  ('re', Rect(271.489990234375, 274.8499755859375, 271.9700012207031, 275.3299560546875), 1)
  ('re', Rect(271.9700012207031, 274.8499755859375, 325.3940124511719, 275.3299560546875), 1)
  ('re', Rect(325.3900146484375, 274.8499755859375, 325.8700256347656, 275.3299560546875), 1)
  ('re', Rect(325.8699951171875, 274.8499755859375, 377.4700012207031, 275.3299560546875), 1)
  ('re', Rect(377.4700012207031, 274.8499755859375, 377.9499816894531, 275.3299560546875), 1)
  ('re', Rect(377.95001220703125, 274.8499755859375, 450.4540100097656, 275.3299560546875), 1)
  ('re', Rect(450.4599914550781, 274.8499755859375, 450.94000244140625, 275.3299560546875), 1)
  ('re', Rect(450.94000244140625, 274.8499755859375, 503.5, 275.3299560546875), 1)
  ('re', Rect(503.5, 274.8499755859375, 503.9800109863281, 275.3299560546875), 1)
  ('re', Rect(503.9800109863281, 274.8499755859375, 545.1400146484375, 275.3299560546875), 1)
  ('re', Rect(545.1400146484375, 274.8499755859375, 545.6200561523438, 275.3299560546875), 1)
  ('re', Rect(545.1400146484375, 274.8499755859375, 545.6200561523438, 275.3299560546875), 1)
  ('re', Rect(27.84000015258789, 275.33001708984375, 28.31999969482422, 292.3699951171875), 1)
  ('re', Rect(161.66000366210938, 275.33001708984375, 162.13999938964844, 292.3699951171875), 1)
  ('re', Rect(207.88999938964844, 275.33001708984375, 208.3699951171875, 292.3699951171875), 1)
  ('re', Rect(271.489990234375, 275.33001708984375, 271.9700012207031, 292.3699951171875), 1)
  ('re', Rect(325.3900146484375, 275.33001708984375, 325.8700256347656, 292.3699951171875), 1)
  ('re', Rect(377.4700012207031, 275.33001708984375, 377.9499816894531, 292.3699951171875), 1)
  ('re', Rect(450.4599914550781, 275.33001708984375, 450.94000244140625, 292.3699951171875), 1)
  ('re', Rect(503.5, 275.33001708984375, 503.9800109863281, 292.3699951171875), 1)
  ('re', Rect(545.1400146484375, 275.33001708984375, 545.6200561523438, 292.3699951171875), 1)
  ('re', Rect(111.5, 292.85003662109375, 158.05999755859375, 302.57000732421875), 1)
  ('re', Rect(111.5, 302.5699462890625, 158.05999755859375, 312.40997314453125), 1)
  ('re', Rect(69.02400207519531, 292.85003662109375, 103.58399963378906, 302.57000732421875), 1)
  ('re', Rect(69.02400207519531, 302.5699462890625, 103.58399963378906, 312.40997314453125), 1)
  ('re', Rect(32.040000915527344, 292.85003662109375, 60.959999084472656, 302.57000732421875), 1)
  ('re', Rect(32.040000915527344, 302.5699462890625, 60.959999084472656, 312.40997314453125), 1)
  ('re', Rect(27.84000015258789, 292.3699951171875, 28.31999969482422, 292.8499755859375), 1)
  ('re', Rect(28.31999969482422, 292.3699951171875, 64.70399475097656, 292.8499755859375), 1)
  ('re', Rect(64.7040023803711, 292.3699951171875, 65.18400573730469, 292.8499755859375), 1)
  ('re', Rect(65.18399810791016, 292.3699951171875, 107.18399810791016, 292.8499755859375), 1)
  ('re', Rect(107.18000030517578, 292.3699951171875, 107.66000366210938, 292.8499755859375), 1)
  ('re', Rect(107.66000366210938, 292.3699951171875, 161.66000366210938, 292.8499755859375), 1)
  ('re', Rect(161.66000366210938, 292.3699951171875, 162.13999938964844, 292.8499755859375), 1)
  ('re', Rect(207.88999938964844, 292.3699951171875, 208.3699951171875, 292.8499755859375), 1)
  ('re', Rect(271.489990234375, 292.3699951171875, 271.9700012207031, 292.8499755859375), 1)
  ('re', Rect(325.3900146484375, 292.3699951171875, 325.8700256347656, 292.8499755859375), 1)
  ('re', Rect(377.4700012207031, 292.3699951171875, 377.9499816894531, 292.8499755859375), 1)
  ('re', Rect(450.4599914550781, 292.3699951171875, 450.94000244140625, 292.8499755859375), 1)
  ('re', Rect(503.5, 292.3699951171875, 503.9800109863281, 292.8499755859375), 1)
  ('re', Rect(545.1400146484375, 292.3699951171875, 545.6200561523438, 292.8499755859375), 1)
  ('re', Rect(27.84000015258789, 292.8499755859375, 28.31999969482422, 312.40997314453125), 1)
  ('re', Rect(64.7040023803711, 292.8499755859375, 65.18400573730469, 312.40997314453125), 1)
  ('re', Rect(107.18000030517578, 292.8499755859375, 107.66000366210938, 312.40997314453125), 1)
  ('re', Rect(161.66000366210938, 292.8499755859375, 162.13999938964844, 312.40997314453125), 1)
  ('re', Rect(207.88999938964844, 292.8499755859375, 208.3699951171875, 312.40997314453125), 1)
  ('re', Rect(271.489990234375, 292.8499755859375, 271.9700012207031, 312.40997314453125), 1)
  ('re', Rect(325.3900146484375, 292.8499755859375, 325.8700256347656, 312.40997314453125), 1)
  ('re', Rect(377.4700012207031, 292.8499755859375, 377.9499816894531, 312.40997314453125), 1)
  ('re', Rect(450.4599914550781, 292.8499755859375, 450.94000244140625, 312.40997314453125), 1)
  ('re', Rect(503.5, 292.8499755859375, 503.9800109863281, 312.40997314453125), 1)
  ('re', Rect(545.1400146484375, 292.8499755859375, 545.6200561523438, 312.40997314453125), 1)
  ('re', Rect(507.70001220703125, 312.8900146484375, 541.4200439453125, 326.69000244140625), 1)
  ('re', Rect(454.7799987792969, 312.8900146484375, 499.8999938964844, 326.69000244140625), 1)
  ('re', Rect(381.7900085449219, 312.8900146484375, 446.85400390625, 326.69000244140625), 1)
  ('re', Rect(329.5899963378906, 312.8900146484375, 373.75, 326.69000244140625), 1)
  ('re', Rect(275.80999755859375, 312.8900146484375, 321.79400634765625, 326.69000244140625), 1)
  ('re', Rect(212.2100067138672, 312.8900146484375, 267.77001953125, 326.69000244140625), 1)
  ('re', Rect(165.97999572753906, 312.8900146484375, 204.28399658203125, 326.69000244140625), 1)
  ('re', Rect(111.5, 312.8900146484375, 158.05999755859375, 326.69000244140625), 1)
  ('re', Rect(69.02400207519531, 312.8900146484375, 103.58399963378906, 322.6099853515625), 1)
  ('re', Rect(32.040000915527344, 312.8900146484375, 60.959999084472656, 322.6099853515625), 1)
  ('re', Rect(27.84000015258789, 312.40997314453125, 28.31999969482422, 312.88995361328125), 1)
  ('re', Rect(28.31999969482422, 312.40997314453125, 64.70399475097656, 312.88995361328125), 1)
  ('re', Rect(64.7040023803711, 312.40997314453125, 65.18400573730469, 312.88995361328125), 1)
  ('re', Rect(65.18399810791016, 312.40997314453125, 107.18399810791016, 312.88995361328125), 1)
  ('re', Rect(107.18000030517578, 312.40997314453125, 107.66000366210938, 312.88995361328125), 1)
  ('re', Rect(107.66000366210938, 312.40997314453125, 161.66000366210938, 312.88995361328125), 1)
  ('re', Rect(161.66000366210938, 312.40997314453125, 162.13999938964844, 312.88995361328125), 1)
  ('re', Rect(162.13999938964844, 312.40997314453125, 207.88400268554688, 312.88995361328125), 1)
  ('re', Rect(207.88999938964844, 312.40997314453125, 208.3699951171875, 312.88995361328125), 1)
  ('re', Rect(208.3699951171875, 312.40997314453125, 271.489990234375, 312.88995361328125), 1)
  ('re', Rect(271.489990234375, 312.40997314453125, 271.9700012207031, 312.88995361328125), 1)
  ('re', Rect(271.9700012207031, 312.40997314453125, 325.3940124511719, 312.88995361328125), 1)
  ('re', Rect(325.3900146484375, 312.40997314453125, 325.8700256347656, 312.88995361328125), 1)
  ('re', Rect(325.8699951171875, 312.40997314453125, 377.4700012207031, 312.88995361328125), 1)
  ('re', Rect(377.4700012207031, 312.40997314453125, 377.9499816894531, 312.88995361328125), 1)
  ('re', Rect(377.95001220703125, 312.40997314453125, 450.4540100097656, 312.88995361328125), 1)
  ('re', Rect(450.4599914550781, 312.40997314453125, 450.94000244140625, 312.88995361328125), 1)
  ('re', Rect(450.94000244140625, 312.40997314453125, 503.5, 312.88995361328125), 1)
  ('re', Rect(503.5, 312.40997314453125, 503.9800109863281, 312.88995361328125), 1)
  ('re', Rect(503.9800109863281, 312.40997314453125, 545.1400146484375, 312.88995361328125), 1)
  ('re', Rect(545.1400146484375, 312.40997314453125, 545.6200561523438, 312.88995361328125), 1)
  ('re', Rect(27.84000015258789, 312.8900146484375, 28.31999969482422, 329.92999267578125), 1)
  ('re', Rect(27.84000015258789, 329.92999267578125, 28.31999969482422, 330.40997314453125), 1)
  ('re', Rect(27.84000015258789, 329.92999267578125, 28.31999969482422, 330.40997314453125), 1)
  ('re', Rect(28.31999969482422, 329.92999267578125, 64.70399475097656, 330.40997314453125), 1)
  ('re', Rect(64.7040023803711, 312.8900146484375, 65.18400573730469, 329.92999267578125), 1)
  ('re', Rect(64.7040023803711, 329.92999267578125, 65.18400573730469, 330.40997314453125), 1)
  ('re', Rect(65.18399810791016, 329.92999267578125, 107.18399810791016, 330.40997314453125), 1)
  ('re', Rect(107.18000030517578, 312.8900146484375, 107.66000366210938, 329.92999267578125), 1)
  ('re', Rect(107.18000030517578, 329.92999267578125, 107.66000366210938, 330.40997314453125), 1)
  ('re', Rect(107.66000366210938, 329.92999267578125, 161.66000366210938, 330.40997314453125), 1)
  ('re', Rect(161.66000366210938, 312.8900146484375, 162.13999938964844, 329.92999267578125), 1)
  ('re', Rect(161.66000366210938, 329.92999267578125, 162.13999938964844, 330.40997314453125), 1)
  ('re', Rect(162.13999938964844, 329.92999267578125, 207.88400268554688, 330.40997314453125), 1)
  ('re', Rect(207.88999938964844, 312.8900146484375, 208.3699951171875, 329.92999267578125), 1)
  ('re', Rect(207.88999938964844, 329.92999267578125, 208.3699951171875, 330.40997314453125), 1)
  ('re', Rect(208.3699951171875, 329.92999267578125, 271.489990234375, 330.40997314453125), 1)
  ('re', Rect(271.489990234375, 312.8900146484375, 271.9700012207031, 329.92999267578125), 1)
  ('re', Rect(271.489990234375, 329.92999267578125, 271.9700012207031, 330.40997314453125), 1)
  ('re', Rect(271.9700012207031, 329.92999267578125, 325.3940124511719, 330.40997314453125), 1)
  ('re', Rect(325.3900146484375, 312.8900146484375, 325.8700256347656, 329.92999267578125), 1)
  ('re', Rect(325.3900146484375, 329.92999267578125, 325.8700256347656, 330.40997314453125), 1)
  ('re', Rect(325.8699951171875, 329.92999267578125, 377.4700012207031, 330.40997314453125), 1)
  ('re', Rect(377.4700012207031, 312.8900146484375, 377.9499816894531, 329.92999267578125), 1)
  ('re', Rect(377.4700012207031, 329.92999267578125, 377.9499816894531, 330.40997314453125), 1)
  ('re', Rect(377.95001220703125, 329.92999267578125, 450.4540100097656, 330.40997314453125), 1)
  ('re', Rect(450.4599914550781, 312.8900146484375, 450.94000244140625, 329.92999267578125), 1)
  ('re', Rect(450.4599914550781, 329.92999267578125, 450.94000244140625, 330.40997314453125), 1)
  ('re', Rect(450.94000244140625, 329.92999267578125, 503.5, 330.40997314453125), 1)
  ('re', Rect(503.5, 312.8900146484375, 503.9800109863281, 329.92999267578125), 1)
  ('re', Rect(503.5, 329.92999267578125, 503.9800109863281, 330.40997314453125), 1)
  ('re', Rect(503.9800109863281, 329.92999267578125, 545.1400146484375, 330.40997314453125), 1)
  ('re', Rect(545.1400146484375, 312.8900146484375, 545.6200561523438, 329.92999267578125), 1)
  ('re', Rect(545.1400146484375, 329.92999267578125, 545.6200561523438, 330.40997314453125), 1)
  ('re', Rect(545.1400146484375, 329.92999267578125, 545.6200561523438, 330.40997314453125), 1)
  ('re', Rect(28.079999923706055, 341.9299621582031, 573.9600219726562, 360.52996826171875), 1)
  ('re', Rect(33.47999954223633, 341.9299621582031, 568.5399780273438, 360.52996826171875), 1)
  ('re', Rect(316.010009765625, 370.72998046875, 570.0999755859375, 383.3299865722656), 1)
  ('re', Rect(234.52999877929688, 370.72998046875, 308.0899963378906, 383.3299865722656), 1)
  ('re', Rect(101.9000015258789, 370.72998046875, 226.60000610351562, 383.3299865722656), 1)
  ('re', Rect(32.15999984741211, 370.72998046875, 94.10400390625, 383.3299865722656), 1)
  ('re', Rect(27.84000015258789, 366.28997802734375, 28.31999969482422, 366.7699890136719), 1)
  ('re', Rect(27.84000015258789, 366.28997802734375, 28.31999969482422, 366.7699890136719), 1)
  ('re', Rect(28.31999969482422, 366.28997802734375, 97.7040023803711, 366.7699890136719), 1)
  ('re', Rect(97.7040023803711, 366.28997802734375, 98.18400573730469, 366.7699890136719), 1)
  ('re', Rect(98.18399810791016, 366.28997802734375, 230.32400512695312, 366.7699890136719), 1)
  ('re', Rect(230.3300018310547, 366.28997802734375, 230.80999755859375, 366.7699890136719), 1)
  ('re', Rect(230.80999755859375, 366.28997802734375, 311.69000244140625, 366.7699890136719), 1)
  ('re', Rect(311.69000244140625, 366.28997802734375, 312.1700134277344, 366.7699890136719), 1)
  ('re', Rect(312.1700134277344, 366.28997802734375, 573.719970703125, 366.7699890136719), 1)
  ('re', Rect(573.719970703125, 366.28997802734375, 574.199951171875, 366.7699890136719), 1)
  ('re', Rect(573.719970703125, 366.28997802734375, 574.199951171875, 366.7699890136719), 1)
  ('re', Rect(27.84000015258789, 366.7699890136719, 28.31999969482422, 387.16998291015625), 1)
  ('re', Rect(97.7040023803711, 366.7699890136719, 98.18400573730469, 387.16998291015625), 1)
  ('re', Rect(230.3300018310547, 366.7699890136719, 230.80999755859375, 387.16998291015625), 1)
  ('re', Rect(311.69000244140625, 366.7699890136719, 312.1700134277344, 387.16998291015625), 1)
  ('re', Rect(573.719970703125, 366.7699890136719, 574.199951171875, 387.16998291015625), 1)
  ('re', Rect(316.010009765625, 387.7699890136719, 569.8599853515625, 400.3699951171875), 1)
  ('re', Rect(316.010009765625, 400.3699645996094, 569.8599853515625, 412.969970703125), 1)
  ('re', Rect(234.52999877929688, 394.0099792480469, 308.0899963378906, 406.72998046875), 1)
  ('re', Rect(32.15999984741211, 394.0099792480469, 94.10400390625, 406.72998046875), 1)
  ('re', Rect(27.84000015258789, 387.16998291015625, 28.31999969482422, 387.6499938964844), 1)
  ('re', Rect(28.31999969482422, 387.16998291015625, 97.7040023803711, 387.6499938964844), 1)
  ('re', Rect(97.7040023803711, 387.16998291015625, 98.18400573730469, 387.6499938964844), 1)
  ('re', Rect(98.18399810791016, 387.16998291015625, 230.32400512695312, 387.6499938964844), 1)
  ('re', Rect(230.3300018310547, 387.16998291015625, 230.80999755859375, 387.6499938964844), 1)
  ('re', Rect(230.80999755859375, 387.16998291015625, 311.69000244140625, 387.6499938964844), 1)
  ('re', Rect(311.69000244140625, 387.16998291015625, 312.1700134277344, 387.6499938964844), 1)
  ('re', Rect(312.1700134277344, 387.16998291015625, 573.719970703125, 387.6499938964844), 1)
  ('re', Rect(573.719970703125, 387.16998291015625, 574.199951171875, 387.6499938964844), 1)
  ('re', Rect(27.84000015258789, 387.64996337890625, 28.31999969482422, 412.969970703125), 1)
  ('re', Rect(97.7040023803711, 387.64996337890625, 98.18400573730469, 412.969970703125), 1)
  ('re', Rect(230.3300018310547, 387.64996337890625, 230.80999755859375, 412.969970703125), 1)
  ('re', Rect(311.69000244140625, 387.64996337890625, 312.1700134277344, 412.969970703125), 1)
  ('re', Rect(573.719970703125, 387.64996337890625, 574.199951171875, 412.969970703125), 1)
  ('re', Rect(316.010009765625, 414.52996826171875, 569.8599853515625, 427.1299743652344), 1)
  ('re', Rect(317.4700012207031, 414.16998291015625, 520.530029296875, 427.1299743652344), 1)
  ('re', Rect(316.010009765625, 427.1299743652344, 569.8599853515625, 439.8499755859375), 1)
  ('re', Rect(482.0199890136719, 426.52996826171875, 552.8200073242188, 439.72998046875), 1)
  ('re', Rect(234.52999877929688, 420.7699890136719, 308.0899963378906, 433.489990234375), 1)
  ('re', Rect(101.9000015258789, 420.7699890136719, 226.60000610351562, 433.489990234375), 1)
  ('re', Rect(32.15999984741211, 420.7699890136719, 94.10400390625, 433.489990234375), 1)
  ('re', Rect(27.84000015258789, 412.9700012207031, 28.31999969482422, 413.4499816894531), 1)
  ('re', Rect(28.31999969482422, 412.9700012207031, 97.7040023803711, 413.4499816894531), 1)
  ('re', Rect(97.7040023803711, 412.9700012207031, 98.18400573730469, 413.4499816894531), 1)
  ('re', Rect(98.18399810791016, 412.9700012207031, 230.32400512695312, 413.4499816894531), 1)
  ('re', Rect(230.3300018310547, 412.9700012207031, 230.80999755859375, 413.4499816894531), 1)
  ('re', Rect(230.80999755859375, 412.9700012207031, 311.69000244140625, 413.4499816894531), 1)
  ('re', Rect(311.69000244140625, 412.9700012207031, 312.1700134277344, 413.4499816894531), 1)
  ('re', Rect(312.1700134277344, 412.9700012207031, 573.719970703125, 413.4499816894531), 1)
  ('re', Rect(573.719970703125, 412.9700012207031, 574.199951171875, 413.4499816894531), 1)
  ('re', Rect(27.84000015258789, 413.45001220703125, 28.31999969482422, 440.80999755859375), 1)
  ('re', Rect(97.7040023803711, 413.45001220703125, 98.18400573730469, 440.80999755859375), 1)
  ('re', Rect(230.3300018310547, 413.45001220703125, 230.80999755859375, 440.80999755859375), 1)
  ('re', Rect(311.69000244140625, 413.45001220703125, 312.1700134277344, 440.80999755859375), 1)
  ('re', Rect(573.719970703125, 413.45001220703125, 574.199951171875, 440.80999755859375), 1)
  ('re', Rect(316.010009765625, 442.2460021972656, 569.8599853515625, 454.989990234375), 1)
  ('re', Rect(317.4700012207031, 441.885986328125, 552.8099975585938, 454.8699951171875), 1)
  ('re', Rect(316.010009765625, 454.989990234375, 569.8599853515625, 467.7099914550781), 1)
  ('re', Rect(412.8699951171875, 454.3899841308594, 552.8099975585938, 467.5899963378906), 1)
  ('re', Rect(234.52999877929688, 448.6299743652344, 308.0899963378906, 461.3499755859375), 1)
  ('re', Rect(101.9000015258789, 448.02996826171875, 226.60000610351562, 461.9499816894531), 1)
  ('re', Rect(32.15999984741211, 448.6299743652344, 94.10400390625, 461.3499755859375), 1)
  ('re', Rect(27.84000015258789, 440.80999755859375, 28.31999969482422, 441.28997802734375), 1)
  ('re', Rect(28.31999969482422, 440.80999755859375, 97.7040023803711, 441.28997802734375), 1)
  ('re', Rect(97.7040023803711, 440.80999755859375, 98.18400573730469, 441.28997802734375), 1)
  ('re', Rect(98.18399810791016, 440.80999755859375, 230.32400512695312, 441.28997802734375), 1)
  ('re', Rect(230.3300018310547, 440.80999755859375, 230.80999755859375, 441.28997802734375), 1)
  ('re', Rect(230.80999755859375, 440.80999755859375, 311.69000244140625, 441.28997802734375), 1)
  ('re', Rect(311.69000244140625, 440.80999755859375, 312.1700134277344, 441.28997802734375), 1)
  ('re', Rect(312.1700134277344, 440.80999755859375, 573.719970703125, 441.28997802734375), 1)
  ('re', Rect(573.719970703125, 440.80999755859375, 574.199951171875, 441.28997802734375), 1)
  ('re', Rect(27.84000015258789, 441.2859802246094, 28.31999969482422, 468.66998291015625), 1)
  ('re', Rect(97.7040023803711, 441.2859802246094, 98.18400573730469, 468.66998291015625), 1)
  ('re', Rect(230.3300018310547, 441.2859802246094, 230.80999755859375, 468.66998291015625), 1)
  ('re', Rect(311.69000244140625, 441.2859802246094, 312.1700134277344, 468.66998291015625), 1)
  ('re', Rect(573.719970703125, 441.2859802246094, 574.199951171875, 468.66998291015625), 1)
  ('re', Rect(316.010009765625, 470.7099914550781, 569.8599853515625, 483.42999267578125), 1)
  ('re', Rect(234.52999877929688, 470.1099548339844, 308.0899963378906, 484.02996826171875), 1)
  ('re', Rect(101.9000015258789, 470.1099548339844, 226.60000610351562, 484.02996826171875), 1)
  ('re', Rect(32.15999984741211, 470.1099548339844, 94.10400390625, 484.02996826171875), 1)
  ('re', Rect(27.84000015258789, 468.66998291015625, 28.31999969482422, 469.1499938964844), 1)
  ('re', Rect(28.31999969482422, 468.66998291015625, 97.7040023803711, 469.1499938964844), 1)
  ('re', Rect(97.7040023803711, 468.66998291015625, 98.18400573730469, 469.1499938964844), 1)
  ('re', Rect(98.18399810791016, 468.66998291015625, 230.32400512695312, 469.1499938964844), 1)
  ('re', Rect(230.3300018310547, 468.66998291015625, 230.80999755859375, 469.1499938964844), 1)
  ('re', Rect(230.80999755859375, 468.66998291015625, 311.69000244140625, 469.1499938964844), 1)
  ('re', Rect(311.69000244140625, 468.66998291015625, 312.1700134277344, 469.1499938964844), 1)
  ('re', Rect(312.1700134277344, 468.66998291015625, 573.719970703125, 469.1499938964844), 1)
  ('re', Rect(573.719970703125, 468.66998291015625, 574.199951171875, 469.1499938964844), 1)
  ('re', Rect(27.84000015258789, 469.1499938964844, 28.31999969482422, 484.989990234375), 1)
  ('re', Rect(97.7040023803711, 469.1499938964844, 98.18400573730469, 484.989990234375), 1)
  ('re', Rect(230.3300018310547, 469.1499938964844, 230.80999755859375, 484.989990234375), 1)
  ('re', Rect(311.69000244140625, 469.1499938964844, 312.1700134277344, 484.989990234375), 1)
  ('re', Rect(573.719970703125, 469.1499938964844, 574.199951171875, 484.989990234375), 1)
  ('re', Rect(316.010009765625, 486.0699768066406, 552.0999755859375, 499.6299743652344), 1)
  ('re', Rect(234.52999877929688, 485.9499816894531, 308.0899963378906, 499.7499694824219), 1)
  ('re', Rect(101.9000015258789, 485.9499816894531, 226.60000610351562, 499.7499694824219), 1)
  ('re', Rect(32.15999984741211, 485.9499816894531, 94.10400390625, 499.7499694824219), 1)
  ('re', Rect(27.84000015258789, 484.989990234375, 28.31999969482422, 500.7099914550781), 1)
  ('re', Rect(97.7040023803711, 484.989990234375, 98.18400573730469, 500.7099914550781), 1)
  ('re', Rect(230.3300018310547, 484.989990234375, 230.80999755859375, 500.7099914550781), 1)
  ('re', Rect(311.69000244140625, 484.989990234375, 312.1700134277344, 500.7099914550781), 1)
  ('re', Rect(573.719970703125, 484.989990234375, 574.199951171875, 500.7099914550781), 1)
  ('re', Rect(316.010009765625, 501.66998291015625, 530.260009765625, 514.3900146484375), 1)
  ('re', Rect(234.52999877929688, 501.66998291015625, 308.0899963378906, 514.3900146484375), 1)
  ('re', Rect(101.9000015258789, 501.66998291015625, 226.60000610351562, 514.3900146484375), 1)
  ('re', Rect(32.15999984741211, 501.66998291015625, 94.10400390625, 514.3900146484375), 1)
  ('re', Rect(27.84000015258789, 500.7099609375, 28.31999969482422, 515.3499755859375), 1)
  ('re', Rect(97.7040023803711, 500.7099609375, 98.18400573730469, 515.3499755859375), 1)
  ('re', Rect(230.3300018310547, 500.7099609375, 230.80999755859375, 515.3499755859375), 1)
  ('re', Rect(311.69000244140625, 500.7099609375, 312.1700134277344, 515.3499755859375), 1)
  ('re', Rect(573.719970703125, 500.7099609375, 574.199951171875, 515.3499755859375), 1)
  ('re', Rect(316.010009765625, 516.3099365234375, 530.260009765625, 529.0299682617188), 1)
  ('re', Rect(234.52999877929688, 516.3099365234375, 308.0899963378906, 529.0299682617188), 1)
  ('re', Rect(101.9000015258789, 516.3099365234375, 226.60000610351562, 529.0299682617188), 1)
  ('re', Rect(32.15999984741211, 516.3099365234375, 94.10400390625, 529.0299682617188), 1)
  ('re', Rect(27.84000015258789, 515.3499755859375, 28.31999969482422, 529.989990234375), 1)
  ('re', Rect(97.7040023803711, 515.3499755859375, 98.18400573730469, 529.989990234375), 1)
  ('re', Rect(230.3300018310547, 515.3499755859375, 230.80999755859375, 529.989990234375), 1)
  ('re', Rect(311.69000244140625, 515.3499755859375, 312.1700134277344, 529.989990234375), 1)
  ('re', Rect(573.719970703125, 515.3499755859375, 574.199951171875, 529.989990234375), 1)
  ('re', Rect(316.010009765625, 531.18994140625, 552.0999755859375, 544.75), 1)
  ('re', Rect(234.52999877929688, 530.949951171875, 308.0899963378906, 544.8699951171875), 1)
  ('re', Rect(101.9000015258789, 530.949951171875, 226.60000610351562, 544.8699951171875), 1)
  ('re', Rect(32.15999984741211, 530.949951171875, 94.10400390625, 544.8699951171875), 1)
  ('re', Rect(27.84000015258789, 529.989990234375, 28.31999969482422, 545.8299560546875), 1)
  ('re', Rect(97.7040023803711, 529.989990234375, 98.18400573730469, 545.8299560546875), 1)
  ('re', Rect(230.3300018310547, 529.989990234375, 230.80999755859375, 545.8299560546875), 1)
  ('re', Rect(311.69000244140625, 529.989990234375, 312.1700134277344, 545.8299560546875), 1)
  ('re', Rect(573.719970703125, 529.989990234375, 574.199951171875, 545.8299560546875), 1)
  ('re', Rect(316.010009765625, 547.27001953125, 530.260009765625, 559.989990234375), 1)
  ('re', Rect(234.52999877929688, 547.27001953125, 308.0899963378906, 559.989990234375), 1)
  ('re', Rect(101.9000015258789, 546.7899780273438, 226.60000610351562, 560.3499755859375), 1)
  ('re', Rect(32.15999984741211, 547.27001953125, 94.10400390625, 559.989990234375), 1)
  ('re', Rect(27.84000015258789, 545.8299560546875, 28.31999969482422, 561.3099975585938), 1)
  ('re', Rect(97.7040023803711, 545.8299560546875, 98.18400573730469, 561.3099975585938), 1)
  ('re', Rect(230.3300018310547, 545.8299560546875, 230.80999755859375, 561.3099975585938), 1)
  ('re', Rect(311.69000244140625, 545.8299560546875, 312.1700134277344, 561.3099975585938), 1)
  ('re', Rect(573.719970703125, 545.8299560546875, 574.199951171875, 561.3099975585938), 1)
  ('re', Rect(316.010009765625, 562.6300048828125, 530.260009765625, 575.469970703125), 1)
  ('re', Rect(234.52999877929688, 562.6300048828125, 308.0899963378906, 575.469970703125), 1)
  ('re', Rect(101.9000015258789, 562.27001953125, 226.60000610351562, 575.8299560546875), 1)
  ('re', Rect(32.15999984741211, 562.6300048828125, 94.10400390625, 575.469970703125), 1)
  ('re', Rect(27.84000015258789, 561.3099365234375, 28.31999969482422, 576.7899780273438), 1)
  ('re', Rect(97.7040023803711, 561.3099365234375, 98.18400573730469, 576.7899780273438), 1)
  ('re', Rect(230.3300018310547, 561.3099365234375, 230.80999755859375, 576.7899780273438), 1)
  ('re', Rect(311.69000244140625, 561.3099365234375, 312.1700134277344, 576.7899780273438), 1)
  ('re', Rect(573.719970703125, 561.3099365234375, 574.199951171875, 576.7899780273438), 1)
  ('re', Rect(316.010009765625, 578.22998046875, 569.8599853515625, 590.949951171875), 1)
  ('re', Rect(234.52999877929688, 578.22998046875, 308.0899963378906, 590.949951171875), 1)
  ('re', Rect(101.9000015258789, 578.22998046875, 226.60000610351562, 590.949951171875), 1)
  ('re', Rect(32.15999984741211, 578.22998046875, 94.10400390625, 590.949951171875), 1)
  ('re', Rect(27.84000015258789, 576.7899169921875, 28.31999969482422, 577.27001953125), 1)
  ('re', Rect(28.31999969482422, 576.7899169921875, 97.7040023803711, 577.27001953125), 1)
  ('re', Rect(97.7040023803711, 576.7899169921875, 98.18400573730469, 577.27001953125), 1)
  ('re', Rect(98.18399810791016, 576.7899169921875, 230.32400512695312, 577.27001953125), 1)
  ('re', Rect(230.3300018310547, 576.7899169921875, 230.80999755859375, 577.27001953125), 1)
  ('re', Rect(230.80999755859375, 576.7899169921875, 311.69000244140625, 577.27001953125), 1)
  ('re', Rect(311.69000244140625, 576.7899169921875, 312.1700134277344, 577.27001953125), 1)
  ('re', Rect(312.1700134277344, 576.7899169921875, 573.719970703125, 577.27001953125), 1)
  ('re', Rect(573.719970703125, 576.7899169921875, 574.199951171875, 577.27001953125), 1)
  ('re', Rect(27.84000015258789, 577.27001953125, 28.31999969482422, 591.9099731445312), 1)
  ('re', Rect(97.7040023803711, 577.27001953125, 98.18400573730469, 591.9099731445312), 1)
  ('re', Rect(230.3300018310547, 577.27001953125, 230.80999755859375, 591.9099731445312), 1)
  ('re', Rect(311.69000244140625, 577.27001953125, 312.1700134277344, 591.9099731445312), 1)
  ('re', Rect(573.719970703125, 577.27001953125, 574.199951171875, 591.9099731445312), 1)
  ('re', Rect(316.010009765625, 593.3499755859375, 569.8599853515625, 606.0699462890625), 1)
  ('re', Rect(316.010009765625, 606.0699462890625, 569.8599853515625, 618.7899780273438), 1)
  ('re', Rect(316.010009765625, 618.7960205078125, 569.8599853515625, 631.4199829101562), 1)
  ('re', Rect(234.52999877929688, 606.0699462890625, 308.0899963378906, 618.7899780273438), 1)
  ('re', Rect(101.9000015258789, 606.0699462890625, 226.60000610351562, 618.7899780273438), 1)
  ('re', Rect(32.15999984741211, 606.0699462890625, 94.10400390625, 618.7899780273438), 1)
  ('re', Rect(27.84000015258789, 591.909912109375, 28.31999969482422, 592.3900146484375), 1)
  ('re', Rect(28.31999969482422, 591.909912109375, 97.7040023803711, 592.3900146484375), 1)
  ('re', Rect(97.7040023803711, 591.909912109375, 98.18400573730469, 592.3900146484375), 1)
  ('re', Rect(98.18399810791016, 591.909912109375, 230.32400512695312, 592.3900146484375), 1)
  ('re', Rect(230.3300018310547, 591.909912109375, 230.80999755859375, 592.3900146484375), 1)
  ('re', Rect(230.80999755859375, 591.909912109375, 311.69000244140625, 592.3900146484375), 1)
  ('re', Rect(311.69000244140625, 591.909912109375, 312.1700134277344, 592.3900146484375), 1)
  ('re', Rect(312.1700134277344, 591.909912109375, 573.719970703125, 592.3900146484375), 1)
  ('re', Rect(573.719970703125, 591.909912109375, 574.199951171875, 592.3900146484375), 1)
  ('re', Rect(27.84000015258789, 592.39599609375, 28.31999969482422, 632.3800048828125), 1)
  ('re', Rect(97.7040023803711, 592.39599609375, 98.18400573730469, 632.3800048828125), 1)
  ('re', Rect(230.3300018310547, 592.39599609375, 230.80999755859375, 632.3800048828125), 1)
  ('re', Rect(311.69000244140625, 592.39599609375, 312.1700134277344, 632.3800048828125), 1)
  ('re', Rect(573.719970703125, 592.39599609375, 574.199951171875, 632.3800048828125), 1)
  ('re', Rect(316.010009765625, 633.8200073242188, 569.8599853515625, 646.6599731445312), 1)
  ('re', Rect(234.52999877929688, 633.8200073242188, 308.0899963378906, 646.6599731445312), 1)
  ('re', Rect(101.9000015258789, 633.8200073242188, 226.60000610351562, 646.6599731445312), 1)
  ('re', Rect(32.15999984741211, 633.8200073242188, 94.10400390625, 646.6599731445312), 1)
  ('re', Rect(27.84000015258789, 632.3799438476562, 28.31999969482422, 632.8599853515625), 1)
  ('re', Rect(28.31999969482422, 632.3799438476562, 97.7040023803711, 632.8599853515625), 1)
  ('re', Rect(97.7040023803711, 632.3799438476562, 98.18400573730469, 632.8599853515625), 1)
  ('re', Rect(98.18399810791016, 632.3799438476562, 230.32400512695312, 632.8599853515625), 1)
  ('re', Rect(230.3300018310547, 632.3799438476562, 230.80999755859375, 632.8599853515625), 1)
  ('re', Rect(230.80999755859375, 632.3799438476562, 311.69000244140625, 632.8599853515625), 1)
  ('re', Rect(311.69000244140625, 632.3799438476562, 312.1700134277344, 632.8599853515625), 1)
  ('re', Rect(312.1700134277344, 632.3799438476562, 573.719970703125, 632.8599853515625), 1)
  ('re', Rect(573.719970703125, 632.3799438476562, 574.199951171875, 632.8599853515625), 1)
  ('re', Rect(27.84000015258789, 632.8599853515625, 28.31999969482422, 647.6199951171875), 1)
  ('re', Rect(97.7040023803711, 632.8599853515625, 98.18400573730469, 647.6199951171875), 1)
  ('re', Rect(230.3300018310547, 632.8599853515625, 230.80999755859375, 647.6199951171875), 1)
  ('re', Rect(311.69000244140625, 632.8599853515625, 312.1700134277344, 647.6199951171875), 1)
  ('re', Rect(573.719970703125, 632.8599853515625, 574.199951171875, 647.6199951171875), 1)
  ('re', Rect(316.010009765625, 649.0599975585938, 569.8599853515625, 661.6599731445312), 1)
  ('re', Rect(316.010009765625, 661.6599731445312, 569.8599853515625, 674.3800048828125), 1)
  ('re', Rect(316.010009765625, 674.3800048828125, 569.8599853515625, 687.0999755859375), 1)
  ('re', Rect(234.52999877929688, 661.6599731445312, 308.0899963378906, 674.3800048828125), 1)
  ('re', Rect(101.9000015258789, 661.6599731445312, 226.60000610351562, 674.3800048828125), 1)
  ('re', Rect(32.15999984741211, 661.6599731445312, 94.10400390625, 674.3800048828125), 1)
  ('re', Rect(27.84000015258789, 647.6199951171875, 28.31999969482422, 648.0999755859375), 1)
  ('re', Rect(28.31999969482422, 647.6199951171875, 97.7040023803711, 648.0999755859375), 1)
  ('re', Rect(97.7040023803711, 647.6199951171875, 98.18400573730469, 648.0999755859375), 1)
  ('re', Rect(98.18399810791016, 647.6199951171875, 230.32400512695312, 648.0999755859375), 1)
  ('re', Rect(230.3300018310547, 647.6199951171875, 230.80999755859375, 648.0999755859375), 1)
  ('re', Rect(230.80999755859375, 647.6199951171875, 311.69000244140625, 648.0999755859375), 1)
  ('re', Rect(311.69000244140625, 647.6199951171875, 312.1700134277344, 648.0999755859375), 1)
  ('re', Rect(312.1700134277344, 647.6199951171875, 573.719970703125, 648.0999755859375), 1)
  ('re', Rect(573.719970703125, 647.6199951171875, 574.199951171875, 648.0999755859375), 1)
  ('re', Rect(27.84000015258789, 648.0999755859375, 28.31999969482422, 688.0599975585938), 1)
  ('re', Rect(97.7040023803711, 648.0999755859375, 98.18400573730469, 688.0599975585938), 1)
  ('re', Rect(230.3300018310547, 648.0999755859375, 230.80999755859375, 688.0599975585938), 1)
  ('re', Rect(311.69000244140625, 648.0999755859375, 312.1700134277344, 688.0599975585938), 1)
  ('re', Rect(573.719970703125, 648.0999755859375, 574.199951171875, 688.0599975585938), 1)
  ('re', Rect(316.010009765625, 689.5, 569.8599853515625, 702.219970703125), 1)
  ('re', Rect(234.52999877929688, 689.5, 308.0899963378906, 702.219970703125), 1)
  ('re', Rect(101.9000015258789, 689.5, 226.60000610351562, 702.219970703125), 1)
  ('re', Rect(32.15999984741211, 689.5, 94.10400390625, 702.219970703125), 1)
  ('re', Rect(27.84000015258789, 688.0599975585938, 28.31999969482422, 688.5399780273438), 1)
  ('re', Rect(28.31999969482422, 688.0599975585938, 97.7040023803711, 688.5399780273438), 1)
  ('re', Rect(97.7040023803711, 688.0599975585938, 98.18400573730469, 688.5399780273438), 1)
  ('re', Rect(98.18399810791016, 688.0599975585938, 230.32400512695312, 688.5399780273438), 1)
  ('re', Rect(230.3300018310547, 688.0599975585938, 230.80999755859375, 688.5399780273438), 1)
  ('re', Rect(230.80999755859375, 688.0599975585938, 311.69000244140625, 688.5399780273438), 1)
  ('re', Rect(311.69000244140625, 688.0599975585938, 312.1700134277344, 688.5399780273438), 1)
  ('re', Rect(312.1700134277344, 688.0599975585938, 573.719970703125, 688.5399780273438), 1)
  ('re', Rect(573.719970703125, 688.0599975585938, 574.199951171875, 688.5399780273438), 1)
  ('re', Rect(27.84000015258789, 688.5399780273438, 28.31999969482422, 703.1799926757812), 1)
  ('re', Rect(27.84000015258789, 703.1799926757812, 28.31999969482422, 703.6599731445312), 1)
  ('re', Rect(27.84000015258789, 703.1799926757812, 28.31999969482422, 703.6599731445312), 1)
  ('re', Rect(28.31999969482422, 703.1799926757812, 97.7040023803711, 703.6599731445312), 1)
  ('re', Rect(97.7040023803711, 688.5399780273438, 98.18400573730469, 703.1799926757812), 1)
  ('re', Rect(97.7040023803711, 703.1799926757812, 98.18400573730469, 703.6599731445312), 1)
  ('re', Rect(98.18399810791016, 703.1799926757812, 230.32400512695312, 703.6599731445312), 1)
  ('re', Rect(230.3300018310547, 688.5399780273438, 230.80999755859375, 703.1799926757812), 1)
  ('re', Rect(230.3300018310547, 703.1799926757812, 230.80999755859375, 703.6599731445312), 1)
  ('re', Rect(230.80999755859375, 703.1799926757812, 311.69000244140625, 703.6599731445312), 1)
  ('re', Rect(311.69000244140625, 688.5399780273438, 312.1700134277344, 703.1799926757812), 1)
  ('re', Rect(311.69000244140625, 703.1799926757812, 312.1700134277344, 703.6599731445312), 1)
  ('re', Rect(312.1700134277344, 703.1799926757812, 573.719970703125, 703.6599731445312), 1)
  ('re', Rect(573.719970703125, 688.5399780273438, 574.199951171875, 703.1799926757812), 1)
  ('re', Rect(573.719970703125, 703.1799926757812, 574.199951171875, 703.6599731445312), 1)
  ('re', Rect(573.719970703125, 703.1799926757812, 574.199951171875, 703.6599731445312), 1)
  ('re', Rect(26.639999389648438, 720.9400024414062, 575.4000244140625, 730.0599975585938), 1)
  ('re', Rect(26.639999389648438, 730.0599975585938, 575.4000244140625, 739.2999877929688), 1)
  ('re', Rect(26.639999389648438, 739.2959594726562, 575.4000244140625, 748.5360107421875), 1)
  ('re', Rect(26.639999389648438, 748.5360107421875, 575.4000244140625, 757.656005859375), 1)
  ('re', Rect(28.079999923706055, 748.1759643554688, 173.05999755859375, 757.656005859375), 1)
  ('re', Rect(26.639999389648438, 757.656005859375, 575.4000244140625, 766.89599609375), 1)
  ('re', Rect(396.6700134277344, 757.2960205078125, 552.6900024414062, 766.7760009765625), 1)
  ('re', Rect(26.639999389648438, 766.89599609375, 575.4000244140625, 776.135986328125), 1)
  ('re', Rect(28.079999923706055, 766.5360107421875, 552.7000122070312, 776.0159912109375), 1)
  ('re', Rect(26.639999389648438, 776.135986328125, 575.4000244140625, 785.2559814453125), 1)
  ('re', Rect(389.2300109863281, 775.7760009765625, 552.6900024414062, 785.2559814453125), 1)
  ('re', Rect(26.639999389648438, 785.255859375, 575.4000244140625, 794.4959716796875), 1)
  ('re', Rect(311.3299865722656, 784.89599609375, 334.03399658203125, 794.3759765625), 1)
  ('re', Rect(26.639999389648438, 794.4959716796875, 575.4000244140625, 803.760009765625), 1)
  ('re', Rect(26.639999389648438, 803.760009765625, 575.4000244140625, 812.8800048828125), 1)
  ('re', Rect(190.25, 135.13995361328125, 352.510009765625, 145.4599609375), 1)
  ('re', Rect(119.30000305175781, 129.8599853515625, 182.3000030517578, 140.29998779296875), 1)
  ('re', Rect(119.30000305175781, 140.29998779296875, 182.3000030517578, 150.6199951171875), 1)
  ('re', Rect(55.439998626708984, 135.13995361328125, 111.38400268554688, 145.4599609375), 1)
  ('re', Rect(51.2400016784668, 129.3800048828125, 51.720001220703125, 129.8599853515625), 1)
  ('re', Rect(51.2400016784668, 129.3800048828125, 51.720001220703125, 129.8599853515625), 1)
  ('re', Rect(51.720001220703125, 129.3800048828125, 115.10400390625, 129.8599853515625), 1)
  ('re', Rect(115.0999984741211, 129.3800048828125, 115.58000183105469, 129.8599853515625), 1)
  ('re', Rect(115.58000183105469, 129.3800048828125, 186.02000427246094, 129.8599853515625), 1)
  ('re', Rect(186.02000427246094, 129.3800048828125, 186.5, 129.8599853515625), 1)
  ('re', Rect(186.5, 129.3800048828125, 356.1099853515625, 129.8599853515625), 1)
  ('re', Rect(356.1099853515625, 129.3800048828125, 356.5899963378906, 129.8599853515625), 1)
  ('re', Rect(356.1099853515625, 129.3800048828125, 356.5899963378906, 129.8599853515625), 1)
  ('re', Rect(51.2400016784668, 129.8599853515625, 51.720001220703125, 150.6199951171875), 1)
  ('re', Rect(115.0999984741211, 129.8599853515625, 115.58000183105469, 150.6199951171875), 1)
  ('re', Rect(186.02000427246094, 129.8599853515625, 186.5, 150.6199951171875), 1)
  ('re', Rect(356.1099853515625, 129.8599853515625, 356.5899963378906, 150.6199951171875), 1)
  ('re', Rect(339.19000244140625, 157.94000244140625, 352.510009765625, 161.41998291015625), 1)
  ('re', Rect(317.95001220703125, 157.94000244140625, 331.27001953125, 161.41998291015625), 1)
  ('re', Rect(296.69000244140625, 157.94000244140625, 310.010009765625, 161.41998291015625), 1)
  ('re', Rect(275.2099914550781, 157.94000244140625, 288.6499938964844, 161.41998291015625), 1)
  ('re', Rect(254.08999633789062, 157.94000244140625, 267.4100036621094, 161.41998291015625), 1)
  ('re', Rect(232.85000610351562, 157.94000244140625, 246.17001342773438, 161.41998291015625), 1)
  ('re', Rect(211.61000061035156, 157.94000244140625, 224.92999267578125, 161.41998291015625), 1)
  ('re', Rect(190.25, 157.94000244140625, 203.69000244140625, 161.41998291015625), 1)
  ('re', Rect(119.30000305175781, 157.94000244140625, 182.3000030517578, 161.41998291015625), 1)
  ('re', Rect(55.439998626708984, 157.94000244140625, 111.38400268554688, 161.41998291015625), 1)
  ('re', Rect(51.2400016784668, 150.6199951171875, 51.720001220703125, 151.0999755859375), 1)
  ('re', Rect(51.720001220703125, 150.6199951171875, 115.10400390625, 151.0999755859375), 1)
  ('re', Rect(115.0999984741211, 150.6199951171875, 115.58000183105469, 151.0999755859375), 1)
  ('re', Rect(115.58000183105469, 150.6199951171875, 186.02000427246094, 151.0999755859375), 1)
  ('re', Rect(186.02000427246094, 150.6199951171875, 186.5, 151.0999755859375), 1)
  ('re', Rect(186.5, 150.6199951171875, 207.28399658203125, 151.0999755859375), 1)
  ('re', Rect(207.2899932861328, 150.6199951171875, 207.77000427246094, 151.0999755859375), 1)
  ('re', Rect(207.77000427246094, 150.6199951171875, 228.52999877929688, 151.0999755859375), 1)
  ('re', Rect(228.52999877929688, 150.6199951171875, 229.00999450683594, 151.0999755859375), 1)
  ('re', Rect(229.00999450683594, 150.6199951171875, 249.76998901367188, 151.0999755859375), 1)
  ('re', Rect(249.77000427246094, 150.6199951171875, 250.25, 151.0999755859375), 1)
  ('re', Rect(250.25, 150.6199951171875, 271.010009765625, 151.0999755859375), 1)
  ('re', Rect(271.010009765625, 150.6199951171875, 271.4900207519531, 151.0999755859375), 1)
  ('re', Rect(271.489990234375, 150.6199951171875, 292.3699951171875, 151.0999755859375), 1)
  ('re', Rect(292.3699951171875, 150.6199951171875, 292.8499755859375, 151.0999755859375), 1)
  ('re', Rect(292.8500061035156, 150.6199951171875, 313.6100158691406, 151.0999755859375), 1)
  ('re', Rect(313.6099853515625, 150.6199951171875, 314.0899963378906, 151.0999755859375), 1)
  ('re', Rect(314.0899963378906, 150.6199951171875, 334.8739929199219, 151.0999755859375), 1)
  ('re', Rect(334.8699951171875, 150.6199951171875, 335.3499755859375, 151.0999755859375), 1)
  ('re', Rect(335.3500061035156, 150.6199951171875, 356.1100158691406, 151.0999755859375), 1)
  ('re', Rect(356.1099853515625, 150.6199951171875, 356.5899963378906, 151.0999755859375), 1)
  ('re', Rect(51.2400016784668, 151.10003662109375, 51.720001220703125, 168.260009765625), 1)
  ('re', Rect(51.2400016784668, 168.260009765625, 51.720001220703125, 168.739990234375), 1)
  ('re', Rect(51.2400016784668, 168.260009765625, 51.720001220703125, 168.739990234375), 1)
  ('re', Rect(51.720001220703125, 168.260009765625, 115.10400390625, 168.739990234375), 1)
  ('re', Rect(115.0999984741211, 151.10003662109375, 115.58000183105469, 168.260009765625), 1)
  ('re', Rect(115.0999984741211, 168.260009765625, 115.58000183105469, 168.739990234375), 1)
  ('re', Rect(115.58000183105469, 168.260009765625, 186.02000427246094, 168.739990234375), 1)
  ('re', Rect(186.02000427246094, 151.10003662109375, 186.5, 168.260009765625), 1)
  ('re', Rect(186.02000427246094, 168.260009765625, 186.5, 168.739990234375), 1)
  ('re', Rect(186.5, 168.260009765625, 207.28399658203125, 168.739990234375), 1)
  ('re', Rect(207.2899932861328, 151.10003662109375, 207.77000427246094, 168.260009765625), 1)
  ('re', Rect(207.2899932861328, 168.260009765625, 207.77000427246094, 168.739990234375), 1)
  ('re', Rect(207.77000427246094, 168.260009765625, 228.52999877929688, 168.739990234375), 1)
  ('re', Rect(228.52999877929688, 151.10003662109375, 229.00999450683594, 168.260009765625), 1)
  ('re', Rect(228.52999877929688, 168.260009765625, 229.00999450683594, 168.739990234375), 1)
  ('re', Rect(229.00999450683594, 168.260009765625, 249.76998901367188, 168.739990234375), 1)
  ('re', Rect(249.77000427246094, 151.10003662109375, 250.25, 168.260009765625), 1)
  ('re', Rect(249.77000427246094, 168.260009765625, 250.25, 168.739990234375), 1)
  ('re', Rect(250.25, 168.260009765625, 271.010009765625, 168.739990234375), 1)
  ('re', Rect(271.010009765625, 151.10003662109375, 271.4900207519531, 168.260009765625), 1)
  ('re', Rect(271.010009765625, 168.260009765625, 271.4900207519531, 168.739990234375), 1)
  ('re', Rect(271.489990234375, 168.260009765625, 292.3699951171875, 168.739990234375), 1)
  ('re', Rect(292.3699951171875, 151.10003662109375, 292.8499755859375, 168.260009765625), 1)
  ('re', Rect(292.3699951171875, 168.260009765625, 292.8499755859375, 168.739990234375), 1)
  ('re', Rect(292.8500061035156, 168.260009765625, 313.6100158691406, 168.739990234375), 1)
  ('re', Rect(313.6099853515625, 151.10003662109375, 314.0899963378906, 168.260009765625), 1)
  ('re', Rect(313.6099853515625, 168.260009765625, 314.0899963378906, 168.739990234375), 1)
  ('re', Rect(314.0899963378906, 168.260009765625, 334.8739929199219, 168.739990234375), 1)
  ('re', Rect(334.8699951171875, 151.10003662109375, 335.3499755859375, 168.260009765625), 1)
  ('re', Rect(334.8699951171875, 168.260009765625, 335.3499755859375, 168.739990234375), 1)
  ('re', Rect(335.3500061035156, 168.260009765625, 356.1100158691406, 168.739990234375), 1)
  ('re', Rect(356.1099853515625, 151.10003662109375, 356.5899963378906, 168.260009765625), 1)
  ('re', Rect(356.1099853515625, 168.260009765625, 356.5899963378906, 168.739990234375), 1)
  ('re', Rect(356.1099853515625, 168.260009765625, 356.5899963378906, 168.739990234375), 1)
  ('re', Rect(117.12000274658203, 105.239990234375, 132.1199951171875, 118.44000244140625), 1)
  ('re', Rect(132.1199951171875, 105.239990234375, 147.0, 118.44000244140625), 1)
  ('re', Rect(87.23999786376953, 105.239990234375, 102.23999786376953, 118.44000244140625), 1)
  ('re', Rect(102.23999786376953, 105.239990234375, 117.1199951171875, 118.44000244140625), 1)
  ('re', Rect(303.3599853515625, 106.67999267578125, 318.3599853515625, 119.8800048828125), 1)
  ('re', Rect(230.52000427246094, 106.67999267578125, 245.40000915527344, 119.8800048828125), 1)
  ('re', Rect(216.83999633789062, 106.67999267578125, 231.72000122070312, 119.8800048828125), 1)
  ('re', Rect(188.75999450683594, 216.1199951171875, 203.75999450683594, 229.67999267578125), 1)
  ('re', Rect(173.63999938964844, 216.1199951171875, 188.75999450683594, 229.67999267578125), 1)
  ('re', Rect(126.95999908447266, 216.1199951171875, 141.95999145507812, 229.67999267578125), 1)
  ('re', Rect(141.9600067138672, 216.1199951171875, 156.9600067138672, 229.67999267578125), 1)
  ('re', Rect(63.36000061035156, 216.239990234375, 78.23999786376953, 229.67999267578125), 1)
  ('re', Rect(78.23999786376953, 216.239990234375, 93.23999786376953, 229.67999267578125), 1)
  ('re', Rect(33.47999954223633, 216.239990234375, 48.36000061035156, 229.67999267578125), 1)
  ('re', Rect(48.36000061035156, 216.239990234375, 63.36000061035156, 229.67999267578125), 1)
  ('re', Rect(63.36000061035156, 199.199951171875, 78.23999786376953, 212.39996337890625), 1)
  ('re', Rect(78.23999786376953, 199.199951171875, 93.23999786376953, 212.39996337890625), 1)
  ('re', Rect(33.47999954223633, 199.199951171875, 48.36000061035156, 212.39996337890625), 1)
  ('re', Rect(48.36000061035156, 199.199951171875, 63.36000061035156, 212.39996337890625), 1)
=== PAGE 1 GRAPHICS ===
  ('re', Rect(26.639999389648438, 14.15997314453125, 554.1400146484375, 23.39996337890625), 1)
  ('re', Rect(316.010009765625, 27.84002685546875, 570.0999755859375, 40.55999755859375), 1)
  ('re', Rect(234.52999877929688, 27.84002685546875, 308.0899963378906, 40.55999755859375), 1)
  ('re', Rect(101.9000015258789, 27.84002685546875, 226.60000610351562, 40.55999755859375), 1)
  ('re', Rect(32.15999984741211, 27.84002685546875, 94.10400390625, 40.55999755859375), 1)
  ('re', Rect(27.84000015258789, 23.4000244140625, 28.31999969482422, 23.8800048828125), 1)
  ('re', Rect(27.84000015258789, 23.4000244140625, 28.31999969482422, 23.8800048828125), 1)
  ('re', Rect(28.31999969482422, 23.4000244140625, 97.7040023803711, 23.8800048828125), 1)
  ('re', Rect(97.7040023803711, 23.4000244140625, 98.18400573730469, 23.8800048828125), 1)
  ('re', Rect(98.18399810791016, 23.4000244140625, 230.32400512695312, 23.8800048828125), 1)
  ('re', Rect(230.3300018310547, 23.4000244140625, 230.80999755859375, 23.8800048828125), 1)
  ('re', Rect(230.80999755859375, 23.4000244140625, 311.69000244140625, 23.8800048828125), 1)
  ('re', Rect(311.69000244140625, 23.4000244140625, 312.1700134277344, 23.8800048828125), 1)
  ('re', Rect(312.1700134277344, 23.4000244140625, 573.719970703125, 23.8800048828125), 1)
  ('re', Rect(573.719970703125, 23.4000244140625, 574.199951171875, 23.8800048828125), 1)
  ('re', Rect(573.719970703125, 23.4000244140625, 574.199951171875, 23.8800048828125), 1)
  ('re', Rect(27.84000015258789, 23.87994384765625, 28.31999969482422, 44.51995849609375), 1)
  ('re', Rect(97.7040023803711, 23.87994384765625, 98.18400573730469, 44.51995849609375), 1)
  ('re', Rect(230.3300018310547, 23.87994384765625, 230.80999755859375, 44.51995849609375), 1)
  ('re', Rect(311.69000244140625, 23.87994384765625, 312.1700134277344, 44.51995849609375), 1)
  ('re', Rect(573.719970703125, 23.87994384765625, 574.199951171875, 44.51995849609375), 1)
  ('re', Rect(316.010009765625, 45.0, 569.8599853515625, 57.5999755859375), 1)
  ('re', Rect(316.010009765625, 57.60003662109375, 569.8599853515625, 70.32000732421875), 1)
  ('re', Rect(316.010009765625, 70.32000732421875, 569.8599853515625, 82.91998291015625), 1)
  ('re', Rect(316.010009765625, 82.91595458984375, 569.8599853515625, 95.65997314453125), 1)
  ('re', Rect(234.52999877929688, 63.96002197265625, 308.0899963378906, 76.55999755859375), 1)
  ('re', Rect(101.9000015258789, 57.60003662109375, 226.60000610351562, 70.32000732421875), 1)
  ('re', Rect(103.81999969482422, 57.0, 201.6439971923828, 70.20001220703125), 1)
  ('re', Rect(101.9000015258789, 70.32000732421875, 226.60000610351562, 82.91998291015625), 1)
  ('re', Rect(160.22000122070312, 69.9599609375, 168.3800048828125, 82.91998291015625), 1)
  ('re', Rect(32.15999984741211, 63.96002197265625, 94.10400390625, 76.55999755859375), 1)
  ('re', Rect(27.84000015258789, 44.52001953125, 28.31999969482422, 45.0), 1)
  ('re', Rect(28.31999969482422, 44.52001953125, 97.7040023803711, 45.0), 1)
  ('re', Rect(97.7040023803711, 44.52001953125, 98.18400573730469, 45.0), 1)
  ('re', Rect(98.18399810791016, 44.52001953125, 230.32400512695312, 45.0), 1)
  ('re', Rect(230.3300018310547, 44.52001953125, 230.80999755859375, 45.0), 1)
  ('re', Rect(230.80999755859375, 44.52001953125, 311.69000244140625, 45.0), 1)
  ('re', Rect(311.69000244140625, 44.52001953125, 312.1700134277344, 45.0), 1)
  ('re', Rect(312.1700134277344, 44.52001953125, 573.719970703125, 45.0), 1)
  ('re', Rect(573.719970703125, 44.52001953125, 574.199951171875, 45.0), 1)
  ('re', Rect(27.84000015258789, 44.9959716796875, 28.31999969482422, 95.65997314453125), 1)
  ('re', Rect(97.7040023803711, 44.9959716796875, 98.18400573730469, 95.65997314453125), 1)
  ('re', Rect(230.3300018310547, 44.9959716796875, 230.80999755859375, 95.65997314453125), 1)
  ('re', Rect(311.69000244140625, 44.9959716796875, 312.1700134277344, 95.65997314453125), 1)
  ('re', Rect(573.719970703125, 44.9959716796875, 574.199951171875, 95.65997314453125), 1)
  ('re', Rect(316.010009765625, 98.780029296875, 569.8599853515625, 111.260009765625), 1)
  ('re', Rect(234.52999877929688, 98.17999267578125, 308.0899963378906, 111.8599853515625), 1)
  ('re', Rect(101.9000015258789, 98.17999267578125, 226.60000610351562, 111.8599853515625), 1)
  ('re', Rect(32.15999984741211, 98.17999267578125, 94.10400390625, 111.8599853515625), 1)
  ('re', Rect(27.84000015258789, 95.65997314453125, 28.31999969482422, 96.13995361328125), 1)
  ('re', Rect(28.31999969482422, 95.65997314453125, 97.7040023803711, 96.13995361328125), 1)
  ('re', Rect(97.7040023803711, 95.65997314453125, 98.18400573730469, 96.13995361328125), 1)
  ('re', Rect(98.18399810791016, 95.65997314453125, 230.32400512695312, 96.13995361328125), 1)
  ('re', Rect(230.3300018310547, 95.65997314453125, 230.80999755859375, 96.13995361328125), 1)
  ('re', Rect(230.80999755859375, 95.65997314453125, 311.69000244140625, 96.13995361328125), 1)
  ('re', Rect(311.69000244140625, 95.65997314453125, 312.1700134277344, 96.13995361328125), 1)
  ('re', Rect(312.1700134277344, 95.65997314453125, 573.719970703125, 96.13995361328125), 1)
  ('re', Rect(573.719970703125, 95.65997314453125, 574.199951171875, 96.13995361328125), 1)
  ('re', Rect(27.84000015258789, 96.13995361328125, 28.31999969482422, 113.89996337890625), 1)
  ('re', Rect(97.7040023803711, 96.13995361328125, 98.18400573730469, 113.89996337890625), 1)
  ('re', Rect(230.3300018310547, 96.13995361328125, 230.80999755859375, 113.89996337890625), 1)
  ('re', Rect(311.69000244140625, 96.13995361328125, 312.1700134277344, 113.89996337890625), 1)
  ('re', Rect(573.719970703125, 96.13995361328125, 574.199951171875, 113.89996337890625), 1)
  ('re', Rect(316.010009765625, 116.17999267578125, 552.0999755859375, 129.5), 1)
  ('re', Rect(234.52999877929688, 115.94000244140625, 308.0899963378906, 129.6199951171875), 1)
  ('re', Rect(101.9000015258789, 115.94000244140625, 226.60000610351562, 129.6199951171875), 1)
  ('re', Rect(32.15999984741211, 115.94000244140625, 94.10400390625, 129.6199951171875), 1)
  ('re', Rect(27.84000015258789, 113.89996337890625, 28.31999969482422, 131.65997314453125), 1)
  ('re', Rect(97.7040023803711, 113.89996337890625, 98.18400573730469, 131.65997314453125), 1)
  ('re', Rect(230.3300018310547, 113.89996337890625, 230.80999755859375, 131.65997314453125), 1)
  ('re', Rect(311.69000244140625, 113.89996337890625, 312.1700134277344, 131.65997314453125), 1)
  ('re', Rect(573.719970703125, 113.89996337890625, 574.199951171875, 131.65997314453125), 1)
  ('re', Rect(316.010009765625, 133.70001220703125, 530.260009765625, 146.29998779296875), 1)
  ('re', Rect(234.52999877929688, 133.70001220703125, 308.0899963378906, 146.29998779296875), 1)
  ('re', Rect(101.9000015258789, 133.70001220703125, 226.60000610351562, 146.29998779296875), 1)
  ('re', Rect(32.15999984741211, 133.70001220703125, 94.10400390625, 146.29998779296875), 1)
  ('re', Rect(27.84000015258789, 131.65997314453125, 28.31999969482422, 148.3399658203125), 1)
  ('re', Rect(97.7040023803711, 131.65997314453125, 98.18400573730469, 148.3399658203125), 1)
  ('re', Rect(230.3300018310547, 131.65997314453125, 230.80999755859375, 148.3399658203125), 1)
  ('re', Rect(311.69000244140625, 131.65997314453125, 312.1700134277344, 148.3399658203125), 1)
  ('re', Rect(573.719970703125, 131.65997314453125, 574.199951171875, 148.3399658203125), 1)
  ('re', Rect(316.010009765625, 150.3800048828125, 530.3800048828125, 162.97998046875), 1)
  ('re', Rect(234.52999877929688, 150.3800048828125, 308.0899963378906, 162.97998046875), 1)
  ('re', Rect(101.9000015258789, 150.3800048828125, 226.60000610351562, 162.97998046875), 1)
  ('re', Rect(103.81999969482422, 149.65997314453125, 201.76400756835938, 162.8599853515625), 1)
  ('re', Rect(32.15999984741211, 150.3800048828125, 94.10400390625, 162.97998046875), 1)
  ('re', Rect(27.84000015258789, 148.3399658203125, 28.31999969482422, 165.01995849609375), 1)
  ('re', Rect(97.7040023803711, 148.3399658203125, 98.18400573730469, 165.01995849609375), 1)
  ('re', Rect(230.3300018310547, 148.3399658203125, 230.80999755859375, 165.01995849609375), 1)
  ('re', Rect(311.69000244140625, 148.3399658203125, 312.1700134277344, 165.01995849609375), 1)
  ('re', Rect(573.719970703125, 148.3399658203125, 574.199951171875, 165.01995849609375), 1)
  ('re', Rect(316.010009765625, 167.17999267578125, 552.0999755859375, 180.6199951171875), 1)
  ('re', Rect(234.52999877929688, 167.05999755859375, 308.0899963378906, 180.739990234375), 1)
  ('re', Rect(101.9000015258789, 167.05999755859375, 226.60000610351562, 180.739990234375), 1)
  ('re', Rect(32.15999984741211, 167.05999755859375, 94.10400390625, 180.739990234375), 1)
  ('re', Rect(27.84000015258789, 165.01995849609375, 28.31999969482422, 182.77996826171875), 1)
  ('re', Rect(97.7040023803711, 165.01995849609375, 98.18400573730469, 182.77996826171875), 1)
  ('re', Rect(230.3300018310547, 165.01995849609375, 230.80999755859375, 182.77996826171875), 1)
  ('re', Rect(311.69000244140625, 165.01995849609375, 312.1700134277344, 182.77996826171875), 1)
  ('re', Rect(573.719970703125, 165.01995849609375, 574.199951171875, 182.77996826171875), 1)
  ('re', Rect(316.010009765625, 184.82000732421875, 530.260009765625, 197.41998291015625), 1)
  ('re', Rect(234.52999877929688, 184.82000732421875, 308.0899963378906, 197.41998291015625), 1)
  ('re', Rect(101.9000015258789, 184.82000732421875, 226.60000610351562, 197.41998291015625), 1)
  ('re', Rect(108.73999786376953, 184.3399658203125, 196.843994140625, 197.29998779296875), 1)
  ('re', Rect(32.15999984741211, 184.82000732421875, 94.10400390625, 197.41998291015625), 1)
  ('re', Rect(27.84000015258789, 182.77996826171875, 28.31999969482422, 199.4599609375), 1)
  ('re', Rect(97.7040023803711, 182.77996826171875, 98.18400573730469, 199.4599609375), 1)
  ('re', Rect(230.3300018310547, 182.77996826171875, 230.80999755859375, 199.4599609375), 1)
  ('re', Rect(311.69000244140625, 182.77996826171875, 312.1700134277344, 199.4599609375), 1)
  ('re', Rect(573.719970703125, 182.77996826171875, 574.199951171875, 199.4599609375), 1)
  ('re', Rect(316.010009765625, 201.5, 530.260009765625, 214.0999755859375), 1)
  ('re', Rect(234.52999877929688, 201.5, 308.0899963378906, 214.0999755859375), 1)
  ('re', Rect(101.9000015258789, 201.5, 226.60000610351562, 214.0999755859375), 1)
  ('re', Rect(108.73999786376953, 201.01995849609375, 196.843994140625, 213.97998046875), 1)
  ('re', Rect(32.15999984741211, 201.5, 94.10400390625, 214.0999755859375), 1)
  ('re', Rect(27.84000015258789, 199.4599609375, 28.31999969482422, 216.13995361328125), 1)
  ('re', Rect(97.7040023803711, 199.4599609375, 98.18400573730469, 216.13995361328125), 1)
  ('re', Rect(230.3300018310547, 199.4599609375, 230.80999755859375, 216.13995361328125), 1)
  ('re', Rect(311.69000244140625, 199.4599609375, 312.1700134277344, 216.13995361328125), 1)
  ('re', Rect(573.719970703125, 199.4599609375, 574.199951171875, 216.13995361328125), 1)
  ('re', Rect(316.010009765625, 219.260009765625, 569.8599853515625, 231.739990234375), 1)
  ('re', Rect(234.52999877929688, 218.65997314453125, 308.0899963378906, 232.3399658203125), 1)
  ('re', Rect(101.9000015258789, 218.65997314453125, 226.60000610351562, 232.3399658203125), 1)
  ('re', Rect(32.15999984741211, 218.65997314453125, 94.10400390625, 232.3399658203125), 1)
  ('re', Rect(27.84000015258789, 216.1400146484375, 28.31999969482422, 216.6199951171875), 1)
  ('re', Rect(28.31999969482422, 216.1400146484375, 97.7040023803711, 216.6199951171875), 1)
  ('re', Rect(97.7040023803711, 216.1400146484375, 98.18400573730469, 216.6199951171875), 1)
  ('re', Rect(98.18399810791016, 216.1400146484375, 230.32400512695312, 216.6199951171875), 1)
  ('re', Rect(230.3300018310547, 216.1400146484375, 230.80999755859375, 216.6199951171875), 1)
  ('re', Rect(230.80999755859375, 216.1400146484375, 311.69000244140625, 216.6199951171875), 1)
  ('re', Rect(311.69000244140625, 216.1400146484375, 312.1700134277344, 216.6199951171875), 1)
  ('re', Rect(312.1700134277344, 216.1400146484375, 573.719970703125, 216.6199951171875), 1)
  ('re', Rect(573.719970703125, 216.1400146484375, 574.199951171875, 216.6199951171875), 1)
  ('re', Rect(27.84000015258789, 216.6199951171875, 28.31999969482422, 234.3800048828125), 1)
  ('re', Rect(97.7040023803711, 216.6199951171875, 98.18400573730469, 234.3800048828125), 1)
  ('re', Rect(230.3300018310547, 216.6199951171875, 230.80999755859375, 234.3800048828125), 1)
  ('re', Rect(311.69000244140625, 216.6199951171875, 312.1700134277344, 234.3800048828125), 1)
  ('re', Rect(573.719970703125, 216.6199951171875, 574.199951171875, 234.3800048828125), 1)
  ('re', Rect(316.010009765625, 236.41998291015625, 552.0999755859375, 249.8599853515625), 1)
  ('re', Rect(234.52999877929688, 236.9000244140625, 308.0899963378906, 249.3800048828125), 1)
  ('re', Rect(101.9000015258789, 236.9000244140625, 226.60000610351562, 249.3800048828125), 1)
  ('re', Rect(104.30000305175781, 236.41998291015625, 201.16400146484375, 249.3800048828125), 1)
  ('re', Rect(32.15999984741211, 236.9000244140625, 94.10400390625, 249.3800048828125), 1)
  ('re', Rect(27.84000015258789, 234.37994384765625, 28.31999969482422, 251.89996337890625), 1)
  ('re', Rect(97.7040023803711, 234.37994384765625, 98.18400573730469, 251.89996337890625), 1)
  ('re', Rect(230.3300018310547, 234.37994384765625, 230.80999755859375, 251.89996337890625), 1)
  ('re', Rect(311.69000244140625, 234.37994384765625, 312.1700134277344, 251.89996337890625), 1)
  ('re', Rect(573.719970703125, 234.37994384765625, 574.199951171875, 251.89996337890625), 1)
  ('re', Rect(316.010009765625, 253.94000244140625, 552.0999755859375, 267.260009765625), 1)
  ('re', Rect(316.010009765625, 267.26593017578125, 552.0999755859375, 279.88995361328125), 1)
  ('re', Rect(234.52999877929688, 260.66595458984375, 308.0899963378906, 273.16998291015625), 1)
  ('re', Rect(101.9000015258789, 260.66595458984375, 226.60000610351562, 273.16998291015625), 1)
  ('re', Rect(104.30000305175781, 260.18597412109375, 201.16400146484375, 273.16998291015625), 1)
  ('re', Rect(32.15999984741211, 260.66595458984375, 94.10400390625, 273.16998291015625), 1)
  ('re', Rect(27.84000015258789, 251.906005859375, 28.31999969482422, 281.92999267578125), 1)
  ('re', Rect(97.7040023803711, 251.906005859375, 98.18400573730469, 281.92999267578125), 1)
  ('re', Rect(230.3300018310547, 251.906005859375, 230.80999755859375, 281.92999267578125), 1)
  ('re', Rect(311.69000244140625, 251.906005859375, 312.1700134277344, 281.92999267578125), 1)
  ('re', Rect(573.719970703125, 251.906005859375, 574.199951171875, 281.92999267578125), 1)
  ('re', Rect(316.010009765625, 285.04998779296875, 569.8599853515625, 297.64996337890625), 1)
  ('re', Rect(234.52999877929688, 284.45001220703125, 308.0899963378906, 298.25), 1)
  ('re', Rect(101.9000015258789, 284.45001220703125, 226.60000610351562, 298.25), 1)
  ('re', Rect(32.15999984741211, 284.45001220703125, 94.10400390625, 298.25), 1)
  ('re', Rect(27.84000015258789, 281.92999267578125, 28.31999969482422, 282.40997314453125), 1)
  ('re', Rect(28.31999969482422, 281.92999267578125, 97.7040023803711, 282.40997314453125), 1)
  ('re', Rect(97.7040023803711, 281.92999267578125, 98.18400573730469, 282.40997314453125), 1)
  ('re', Rect(98.18399810791016, 281.92999267578125, 230.32400512695312, 282.40997314453125), 1)
  ('re', Rect(230.3300018310547, 281.92999267578125, 230.80999755859375, 282.40997314453125), 1)
  ('re', Rect(230.80999755859375, 281.92999267578125, 311.69000244140625, 282.40997314453125), 1)
  ('re', Rect(311.69000244140625, 281.92999267578125, 312.1700134277344, 282.40997314453125), 1)
  ('re', Rect(312.1700134277344, 281.92999267578125, 573.719970703125, 282.40997314453125), 1)
  ('re', Rect(573.719970703125, 281.92999267578125, 574.199951171875, 282.40997314453125), 1)
  ('re', Rect(27.84000015258789, 282.40997314453125, 28.31999969482422, 300.28997802734375), 1)
  ('re', Rect(97.7040023803711, 282.40997314453125, 98.18400573730469, 300.28997802734375), 1)
  ('re', Rect(230.3300018310547, 282.40997314453125, 230.80999755859375, 300.28997802734375), 1)
  ('re', Rect(311.69000244140625, 282.40997314453125, 312.1700134277344, 300.28997802734375), 1)
  ('re', Rect(573.719970703125, 282.40997314453125, 574.199951171875, 300.28997802734375), 1)
  ('re', Rect(316.010009765625, 302.449951171875, 552.0999755859375, 315.88995361328125), 1)
  ('re', Rect(234.52999877929688, 302.33001708984375, 308.0899963378906, 316.010009765625), 1)
  ('re', Rect(101.9000015258789, 302.33001708984375, 226.60000610351562, 316.010009765625), 1)
  ('re', Rect(32.15999984741211, 302.33001708984375, 94.10400390625, 316.010009765625), 1)
  ('re', Rect(27.84000015258789, 300.28997802734375, 28.31999969482422, 318.04998779296875), 1)
  ('re', Rect(97.7040023803711, 300.28997802734375, 98.18400573730469, 318.04998779296875), 1)
  ('re', Rect(230.3300018310547, 300.28997802734375, 230.80999755859375, 318.04998779296875), 1)
  ('re', Rect(311.69000244140625, 300.28997802734375, 312.1700134277344, 318.04998779296875), 1)
  ('re', Rect(573.719970703125, 300.28997802734375, 574.199951171875, 318.04998779296875), 1)
  ('re', Rect(316.010009765625, 320.0899658203125, 530.260009765625, 332.6899719238281), 1)
  ('re', Rect(234.52999877929688, 320.0899658203125, 308.0899963378906, 332.6899719238281), 1)
  ('re', Rect(101.9000015258789, 320.0899658203125, 226.60000610351562, 332.6899719238281), 1)
  ('re', Rect(32.15999984741211, 320.0899658203125, 94.10400390625, 332.6899719238281), 1)
  ('re', Rect(27.84000015258789, 318.04998779296875, 28.31999969482422, 334.72998046875), 1)
  ('re', Rect(97.7040023803711, 318.04998779296875, 98.18400573730469, 334.72998046875), 1)
  ('re', Rect(230.3300018310547, 318.04998779296875, 230.80999755859375, 334.72998046875), 1)
  ('re', Rect(311.69000244140625, 318.04998779296875, 312.1700134277344, 334.72998046875), 1)
  ('re', Rect(573.719970703125, 318.04998779296875, 574.199951171875, 334.72998046875), 1)
  ('re', Rect(316.010009765625, 336.7699890136719, 530.3800048828125, 349.3699951171875), 1)
  ('re', Rect(234.52999877929688, 336.7699890136719, 308.0899963378906, 349.3699951171875), 1)
  ('re', Rect(101.9000015258789, 336.7699890136719, 226.60000610351562, 349.3699951171875), 1)
  ('re', Rect(32.15999984741211, 336.7699890136719, 94.10400390625, 349.3699951171875), 1)
  ('re', Rect(27.84000015258789, 334.72998046875, 28.31999969482422, 351.40997314453125), 1)
  ('re', Rect(97.7040023803711, 334.72998046875, 98.18400573730469, 351.40997314453125), 1)
  ('re', Rect(230.3300018310547, 334.72998046875, 230.80999755859375, 351.40997314453125), 1)
  ('re', Rect(311.69000244140625, 334.72998046875, 312.1700134277344, 351.40997314453125), 1)
  ('re', Rect(573.719970703125, 334.72998046875, 574.199951171875, 351.40997314453125), 1)
  ('re', Rect(316.010009765625, 353.5699768066406, 552.0999755859375, 366.8899841308594), 1)
  ('re', Rect(234.52999877929688, 353.4499816894531, 308.0899963378906, 367.1299743652344), 1)
  ('re', Rect(101.9000015258789, 353.4499816894531, 226.60000610351562, 367.1299743652344), 1)
  ('re', Rect(32.15999984741211, 353.4499816894531, 94.10400390625, 367.1299743652344), 1)
  ('re', Rect(27.84000015258789, 351.40997314453125, 28.31999969482422, 369.16998291015625), 1)
  ('re', Rect(97.7040023803711, 351.40997314453125, 98.18400573730469, 369.16998291015625), 1)
  ('re', Rect(230.3300018310547, 351.40997314453125, 230.80999755859375, 369.16998291015625), 1)
  ('re', Rect(311.69000244140625, 351.40997314453125, 312.1700134277344, 369.16998291015625), 1)
  ('re', Rect(573.719970703125, 351.40997314453125, 574.199951171875, 369.16998291015625), 1)
  ('re', Rect(316.010009765625, 371.2099914550781, 530.260009765625, 383.80999755859375), 1)
  ('re', Rect(234.52999877929688, 371.2099914550781, 308.0899963378906, 383.80999755859375), 1)
  ('re', Rect(101.9000015258789, 371.2099914550781, 226.60000610351562, 383.80999755859375), 1)
  ('re', Rect(108.73999786376953, 370.72998046875, 196.843994140625, 383.6899719238281), 1)
  ('re', Rect(32.15999984741211, 371.2099914550781, 94.10400390625, 383.80999755859375), 1)
  ('re', Rect(27.84000015258789, 369.16998291015625, 28.31999969482422, 385.8499755859375), 1)
  ('re', Rect(97.7040023803711, 369.16998291015625, 98.18400573730469, 385.8499755859375), 1)
  ('re', Rect(230.3300018310547, 369.16998291015625, 230.80999755859375, 385.8499755859375), 1)
  ('re', Rect(311.69000244140625, 369.16998291015625, 312.1700134277344, 385.8499755859375), 1)
  ('re', Rect(573.719970703125, 369.16998291015625, 574.199951171875, 385.8499755859375), 1)
  ('re', Rect(316.010009765625, 387.8899841308594, 530.260009765625, 400.3699951171875), 1)
  ('re', Rect(234.52999877929688, 387.8899841308594, 308.0899963378906, 400.3699951171875), 1)
  ('re', Rect(101.9000015258789, 387.8899841308594, 226.60000610351562, 400.3699951171875), 1)
  ('re', Rect(108.73999786376953, 387.4100036621094, 196.843994140625, 400.3699951171875), 1)
  ('re', Rect(32.15999984741211, 387.8899841308594, 94.10400390625, 400.3699951171875), 1)
  ('re', Rect(27.84000015258789, 385.8499755859375, 28.31999969482422, 402.40997314453125), 1)
  ('re', Rect(97.7040023803711, 385.8499755859375, 98.18400573730469, 402.40997314453125), 1)
  ('re', Rect(230.3300018310547, 385.8499755859375, 230.80999755859375, 402.40997314453125), 1)
  ('re', Rect(311.69000244140625, 385.8499755859375, 312.1700134277344, 402.40997314453125), 1)
  ('re', Rect(573.719970703125, 385.8499755859375, 574.199951171875, 402.40997314453125), 1)
  ('re', Rect(316.010009765625, 405.04998779296875, 569.8599853515625, 417.6499938964844), 1)
  ('re', Rect(316.010009765625, 417.64996337890625, 569.8599853515625, 430.2499694824219), 1)
  ('re', Rect(234.52999877929688, 411.28997802734375, 308.0899963378906, 423.8899841308594), 1)
  ('re', Rect(101.9000015258789, 411.28997802734375, 226.60000610351562, 423.8899841308594), 1)
  ('re', Rect(32.15999984741211, 411.28997802734375, 94.10400390625, 423.8899841308594), 1)
  ('re', Rect(27.84000015258789, 402.40997314453125, 28.31999969482422, 402.8899841308594), 1)
  ('re', Rect(28.31999969482422, 402.40997314453125, 97.7040023803711, 402.8899841308594), 1)
  ('re', Rect(97.7040023803711, 402.40997314453125, 98.18400573730469, 402.8899841308594), 1)
  ('re', Rect(98.18399810791016, 402.40997314453125, 230.32400512695312, 402.8899841308594), 1)
  ('re', Rect(230.3300018310547, 402.40997314453125, 230.80999755859375, 402.8899841308594), 1)
  ('re', Rect(230.80999755859375, 402.40997314453125, 311.69000244140625, 402.8899841308594), 1)
  ('re', Rect(311.69000244140625, 402.40997314453125, 312.1700134277344, 402.8899841308594), 1)
  ('re', Rect(312.1700134277344, 402.40997314453125, 573.719970703125, 402.8899841308594), 1)
  ('re', Rect(573.719970703125, 402.40997314453125, 574.199951171875, 402.8899841308594), 1)
  ('re', Rect(27.84000015258789, 402.8899841308594, 28.31999969482422, 432.28997802734375), 1)
  ('re', Rect(97.7040023803711, 402.8899841308594, 98.18400573730469, 432.28997802734375), 1)
  ('re', Rect(230.3300018310547, 402.8899841308594, 230.80999755859375, 432.28997802734375), 1)
  ('re', Rect(311.69000244140625, 402.8899841308594, 312.1700134277344, 432.28997802734375), 1)
  ('re', Rect(573.719970703125, 402.8899841308594, 574.199951171875, 432.28997802734375), 1)
  ('re', Rect(316.010009765625, 434.8059997558594, 569.8599853515625, 447.42999267578125), 1)
  ('re', Rect(316.010009765625, 447.4299621582031, 569.8599853515625, 460.02996826171875), 1)
  ('re', Rect(234.52999877929688, 441.1659851074219, 308.0899963378906, 453.66998291015625), 1)
  ('re', Rect(101.9000015258789, 441.1659851074219, 226.60000610351562, 453.66998291015625), 1)
  ('re', Rect(32.15999984741211, 441.1659851074219, 94.10400390625, 453.66998291015625), 1)
  ('re', Rect(27.84000015258789, 432.28997802734375, 28.31999969482422, 432.7699890136719), 1)
  ('re', Rect(28.31999969482422, 432.28997802734375, 97.7040023803711, 432.7699890136719), 1)
  ('re', Rect(97.7040023803711, 432.28997802734375, 98.18400573730469, 432.7699890136719), 1)
  ('re', Rect(98.18399810791016, 432.28997802734375, 230.32400512695312, 432.7699890136719), 1)
  ('re', Rect(230.3300018310547, 432.28997802734375, 230.80999755859375, 432.7699890136719), 1)
  ('re', Rect(230.80999755859375, 432.28997802734375, 311.69000244140625, 432.7699890136719), 1)
  ('re', Rect(311.69000244140625, 432.28997802734375, 312.1700134277344, 432.7699890136719), 1)
  ('re', Rect(312.1700134277344, 432.28997802734375, 573.719970703125, 432.7699890136719), 1)
  ('re', Rect(573.719970703125, 432.28997802734375, 574.199951171875, 432.7699890136719), 1)
  ('re', Rect(27.84000015258789, 432.7659912109375, 28.31999969482422, 462.0699768066406), 1)
  ('re', Rect(97.7040023803711, 432.7659912109375, 98.18400573730469, 462.0699768066406), 1)
  ('re', Rect(230.3300018310547, 432.7659912109375, 230.80999755859375, 462.0699768066406), 1)
  ('re', Rect(311.69000244140625, 432.7659912109375, 312.1700134277344, 462.0699768066406), 1)
  ('re', Rect(573.719970703125, 432.7659912109375, 574.199951171875, 462.0699768066406), 1)
  ('re', Rect(316.010009765625, 464.5899658203125, 569.8599853515625, 477.1899719238281), 1)
  ('re', Rect(316.010009765625, 477.1899719238281, 569.8599853515625, 489.78997802734375), 1)
  ('re', Rect(234.52999877929688, 470.3499755859375, 308.0899963378906, 484.02996826171875), 1)
  ('re', Rect(101.9000015258789, 470.3499755859375, 226.60000610351562, 484.02996826171875), 1)
  ('re', Rect(32.15999984741211, 470.3499755859375, 94.10400390625, 484.02996826171875), 1)
  ('re', Rect(27.84000015258789, 462.0699768066406, 28.31999969482422, 462.54998779296875), 1)
  ('re', Rect(28.31999969482422, 462.0699768066406, 97.7040023803711, 462.54998779296875), 1)
  ('re', Rect(97.7040023803711, 462.0699768066406, 98.18400573730469, 462.54998779296875), 1)
  ('re', Rect(98.18399810791016, 462.0699768066406, 230.32400512695312, 462.54998779296875), 1)
  ('re', Rect(230.3300018310547, 462.0699768066406, 230.80999755859375, 462.54998779296875), 1)
  ('re', Rect(230.80999755859375, 462.0699768066406, 311.69000244140625, 462.54998779296875), 1)
  ('re', Rect(311.69000244140625, 462.0699768066406, 312.1700134277344, 462.54998779296875), 1)
  ('re', Rect(312.1700134277344, 462.0699768066406, 573.719970703125, 462.54998779296875), 1)
  ('re', Rect(573.719970703125, 462.0699768066406, 574.199951171875, 462.54998779296875), 1)
  ('re', Rect(27.84000015258789, 462.54998779296875, 28.31999969482422, 491.8299865722656), 1)
  ('re', Rect(97.7040023803711, 462.54998779296875, 98.18400573730469, 491.8299865722656), 1)
  ('re', Rect(230.3300018310547, 462.54998779296875, 230.80999755859375, 491.8299865722656), 1)
  ('re', Rect(311.69000244140625, 462.54998779296875, 312.1700134277344, 491.8299865722656), 1)
  ('re', Rect(573.719970703125, 462.54998779296875, 574.199951171875, 491.8299865722656), 1)
  ('re', Rect(316.010009765625, 493.8699951171875, 552.0999755859375, 507.30999755859375), 1)
  ('re', Rect(234.52999877929688, 494.3499755859375, 308.0899963378906, 506.8299865722656), 1)
  ('re', Rect(101.9000015258789, 494.3499755859375, 226.60000610351562, 506.8299865722656), 1)
  ('re', Rect(32.15999984741211, 494.3499755859375, 94.10400390625, 506.8299865722656), 1)
  ('re', Rect(27.84000015258789, 491.8299865722656, 28.31999969482422, 509.3499755859375), 1)
  ('re', Rect(97.7040023803711, 491.8299865722656, 98.18400573730469, 509.3499755859375), 1)
  ('re', Rect(230.3300018310547, 491.8299865722656, 230.80999755859375, 509.3499755859375), 1)
  ('re', Rect(311.69000244140625, 491.8299865722656, 312.1700134277344, 509.3499755859375), 1)
  ('re', Rect(573.719970703125, 491.8299865722656, 574.199951171875, 509.3499755859375), 1)
  ('re', Rect(316.010009765625, 511.5099792480469, 552.0999755859375, 524.8299560546875), 1)
  ('re', Rect(234.52999877929688, 511.3899841308594, 308.0899963378906, 525.0699462890625), 1)
  ('re', Rect(101.9000015258789, 511.3899841308594, 226.60000610351562, 525.0699462890625), 1)
  ('re', Rect(32.15999984741211, 511.3899841308594, 94.10400390625, 525.0699462890625), 1)
  ('re', Rect(27.84000015258789, 509.3499755859375, 28.31999969482422, 527.1099853515625), 1)
  ('re', Rect(97.7040023803711, 509.3499755859375, 98.18400573730469, 527.1099853515625), 1)
  ('re', Rect(230.3300018310547, 509.3499755859375, 230.80999755859375, 527.1099853515625), 1)
  ('re', Rect(311.69000244140625, 509.3499755859375, 312.1700134277344, 527.1099853515625), 1)
  ('re', Rect(573.719970703125, 509.3499755859375, 574.199951171875, 527.1099853515625), 1)
  ('re', Rect(316.010009765625, 529.1499633789062, 540.0999755859375, 541.75), 1)
  ('re', Rect(234.52999877929688, 529.1499633789062, 308.0899963378906, 541.75), 1)
  ('re', Rect(101.9000015258789, 529.1499633789062, 226.60000610351562, 541.75), 1)
  ('re', Rect(32.15999984741211, 529.1499633789062, 94.10400390625, 541.75), 1)
  ('re', Rect(27.84000015258789, 527.1099853515625, 28.31999969482422, 543.7899780273438), 1)
  ('re', Rect(97.7040023803711, 527.1099853515625, 98.18400573730469, 543.7899780273438), 1)
  ('re', Rect(230.3300018310547, 527.1099853515625, 230.80999755859375, 543.7899780273438), 1)
  ('re', Rect(311.69000244140625, 527.1099853515625, 312.1700134277344, 543.7899780273438), 1)
  ('re', Rect(573.719970703125, 527.1099853515625, 574.199951171875, 543.7899780273438), 1)
  ('re', Rect(316.010009765625, 545.8299560546875, 540.0999755859375, 558.4299926757812), 1)
  ('re', Rect(316.010009765625, 558.429931640625, 540.0999755859375, 571.0299682617188), 1)
  ('re', Rect(234.52999877929688, 552.0699462890625, 308.0899963378906, 564.6699829101562), 1)
  ('re', Rect(101.9000015258789, 552.0699462890625, 226.60000610351562, 564.6699829101562), 1)
  ('re', Rect(177.3800048828125, 551.5899658203125, 198.88400268554688, 564.5499877929688), 1)
  ('re', Rect(32.15999984741211, 552.0699462890625, 94.10400390625, 564.6699829101562), 1)
  ('re', Rect(27.84000015258789, 543.7899780273438, 28.31999969482422, 573.0699462890625), 1)
  ('re', Rect(97.7040023803711, 543.7899780273438, 98.18400573730469, 573.0699462890625), 1)
  ('re', Rect(230.3300018310547, 543.7899780273438, 230.80999755859375, 573.0699462890625), 1)
  ('re', Rect(311.69000244140625, 543.7899780273438, 312.1700134277344, 573.0699462890625), 1)
  ('re', Rect(573.719970703125, 543.7899780273438, 574.199951171875, 573.0699462890625), 1)
  ('re', Rect(316.010009765625, 575.5899658203125, 569.8599853515625, 588.1900024414062), 1)
  ('re', Rect(316.010009765625, 588.18994140625, 569.8599853515625, 600.7899780273438), 1)
  ('re', Rect(316.010009765625, 600.7899780273438, 569.8599853515625, 613.510009765625), 1)
  ('re', Rect(234.52999877929688, 587.7099609375, 308.0899963378906, 601.3900146484375), 1)
  ('re', Rect(101.9000015258789, 587.7099609375, 226.60000610351562, 601.3900146484375), 1)
  ('re', Rect(32.15999984741211, 587.5899658203125, 94.10400390625, 601.3900146484375), 1)
  ('re', Rect(27.84000015258789, 573.0700073242188, 28.31999969482422, 573.5499877929688), 1)
  ('re', Rect(28.31999969482422, 573.0700073242188, 97.7040023803711, 573.5499877929688), 1)
  ('re', Rect(97.7040023803711, 573.0700073242188, 98.18400573730469, 573.5499877929688), 1)
  ('re', Rect(98.18399810791016, 573.0700073242188, 230.32400512695312, 573.5499877929688), 1)
  ('re', Rect(230.3300018310547, 573.0700073242188, 230.80999755859375, 573.5499877929688), 1)
  ('re', Rect(230.80999755859375, 573.0700073242188, 311.69000244140625, 573.5499877929688), 1)
  ('re', Rect(311.69000244140625, 573.0700073242188, 312.1700134277344, 573.5499877929688), 1)
  ('re', Rect(312.1700134277344, 573.0700073242188, 573.719970703125, 573.5499877929688), 1)
  ('re', Rect(573.719970703125, 573.0700073242188, 574.199951171875, 573.5499877929688), 1)
  ('re', Rect(27.84000015258789, 573.5499877929688, 28.31999969482422, 615.5499877929688), 1)
  ('re', Rect(97.7040023803711, 573.5499877929688, 98.18400573730469, 615.5499877929688), 1)
  ('re', Rect(230.3300018310547, 573.5499877929688, 230.80999755859375, 615.5499877929688), 1)
  ('re', Rect(311.69000244140625, 573.5499877929688, 312.1700134277344, 615.5499877929688), 1)
  ('re', Rect(573.719970703125, 573.5499877929688, 574.199951171875, 615.5499877929688), 1)
  ('re', Rect(316.010009765625, 615.5559692382812, 552.0999755859375, 629.02001953125), 1)
  ('re', Rect(234.52999877929688, 615.916015625, 308.0899963378906, 628.5399780273438), 1)
  ('re', Rect(101.9000015258789, 615.916015625, 226.60000610351562, 628.5399780273438), 1)
  ('re', Rect(32.15999984741211, 615.916015625, 94.10400390625, 628.5399780273438), 1)
  ('re', Rect(27.84000015258789, 615.5559692382812, 28.31999969482422, 629.02001953125), 1)
  ('re', Rect(97.7040023803711, 615.5559692382812, 98.18400573730469, 629.02001953125), 1)
  ('re', Rect(230.3300018310547, 615.5559692382812, 230.80999755859375, 629.02001953125), 1)
  ('re', Rect(311.69000244140625, 615.5559692382812, 312.1700134277344, 629.02001953125), 1)
  ('re', Rect(573.719970703125, 615.5559692382812, 574.199951171875, 629.02001953125), 1)
  ('re', Rect(316.010009765625, 629.0199584960938, 552.0999755859375, 642.4599609375), 1)
  ('re', Rect(234.52999877929688, 629.3800048828125, 308.0899963378906, 641.97998046875), 1)
  ('re', Rect(101.9000015258789, 629.3800048828125, 226.60000610351562, 641.97998046875), 1)
  ('re', Rect(32.15999984741211, 629.3800048828125, 94.10400390625, 641.97998046875), 1)
  ('re', Rect(27.84000015258789, 629.0199584960938, 28.31999969482422, 642.4599609375), 1)
  ('re', Rect(97.7040023803711, 629.0199584960938, 98.18400573730469, 642.4599609375), 1)
  ('re', Rect(230.3300018310547, 629.0199584960938, 230.80999755859375, 642.4599609375), 1)
  ('re', Rect(311.69000244140625, 629.0199584960938, 312.1700134277344, 642.4599609375), 1)
  ('re', Rect(573.719970703125, 629.0199584960938, 574.199951171875, 642.4599609375), 1)
  ('re', Rect(316.010009765625, 642.4599609375, 552.0999755859375, 655.8999633789062), 1)
  ('re', Rect(234.52999877929688, 642.8199462890625, 308.0899963378906, 655.4199829101562), 1)
  ('re', Rect(101.9000015258789, 642.8199462890625, 226.60000610351562, 655.4199829101562), 1)
  ('re', Rect(32.15999984741211, 642.8199462890625, 94.10400390625, 655.4199829101562), 1)
  ('re', Rect(27.84000015258789, 642.4599609375, 28.31999969482422, 655.8999633789062), 1)
  ('re', Rect(97.7040023803711, 642.4599609375, 98.18400573730469, 655.8999633789062), 1)
  ('re', Rect(230.3300018310547, 642.4599609375, 230.80999755859375, 655.8999633789062), 1)
  ('re', Rect(311.69000244140625, 642.4599609375, 312.1700134277344, 655.8999633789062), 1)
  ('re', Rect(573.719970703125, 642.4599609375, 574.199951171875, 655.8999633789062), 1)
  ('re', Rect(316.010009765625, 655.8999633789062, 552.0999755859375, 669.3399658203125), 1)
  ('re', Rect(234.52999877929688, 656.260009765625, 308.0899963378906, 668.8599853515625), 1)
  ('re', Rect(101.9000015258789, 656.260009765625, 226.60000610351562, 668.8599853515625), 1)
  ('re', Rect(32.15999984741211, 656.260009765625, 94.10400390625, 668.8599853515625), 1)
  ('re', Rect(27.84000015258789, 655.8999633789062, 28.31999969482422, 669.3399658203125), 1)
  ('re', Rect(27.84000015258789, 669.3399658203125, 28.31999969482422, 669.8199462890625), 1)
  ('re', Rect(27.84000015258789, 669.3399658203125, 28.31999969482422, 669.8199462890625), 1)
  ('re', Rect(28.31999969482422, 669.3399658203125, 97.7040023803711, 669.8199462890625), 1)
  ('re', Rect(97.7040023803711, 655.8999633789062, 98.18400573730469, 669.3399658203125), 1)
  ('re', Rect(97.7040023803711, 669.3399658203125, 98.18400573730469, 669.8199462890625), 1)
  ('re', Rect(98.18399810791016, 669.3399658203125, 230.32400512695312, 669.8199462890625), 1)
  ('re', Rect(230.3300018310547, 655.8999633789062, 230.80999755859375, 669.3399658203125), 1)
  ('re', Rect(230.3300018310547, 669.3399658203125, 230.80999755859375, 669.8199462890625), 1)
  ('re', Rect(230.80999755859375, 669.3399658203125, 311.69000244140625, 669.8199462890625), 1)
  ('re', Rect(311.69000244140625, 655.8999633789062, 312.1700134277344, 669.3399658203125), 1)
  ('re', Rect(311.69000244140625, 669.3399658203125, 312.1700134277344, 669.8199462890625), 1)
  ('re', Rect(312.1700134277344, 669.3399658203125, 573.719970703125, 669.8199462890625), 1)
  ('re', Rect(573.719970703125, 655.8999633789062, 574.199951171875, 669.3399658203125), 1)
  ('re', Rect(573.719970703125, 669.3399658203125, 574.199951171875, 669.8199462890625), 1)
  ('re', Rect(573.719970703125, 669.3399658203125, 574.199951171875, 669.8199462890625), 1)
=== PAGE 2 GRAPHICS ===
  ('re', Rect(316.010009765625, 39.84002685546875, 570.0999755859375, 52.44000244140625), 1)
  ('re', Rect(234.52999877929688, 39.84002685546875, 308.0899963378906, 52.44000244140625), 1)
  ('re', Rect(101.9000015258789, 39.84002685546875, 226.60000610351562, 52.44000244140625), 1)
  ('re', Rect(32.15999984741211, 39.84002685546875, 94.10400390625, 52.44000244140625), 1)
  ('re', Rect(27.84000015258789, 35.4000244140625, 28.31999969482422, 35.8800048828125), 1)
  ('re', Rect(27.84000015258789, 35.4000244140625, 28.31999969482422, 35.8800048828125), 1)
  ('re', Rect(28.31999969482422, 35.4000244140625, 97.7040023803711, 35.8800048828125), 1)
  ('re', Rect(97.7040023803711, 35.4000244140625, 98.18400573730469, 35.8800048828125), 1)
  ('re', Rect(98.18399810791016, 35.4000244140625, 230.32400512695312, 35.8800048828125), 1)
  ('re', Rect(230.3300018310547, 35.4000244140625, 230.80999755859375, 35.8800048828125), 1)
  ('re', Rect(230.80999755859375, 35.4000244140625, 311.69000244140625, 35.8800048828125), 1)
  ('re', Rect(311.69000244140625, 35.4000244140625, 312.1700134277344, 35.8800048828125), 1)
  ('re', Rect(312.1700134277344, 35.4000244140625, 573.719970703125, 35.8800048828125), 1)
  ('re', Rect(573.719970703125, 35.4000244140625, 574.199951171875, 35.8800048828125), 1)
  ('re', Rect(573.719970703125, 35.4000244140625, 574.199951171875, 35.8800048828125), 1)
  ('re', Rect(27.84000015258789, 35.87994384765625, 28.31999969482422, 56.39996337890625), 1)
  ('re', Rect(97.7040023803711, 35.87994384765625, 98.18400573730469, 56.39996337890625), 1)
  ('re', Rect(230.3300018310547, 35.87994384765625, 230.80999755859375, 56.39996337890625), 1)
  ('re', Rect(311.69000244140625, 35.87994384765625, 312.1700134277344, 56.39996337890625), 1)
  ('re', Rect(573.719970703125, 35.87994384765625, 574.199951171875, 56.39996337890625), 1)
  ('re', Rect(316.010009765625, 60.0, 569.8599853515625, 72.5999755859375), 1)
  ('re', Rect(461.5, 59.63995361328125, 552.8200073242188, 72.5999755859375), 1)
  ('re', Rect(316.010009765625, 72.60003662109375, 569.8599853515625, 85.20001220703125), 1)
  ('re', Rect(316.010009765625, 85.19598388671875, 569.8599853515625, 97.94000244140625), 1)
  ('re', Rect(316.010009765625, 97.94000244140625, 569.8599853515625, 110.53997802734375), 1)
  ('re', Rect(413.95001220703125, 97.3399658203125, 421.9900207519531, 110.53997802734375), 1)
  ('re', Rect(234.52999877929688, 78.9559326171875, 308.0899963378906, 91.5799560546875), 1)
  ('re', Rect(101.9000015258789, 78.9559326171875, 226.60000610351562, 91.5799560546875), 1)
  ('re', Rect(32.15999984741211, 78.9559326171875, 94.10400390625, 91.5799560546875), 1)
  ('re', Rect(27.84000015258789, 56.4000244140625, 28.31999969482422, 56.8800048828125), 1)
  ('re', Rect(28.31999969482422, 56.4000244140625, 97.7040023803711, 56.8800048828125), 1)
  ('re', Rect(97.7040023803711, 56.4000244140625, 98.18400573730469, 56.8800048828125), 1)
  ('re', Rect(98.18399810791016, 56.4000244140625, 230.32400512695312, 56.8800048828125), 1)
  ('re', Rect(230.3300018310547, 56.4000244140625, 230.80999755859375, 56.8800048828125), 1)
  ('re', Rect(230.80999755859375, 56.4000244140625, 311.69000244140625, 56.8800048828125), 1)
  ('re', Rect(311.69000244140625, 56.4000244140625, 312.1700134277344, 56.8800048828125), 1)
  ('re', Rect(312.1700134277344, 56.4000244140625, 573.719970703125, 56.8800048828125), 1)
  ('re', Rect(573.719970703125, 56.4000244140625, 574.199951171875, 56.8800048828125), 1)
  ('re', Rect(27.84000015258789, 56.8759765625, 28.31999969482422, 113.53997802734375), 1)
  ('re', Rect(97.7040023803711, 56.8759765625, 98.18400573730469, 113.53997802734375), 1)
  ('re', Rect(230.3300018310547, 56.8759765625, 230.80999755859375, 113.53997802734375), 1)
  ('re', Rect(311.69000244140625, 56.8759765625, 312.1700134277344, 113.53997802734375), 1)
  ('re', Rect(573.719970703125, 56.8759765625, 574.199951171875, 113.53997802734375), 1)
  ('re', Rect(316.010009765625, 117.02001953125, 569.8599853515625, 129.739990234375), 1)
  ('re', Rect(529.2999877929688, 116.65997314453125, 552.8200073242188, 129.6199951171875), 1)
  ('re', Rect(467.1400146484375, 116.65997314453125, 527.02001953125, 129.6199951171875), 1)
  ('re', Rect(316.010009765625, 129.739990234375, 569.8599853515625, 142.3399658203125), 1)
  ('re', Rect(234.52999877929688, 123.3800048828125, 308.0899963378906, 136.0999755859375), 1)
  ('re', Rect(101.9000015258789, 123.3800048828125, 226.60000610351562, 136.0999755859375), 1)
  ('re', Rect(32.15999984741211, 123.3800048828125, 94.10400390625, 136.0999755859375), 1)
  ('re', Rect(27.84000015258789, 113.53997802734375, 28.31999969482422, 114.01995849609375), 1)
  ('re', Rect(28.31999969482422, 113.53997802734375, 97.7040023803711, 114.01995849609375), 1)
  ('re', Rect(97.7040023803711, 113.53997802734375, 98.18400573730469, 114.01995849609375), 1)
  ('re', Rect(98.18399810791016, 113.53997802734375, 230.32400512695312, 114.01995849609375), 1)
  ('re', Rect(230.3300018310547, 113.53997802734375, 230.80999755859375, 114.01995849609375), 1)
  ('re', Rect(230.80999755859375, 113.53997802734375, 311.69000244140625, 114.01995849609375), 1)
  ('re', Rect(311.69000244140625, 113.53997802734375, 312.1700134277344, 114.01995849609375), 1)
  ('re', Rect(312.1700134277344, 113.53997802734375, 573.719970703125, 114.01995849609375), 1)
  ('re', Rect(573.719970703125, 113.53997802734375, 574.199951171875, 114.01995849609375), 1)
  ('re', Rect(27.84000015258789, 114.01995849609375, 28.31999969482422, 145.3399658203125), 1)
  ('re', Rect(97.7040023803711, 114.01995849609375, 98.18400573730469, 145.3399658203125), 1)
  ('re', Rect(230.3300018310547, 114.01995849609375, 230.80999755859375, 145.3399658203125), 1)
  ('re', Rect(311.69000244140625, 114.01995849609375, 312.1700134277344, 145.3399658203125), 1)
  ('re', Rect(573.719970703125, 114.01995849609375, 574.199951171875, 145.3399658203125), 1)
  ('re', Rect(316.010009765625, 164.53997802734375, 569.8599853515625, 177.13995361328125), 1)
  ('re', Rect(316.010009765625, 177.1400146484375, 569.8599853515625, 189.8599853515625), 1)
  ('re', Rect(234.52999877929688, 170.9000244140625, 308.0899963378906, 183.5), 1)
  ('re', Rect(101.9000015258789, 148.82000732421875, 226.60000610351562, 164.53997802734375), 1)
  ('re', Rect(101.9000015258789, 164.53997802734375, 226.60000610351562, 180.13995361328125), 1)
  ('re', Rect(101.9000015258789, 180.1400146484375, 226.60000610351562, 192.8599853515625), 1)
  ('re', Rect(105.86000061035156, 179.77996826171875, 222.63999938964844, 192.739990234375), 1)
  ('re', Rect(101.9000015258789, 192.8599853515625, 226.60000610351562, 205.4599609375), 1)
  ('re', Rect(147.25999450683594, 192.49993896484375, 181.22000122070312, 205.4599609375), 1)
  ('re', Rect(32.15999984741211, 170.9000244140625, 94.10400390625, 183.5), 1)
  ('re', Rect(27.84000015258789, 145.34002685546875, 28.31999969482422, 145.82000732421875), 1)
  ('re', Rect(28.31999969482422, 145.34002685546875, 97.7040023803711, 145.82000732421875), 1)
  ('re', Rect(97.7040023803711, 145.34002685546875, 98.18400573730469, 145.82000732421875), 1)
  ('re', Rect(98.18399810791016, 145.34002685546875, 230.32400512695312, 145.82000732421875), 1)
  ('re', Rect(230.3300018310547, 145.34002685546875, 230.80999755859375, 145.82000732421875), 1)
  ('re', Rect(230.80999755859375, 145.34002685546875, 311.69000244140625, 145.82000732421875), 1)
  ('re', Rect(311.69000244140625, 145.34002685546875, 312.1700134277344, 145.82000732421875), 1)
  ('re', Rect(312.1700134277344, 145.34002685546875, 573.719970703125, 145.82000732421875), 1)
  ('re', Rect(573.719970703125, 145.34002685546875, 574.199951171875, 145.82000732421875), 1)
  ('re', Rect(27.84000015258789, 145.8199462890625, 28.31999969482422, 208.4599609375), 1)
  ('re', Rect(97.7040023803711, 145.8199462890625, 98.18400573730469, 208.4599609375), 1)
  ('re', Rect(230.3300018310547, 145.8199462890625, 230.80999755859375, 208.4599609375), 1)
  ('re', Rect(311.69000244140625, 145.8199462890625, 312.1700134277344, 208.4599609375), 1)
  ('re', Rect(573.719970703125, 145.8199462890625, 574.199951171875, 208.4599609375), 1)
  ('re', Rect(316.010009765625, 211.94000244140625, 569.8599853515625, 224.65997314453125), 1)
  ('re', Rect(316.010009765625, 224.6600341796875, 569.8599853515625, 237.260009765625), 1)
  ('re', Rect(234.52999877929688, 217.70001220703125, 308.0899963378906, 231.5), 1)
  ('re', Rect(101.9000015258789, 217.70001220703125, 226.60000610351562, 231.5), 1)
  ('re', Rect(32.15999984741211, 217.70001220703125, 94.10400390625, 231.5), 1)
  ('re', Rect(27.84000015258789, 208.46002197265625, 28.31999969482422, 208.94000244140625), 1)
  ('re', Rect(28.31999969482422, 208.46002197265625, 97.7040023803711, 208.94000244140625), 1)
  ('re', Rect(97.7040023803711, 208.46002197265625, 98.18400573730469, 208.94000244140625), 1)
  ('re', Rect(98.18399810791016, 208.46002197265625, 230.32400512695312, 208.94000244140625), 1)
  ('re', Rect(230.3300018310547, 208.46002197265625, 230.80999755859375, 208.94000244140625), 1)
  ('re', Rect(230.80999755859375, 208.46002197265625, 311.69000244140625, 208.94000244140625), 1)
  ('re', Rect(311.69000244140625, 208.46002197265625, 312.1700134277344, 208.94000244140625), 1)
  ('re', Rect(312.1700134277344, 208.46002197265625, 573.719970703125, 208.94000244140625), 1)
  ('re', Rect(573.719970703125, 208.46002197265625, 574.199951171875, 208.94000244140625), 1)
  ('re', Rect(27.84000015258789, 208.94000244140625, 28.31999969482422, 240.260009765625), 1)
  ('re', Rect(97.7040023803711, 208.94000244140625, 98.18400573730469, 240.260009765625), 1)
  ('re', Rect(230.3300018310547, 208.94000244140625, 230.80999755859375, 240.260009765625), 1)
  ('re', Rect(311.69000244140625, 208.94000244140625, 312.1700134277344, 240.260009765625), 1)
  ('re', Rect(573.719970703125, 208.94000244140625, 574.199951171875, 240.260009765625), 1)
  ('re', Rect(316.010009765625, 243.260009765625, 552.0999755859375, 256.70001220703125), 1)
  ('re', Rect(316.010009765625, 256.7059326171875, 552.0999755859375, 269.3299560546875), 1)
  ('re', Rect(234.52999877929688, 249.97998046875, 308.0899963378906, 262.5799560546875), 1)
  ('re', Rect(101.9000015258789, 249.97998046875, 226.60000610351562, 262.5799560546875), 1)
  ('re', Rect(104.30000305175781, 249.61993408203125, 201.16400146484375, 262.5799560546875), 1)
  ('re', Rect(32.15999984741211, 249.97998046875, 94.10400390625, 262.5799560546875), 1)
  ('re', Rect(27.84000015258789, 240.26593017578125, 28.31999969482422, 272.3299560546875), 1)
  ('re', Rect(97.7040023803711, 240.26593017578125, 98.18400573730469, 272.3299560546875), 1)
  ('re', Rect(230.3300018310547, 240.26593017578125, 230.80999755859375, 272.3299560546875), 1)
  ('re', Rect(311.69000244140625, 240.26593017578125, 312.1700134277344, 272.3299560546875), 1)
  ('re', Rect(573.719970703125, 240.26593017578125, 574.199951171875, 272.3299560546875), 1)
  ('re', Rect(316.010009765625, 275.3299560546875, 552.0999755859375, 288.76995849609375), 1)
  ('re', Rect(234.52999877929688, 275.80999755859375, 308.0899963378906, 288.40997314453125), 1)
  ('re', Rect(101.9000015258789, 275.80999755859375, 226.60000610351562, 288.40997314453125), 1)
  ('re', Rect(105.26000213623047, 275.449951171875, 202.12399291992188, 288.40997314453125), 1)
  ('re', Rect(32.15999984741211, 275.80999755859375, 94.10400390625, 288.40997314453125), 1)
  ('re', Rect(27.84000015258789, 272.3299560546875, 28.31999969482422, 291.76995849609375), 1)
  ('re', Rect(97.7040023803711, 272.3299560546875, 98.18400573730469, 291.76995849609375), 1)
  ('re', Rect(230.3300018310547, 272.3299560546875, 230.80999755859375, 291.76995849609375), 1)
  ('re', Rect(311.69000244140625, 272.3299560546875, 312.1700134277344, 291.76995849609375), 1)
  ('re', Rect(573.719970703125, 272.3299560546875, 574.199951171875, 291.76995849609375), 1)
  ('re', Rect(316.010009765625, 295.3699951171875, 569.8599853515625, 307.969970703125), 1)
  ('re', Rect(316.010009765625, 307.97003173828125, 569.8599853515625, 320.57000732421875), 1)
  ('re', Rect(316.010009765625, 320.57000732421875, 569.8599853515625, 333.28997802734375), 1)
  ('re', Rect(316.010009765625, 333.28997802734375, 569.8599853515625, 345.8899841308594), 1)
  ('re', Rect(234.52999877929688, 314.33001708984375, 308.0899963378906, 326.92999267578125), 1)
  ('re', Rect(101.9000015258789, 314.33001708984375, 226.60000610351562, 326.92999267578125), 1)
  ('re', Rect(32.15999984741211, 314.33001708984375, 94.10400390625, 326.92999267578125), 1)
  ('re', Rect(27.84000015258789, 291.77001953125, 28.31999969482422, 292.25), 1)
  ('re', Rect(28.31999969482422, 291.77001953125, 97.7040023803711, 292.25), 1)
  ('re', Rect(97.7040023803711, 291.77001953125, 98.18400573730469, 292.25), 1)
  ('re', Rect(98.18399810791016, 291.77001953125, 230.32400512695312, 292.25), 1)
  ('re', Rect(230.3300018310547, 291.77001953125, 230.80999755859375, 292.25), 1)
  ('re', Rect(230.80999755859375, 291.77001953125, 311.69000244140625, 292.25), 1)
  ('re', Rect(311.69000244140625, 291.77001953125, 312.1700134277344, 292.25), 1)
  ('re', Rect(312.1700134277344, 291.77001953125, 573.719970703125, 292.25), 1)
  ('re', Rect(573.719970703125, 291.77001953125, 574.199951171875, 292.25), 1)
  ('re', Rect(27.84000015258789, 292.25, 28.31999969482422, 348.8899841308594), 1)
  ('re', Rect(97.7040023803711, 292.25, 98.18400573730469, 348.8899841308594), 1)
  ('re', Rect(230.3300018310547, 292.25, 230.80999755859375, 348.8899841308594), 1)
  ('re', Rect(311.69000244140625, 292.25, 312.1700134277344, 348.8899841308594), 1)
  ('re', Rect(573.719970703125, 292.25, 574.199951171875, 348.8899841308594), 1)
  ('re', Rect(316.010009765625, 352.3699951171875, 569.8599853515625, 365.0899963378906), 1)
  ('re', Rect(316.010009765625, 365.0899658203125, 569.8599853515625, 377.6899719238281), 1)
  ('re', Rect(234.52999877929688, 358.72998046875, 308.0899963378906, 371.4499816894531), 1)
  ('re', Rect(101.9000015258789, 358.72998046875, 226.60000610351562, 371.4499816894531), 1)
  ('re', Rect(32.15999984741211, 358.72998046875, 94.10400390625, 371.4499816894531), 1)
  ('re', Rect(27.84000015258789, 348.8899841308594, 28.31999969482422, 349.3699951171875), 1)
  ('re', Rect(28.31999969482422, 348.8899841308594, 97.7040023803711, 349.3699951171875), 1)
  ('re', Rect(97.7040023803711, 348.8899841308594, 98.18400573730469, 349.3699951171875), 1)
  ('re', Rect(98.18399810791016, 348.8899841308594, 230.32400512695312, 349.3699951171875), 1)
  ('re', Rect(230.3300018310547, 348.8899841308594, 230.80999755859375, 349.3699951171875), 1)
  ('re', Rect(230.80999755859375, 348.8899841308594, 311.69000244140625, 349.3699951171875), 1)
  ('re', Rect(311.69000244140625, 348.8899841308594, 312.1700134277344, 349.3699951171875), 1)
  ('re', Rect(312.1700134277344, 348.8899841308594, 573.719970703125, 349.3699951171875), 1)
  ('re', Rect(573.719970703125, 348.8899841308594, 574.199951171875, 349.3699951171875), 1)
  ('re', Rect(27.84000015258789, 349.3699645996094, 28.31999969482422, 380.6899719238281), 1)
  ('re', Rect(97.7040023803711, 349.3699645996094, 98.18400573730469, 380.6899719238281), 1)
  ('re', Rect(230.3300018310547, 349.3699645996094, 230.80999755859375, 380.6899719238281), 1)
  ('re', Rect(311.69000244140625, 349.3699645996094, 312.1700134277344, 380.6899719238281), 1)
  ('re', Rect(573.719970703125, 349.3699645996094, 574.199951171875, 380.6899719238281), 1)
  ('re', Rect(316.010009765625, 384.16998291015625, 569.8599853515625, 396.8899841308594), 1)
  ('re', Rect(316.010009765625, 396.8899841308594, 569.8599853515625, 409.489990234375), 1)
  ('re', Rect(316.010009765625, 409.489990234375, 569.8599853515625, 422.2099914550781), 1)
  ('re', Rect(234.52999877929688, 396.2900085449219, 308.0899963378906, 410.0899963378906), 1)
  ('re', Rect(101.9000015258789, 387.8899841308594, 226.60000610351562, 404.6899719238281), 1)
  ('re', Rect(101.9000015258789, 404.69000244140625, 226.60000610351562, 418.489990234375), 1)
  ('re', Rect(32.15999984741211, 396.2900085449219, 94.10400390625, 410.0899963378906), 1)
  ('re', Rect(27.84000015258789, 380.6899719238281, 28.31999969482422, 381.16998291015625), 1)
  ('re', Rect(28.31999969482422, 380.6899719238281, 97.7040023803711, 381.16998291015625), 1)
  ('re', Rect(97.7040023803711, 380.6899719238281, 98.18400573730469, 381.16998291015625), 1)
  ('re', Rect(98.18399810791016, 380.6899719238281, 230.32400512695312, 381.16998291015625), 1)
  ('re', Rect(230.3300018310547, 380.6899719238281, 230.80999755859375, 381.16998291015625), 1)
  ('re', Rect(230.80999755859375, 380.6899719238281, 311.69000244140625, 381.16998291015625), 1)
  ('re', Rect(311.69000244140625, 380.6899719238281, 312.1700134277344, 381.16998291015625), 1)
  ('re', Rect(312.1700134277344, 380.6899719238281, 573.719970703125, 381.16998291015625), 1)
  ('re', Rect(573.719970703125, 380.6899719238281, 574.199951171875, 381.16998291015625), 1)
  ('re', Rect(27.84000015258789, 381.16998291015625, 28.31999969482422, 425.2099914550781), 1)
  ('re', Rect(97.7040023803711, 381.16998291015625, 98.18400573730469, 425.2099914550781), 1)
  ('re', Rect(230.3300018310547, 381.16998291015625, 230.80999755859375, 425.2099914550781), 1)
  ('re', Rect(311.69000244140625, 381.16998291015625, 312.1700134277344, 425.2099914550781), 1)
  ('re', Rect(573.719970703125, 381.16998291015625, 574.199951171875, 425.2099914550781), 1)
  ('re', Rect(316.010009765625, 428.2099914550781, 552.2200317382812, 441.6499938964844), 1)
  ('re', Rect(234.52999877929688, 428.5699768066406, 308.0899963378906, 441.16998291015625), 1)
  ('re', Rect(101.9000015258789, 428.5699768066406, 226.60000610351562, 441.16998291015625), 1)
  ('re', Rect(104.30000305175781, 428.2099914550781, 201.16400146484375, 441.16998291015625), 1)
  ('re', Rect(32.15999984741211, 428.5699768066406, 94.10400390625, 441.16998291015625), 1)
  ('re', Rect(27.84000015258789, 425.2099914550781, 28.31999969482422, 444.6499938964844), 1)
  ('re', Rect(97.7040023803711, 425.2099914550781, 98.18400573730469, 444.6499938964844), 1)
  ('re', Rect(230.3300018310547, 425.2099914550781, 230.80999755859375, 444.6499938964844), 1)
  ('re', Rect(311.69000244140625, 425.2099914550781, 312.1700134277344, 444.6499938964844), 1)
  ('re', Rect(573.719970703125, 425.2099914550781, 574.199951171875, 444.6499938964844), 1)
  ('re', Rect(316.010009765625, 447.66998291015625, 552.2200317382812, 461.1099853515625), 1)
  ('re', Rect(234.52999877929688, 448.02996826171875, 308.0899963378906, 460.6299743652344), 1)
  ('re', Rect(101.9000015258789, 447.66998291015625, 226.60000610351562, 461.1099853515625), 1)
  ('re', Rect(108.73999786376953, 447.42999267578125, 196.843994140625, 461.1099853515625), 1)
  ('re', Rect(32.15999984741211, 448.02996826171875, 94.10400390625, 460.6299743652344), 1)
  ('re', Rect(27.84000015258789, 444.64599609375, 28.31999969482422, 464.1099853515625), 1)
  ('re', Rect(97.7040023803711, 444.64599609375, 98.18400573730469, 464.1099853515625), 1)
  ('re', Rect(230.3300018310547, 444.64599609375, 230.80999755859375, 464.1099853515625), 1)
  ('re', Rect(311.69000244140625, 444.64599609375, 312.1700134277344, 464.1099853515625), 1)
  ('re', Rect(573.719970703125, 444.64599609375, 574.199951171875, 464.1099853515625), 1)
  ('re', Rect(316.010009765625, 468.1899719238281, 569.8599853515625, 480.78997802734375), 1)
  ('re', Rect(234.52999877929688, 467.5899963378906, 308.0899963378906, 481.3899841308594), 1)
  ('re', Rect(101.9000015258789, 467.5899963378906, 226.60000610351562, 481.3899841308594), 1)
  ('re', Rect(32.15999984741211, 467.5899963378906, 94.10400390625, 481.3899841308594), 1)
  ('re', Rect(27.84000015258789, 464.1099853515625, 28.31999969482422, 464.5899963378906), 1)
  ('re', Rect(28.31999969482422, 464.1099853515625, 97.7040023803711, 464.5899963378906), 1)
  ('re', Rect(97.7040023803711, 464.1099853515625, 98.18400573730469, 464.5899963378906), 1)
  ('re', Rect(98.18399810791016, 464.1099853515625, 230.32400512695312, 464.5899963378906), 1)
  ('re', Rect(230.3300018310547, 464.1099853515625, 230.80999755859375, 464.5899963378906), 1)
  ('re', Rect(230.80999755859375, 464.1099853515625, 311.69000244140625, 464.5899963378906), 1)
  ('re', Rect(311.69000244140625, 464.1099853515625, 312.1700134277344, 464.5899963378906), 1)
  ('re', Rect(312.1700134277344, 464.1099853515625, 573.719970703125, 464.5899963378906), 1)
  ('re', Rect(573.719970703125, 464.1099853515625, 574.199951171875, 464.5899963378906), 1)
  ('re', Rect(27.84000015258789, 464.5899963378906, 28.31999969482422, 484.3899841308594), 1)
  ('re', Rect(97.7040023803711, 464.5899963378906, 98.18400573730469, 484.3899841308594), 1)
  ('re', Rect(230.3300018310547, 464.5899963378906, 230.80999755859375, 484.3899841308594), 1)
  ('re', Rect(311.69000244140625, 464.5899963378906, 312.1700134277344, 484.3899841308594), 1)
  ('re', Rect(573.719970703125, 464.5899963378906, 574.199951171875, 484.3899841308594), 1)
  ('re', Rect(316.010009765625, 487.3899841308594, 552.0999755859375, 500.8299865722656), 1)
  ('re', Rect(234.52999877929688, 487.7499694824219, 308.0899963378906, 500.469970703125), 1)
  ('re', Rect(101.9000015258789, 487.3899841308594, 226.60000610351562, 500.8299865722656), 1)
  ('re', Rect(104.30000305175781, 487.1499938964844, 201.16400146484375, 500.8299865722656), 1)
  ('re', Rect(32.15999984741211, 487.7499694824219, 94.10400390625, 500.469970703125), 1)
  ('re', Rect(27.84000015258789, 484.3899841308594, 28.31999969482422, 503.8299865722656), 1)
  ('re', Rect(97.7040023803711, 484.3899841308594, 98.18400573730469, 503.8299865722656), 1)
  ('re', Rect(230.3300018310547, 484.3899841308594, 230.80999755859375, 503.8299865722656), 1)
  ('re', Rect(311.69000244140625, 484.3899841308594, 312.1700134277344, 503.8299865722656), 1)
  ('re', Rect(573.719970703125, 484.3899841308594, 574.199951171875, 503.8299865722656), 1)
  ('re', Rect(316.010009765625, 506.8299865722656, 552.0999755859375, 520.27001953125), 1)
  ('re', Rect(234.52999877929688, 507.3099670410156, 308.0899963378906, 519.9099731445312), 1)
  ('re', Rect(101.9000015258789, 506.8299865722656, 226.60000610351562, 520.3900146484375), 1)
  ('re', Rect(104.30000305175781, 506.5899963378906, 201.16400146484375, 520.27001953125), 1)
  ('re', Rect(32.15999984741211, 507.3099670410156, 94.10400390625, 519.9099731445312), 1)
  ('re', Rect(27.84000015258789, 503.8299865722656, 28.31999969482422, 523.3900146484375), 1)
  ('re', Rect(97.7040023803711, 503.8299865722656, 98.18400573730469, 523.3900146484375), 1)
  ('re', Rect(230.3300018310547, 503.8299865722656, 230.80999755859375, 523.3900146484375), 1)
  ('re', Rect(311.69000244140625, 503.8299865722656, 312.1700134277344, 523.3900146484375), 1)
  ('re', Rect(573.719970703125, 503.8299865722656, 574.199951171875, 523.3900146484375), 1)
  ('re', Rect(316.010009765625, 526.8699951171875, 569.8599853515625, 539.469970703125), 1)
  ('re', Rect(316.010009765625, 539.469970703125, 569.8599853515625, 552.18994140625), 1)
  ('re', Rect(234.52999877929688, 533.22998046875, 308.0899963378906, 545.8299560546875), 1)
  ('re', Rect(101.9000015258789, 533.22998046875, 226.60000610351562, 545.8299560546875), 1)
  ('re', Rect(104.30000305175781, 532.8699951171875, 224.20001220703125, 545.8299560546875), 1)
  ('re', Rect(32.15999984741211, 533.22998046875, 94.10400390625, 545.8299560546875), 1)
  ('re', Rect(27.84000015258789, 523.3900146484375, 28.31999969482422, 523.8699951171875), 1)
  ('re', Rect(28.31999969482422, 523.3900146484375, 97.7040023803711, 523.8699951171875), 1)
  ('re', Rect(97.7040023803711, 523.3900146484375, 98.18400573730469, 523.8699951171875), 1)
  ('re', Rect(98.18399810791016, 523.3900146484375, 230.32400512695312, 523.8699951171875), 1)
  ('re', Rect(230.3300018310547, 523.3900146484375, 230.80999755859375, 523.8699951171875), 1)
  ('re', Rect(230.80999755859375, 523.3900146484375, 311.69000244140625, 523.8699951171875), 1)
  ('re', Rect(311.69000244140625, 523.3900146484375, 312.1700134277344, 523.8699951171875), 1)
  ('re', Rect(312.1700134277344, 523.3900146484375, 573.719970703125, 523.8699951171875), 1)
  ('re', Rect(573.719970703125, 523.3900146484375, 574.199951171875, 523.8699951171875), 1)
  ('re', Rect(27.84000015258789, 523.8699951171875, 28.31999969482422, 555.18994140625), 1)
  ('re', Rect(97.7040023803711, 523.8699951171875, 98.18400573730469, 555.18994140625), 1)
  ('re', Rect(230.3300018310547, 523.8699951171875, 230.80999755859375, 555.18994140625), 1)
  ('re', Rect(311.69000244140625, 523.8699951171875, 312.1700134277344, 555.18994140625), 1)
  ('re', Rect(573.719970703125, 523.8699951171875, 574.199951171875, 555.18994140625), 1)
  ('re', Rect(316.010009765625, 558.6699829101562, 569.8599853515625, 571.27001953125), 1)
  ('re', Rect(316.010009765625, 571.27001953125, 569.8599853515625, 583.989990234375), 1)
  ('re', Rect(234.52999877929688, 564.4299926757812, 308.0899963378906, 578.22998046875), 1)
  ('re', Rect(101.9000015258789, 564.4299926757812, 226.60000610351562, 578.22998046875), 1)
  ('re', Rect(32.15999984741211, 564.4299926757812, 94.10400390625, 578.22998046875), 1)
  ('re', Rect(27.84000015258789, 555.1900024414062, 28.31999969482422, 555.6699829101562), 1)
  ('re', Rect(28.31999969482422, 555.1900024414062, 97.7040023803711, 555.6699829101562), 1)
  ('re', Rect(97.7040023803711, 555.1900024414062, 98.18400573730469, 555.6699829101562), 1)
  ('re', Rect(98.18399810791016, 555.1900024414062, 230.32400512695312, 555.6699829101562), 1)
  ('re', Rect(230.3300018310547, 555.1900024414062, 230.80999755859375, 555.6699829101562), 1)
  ('re', Rect(230.80999755859375, 555.1900024414062, 311.69000244140625, 555.6699829101562), 1)
  ('re', Rect(311.69000244140625, 555.1900024414062, 312.1700134277344, 555.6699829101562), 1)
  ('re', Rect(312.1700134277344, 555.1900024414062, 573.719970703125, 555.6699829101562), 1)
  ('re', Rect(573.719970703125, 555.1900024414062, 574.199951171875, 555.6699829101562), 1)
  ('re', Rect(27.84000015258789, 555.6699829101562, 28.31999969482422, 586.989990234375), 1)
  ('re', Rect(97.7040023803711, 555.6699829101562, 98.18400573730469, 586.989990234375), 1)
  ('re', Rect(230.3300018310547, 555.6699829101562, 230.80999755859375, 586.989990234375), 1)
  ('re', Rect(311.69000244140625, 555.6699829101562, 312.1700134277344, 586.989990234375), 1)
  ('re', Rect(573.719970703125, 555.6699829101562, 574.199951171875, 586.989990234375), 1)
  ('re', Rect(316.010009765625, 589.989990234375, 552.0999755859375, 603.4299926757812), 1)
  ('re', Rect(234.52999877929688, 590.3499755859375, 308.0899963378906, 602.949951171875), 1)
  ('re', Rect(101.9000015258789, 590.3499755859375, 226.60000610351562, 602.949951171875), 1)
  ('re', Rect(32.15999984741211, 590.3499755859375, 94.10400390625, 602.949951171875), 1)
  ('re', Rect(27.84000015258789, 586.989990234375, 28.31999969482422, 606.4299926757812), 1)
  ('re', Rect(97.7040023803711, 586.989990234375, 98.18400573730469, 606.4299926757812), 1)
  ('re', Rect(230.3300018310547, 586.989990234375, 230.80999755859375, 606.4299926757812), 1)
  ('re', Rect(311.69000244140625, 586.989990234375, 312.1700134277344, 606.4299926757812), 1)
  ('re', Rect(573.719970703125, 586.989990234375, 574.199951171875, 606.4299926757812), 1)
  ('re', Rect(316.010009765625, 609.4299926757812, 552.0999755859375, 622.8699951171875), 1)
  ('re', Rect(234.52999877929688, 609.7899780273438, 308.0899963378906, 622.3900146484375), 1)
  ('re', Rect(101.9000015258789, 609.7899780273438, 226.60000610351562, 622.3900146484375), 1)
  ('re', Rect(32.15999984741211, 609.7899780273438, 94.10400390625, 622.3900146484375), 1)
  ('re', Rect(27.84000015258789, 606.4359741210938, 28.31999969482422, 625.8999633789062), 1)
  ('re', Rect(27.84000015258789, 625.9000244140625, 28.31999969482422, 626.3800048828125), 1)
  ('re', Rect(27.84000015258789, 625.9000244140625, 28.31999969482422, 626.3800048828125), 1)
  ('re', Rect(28.31999969482422, 625.9000244140625, 97.7040023803711, 626.3800048828125), 1)
  ('re', Rect(97.7040023803711, 606.4359741210938, 98.18400573730469, 625.8999633789062), 1)
  ('re', Rect(97.7040023803711, 625.9000244140625, 98.18400573730469, 626.3800048828125), 1)
  ('re', Rect(98.18399810791016, 625.9000244140625, 230.32400512695312, 626.3800048828125), 1)
  ('re', Rect(230.3300018310547, 606.4359741210938, 230.80999755859375, 625.8999633789062), 1)
  ('re', Rect(230.3300018310547, 625.9000244140625, 230.80999755859375, 626.3800048828125), 1)
  ('re', Rect(230.80999755859375, 625.9000244140625, 311.69000244140625, 626.3800048828125), 1)
  ('re', Rect(311.69000244140625, 606.4359741210938, 312.1700134277344, 625.8999633789062), 1)
  ('re', Rect(311.69000244140625, 625.9000244140625, 312.1700134277344, 626.3800048828125), 1)
  ('re', Rect(312.1700134277344, 625.9000244140625, 573.719970703125, 626.3800048828125), 1)
  ('re', Rect(573.719970703125, 606.4359741210938, 574.199951171875, 625.8999633789062), 1)
  ('re', Rect(573.719970703125, 625.9000244140625, 574.199951171875, 626.3800048828125), 1)
  ('re', Rect(573.719970703125, 625.9000244140625, 574.199951171875, 626.3800048828125), 1)
  ('re', Rect(26.639999389648438, 677.6199951171875, 567.1000366210938, 686.8599853515625), 1)
  ('re', Rect(26.639999389648438, 686.8599853515625, 567.1000366210938, 696.0999755859375), 1)
  ('re', Rect(26.639999389648438, 708.219970703125, 567.1000366210938, 717.4599609375), 1)
  ('re', Rect(26.639999389648438, 717.4599609375, 567.1000366210938, 726.699951171875), 1)
=== PAGE 3 GRAPHICS ===
  ('re', Rect(316.010009765625, 39.84002685546875, 570.0999755859375, 52.44000244140625), 1)
  ('re', Rect(234.52999877929688, 39.84002685546875, 308.0899963378906, 52.44000244140625), 1)
  ('re', Rect(101.9000015258789, 39.84002685546875, 226.60000610351562, 52.44000244140625), 1)
  ('re', Rect(32.15999984741211, 39.84002685546875, 94.10400390625, 52.44000244140625), 1)
  ('re', Rect(27.84000015258789, 35.4000244140625, 28.31999969482422, 35.8800048828125), 1)
  ('re', Rect(27.84000015258789, 35.4000244140625, 28.31999969482422, 35.8800048828125), 1)
  ('re', Rect(28.31999969482422, 35.4000244140625, 97.7040023803711, 35.8800048828125), 1)
  ('re', Rect(97.7040023803711, 35.4000244140625, 98.18400573730469, 35.8800048828125), 1)
  ('re', Rect(98.18399810791016, 35.4000244140625, 230.32400512695312, 35.8800048828125), 1)
  ('re', Rect(230.3300018310547, 35.4000244140625, 230.80999755859375, 35.8800048828125), 1)
  ('re', Rect(230.80999755859375, 35.4000244140625, 311.69000244140625, 35.8800048828125), 1)
  ('re', Rect(311.69000244140625, 35.4000244140625, 312.1700134277344, 35.8800048828125), 1)
  ('re', Rect(312.1700134277344, 35.4000244140625, 573.719970703125, 35.8800048828125), 1)
  ('re', Rect(573.719970703125, 35.4000244140625, 574.199951171875, 35.8800048828125), 1)
  ('re', Rect(573.719970703125, 35.4000244140625, 574.199951171875, 35.8800048828125), 1)
  ('re', Rect(27.84000015258789, 35.87994384765625, 28.31999969482422, 56.39996337890625), 1)
  ('re', Rect(97.7040023803711, 35.87994384765625, 98.18400573730469, 56.39996337890625), 1)
  ('re', Rect(230.3300018310547, 35.87994384765625, 230.80999755859375, 56.39996337890625), 1)
  ('re', Rect(311.69000244140625, 35.87994384765625, 312.1700134277344, 56.39996337890625), 1)
  ('re', Rect(573.719970703125, 35.87994384765625, 574.199951171875, 56.39996337890625), 1)
  ('re', Rect(316.010009765625, 57.0, 569.8599853515625, 69.5999755859375), 1)
  ('re', Rect(316.010009765625, 69.60003662109375, 569.8599853515625, 82.20001220703125), 1)
  ('re', Rect(234.52999877929688, 61.67999267578125, 308.0899963378906, 75.47998046875), 1)
  ('re', Rect(32.15999984741211, 62.1600341796875, 94.10400390625, 74.8800048828125), 1)
  ('re', Rect(27.84000015258789, 56.4000244140625, 28.31999969482422, 56.8800048828125), 1)
  ('re', Rect(28.31999969482422, 56.4000244140625, 97.7040023803711, 56.8800048828125), 1)
  ('re', Rect(97.7040023803711, 56.4000244140625, 98.18400573730469, 56.8800048828125), 1)
  ('re', Rect(98.18399810791016, 56.4000244140625, 230.32400512695312, 56.8800048828125), 1)
  ('re', Rect(230.3300018310547, 56.4000244140625, 230.80999755859375, 56.8800048828125), 1)
  ('re', Rect(230.80999755859375, 56.4000244140625, 311.69000244140625, 56.8800048828125), 1)
  ('re', Rect(311.69000244140625, 56.4000244140625, 312.1700134277344, 56.8800048828125), 1)
  ('re', Rect(312.1700134277344, 56.4000244140625, 573.719970703125, 56.8800048828125), 1)
  ('re', Rect(573.719970703125, 56.4000244140625, 574.199951171875, 56.8800048828125), 1)
  ('re', Rect(27.84000015258789, 56.87994384765625, 28.31999969482422, 83.15997314453125), 1)
  ('re', Rect(97.7040023803711, 56.87994384765625, 98.18400573730469, 83.15997314453125), 1)
  ('re', Rect(230.3300018310547, 56.87994384765625, 230.80999755859375, 83.15997314453125), 1)
  ('re', Rect(311.69000244140625, 56.87994384765625, 312.1700134277344, 83.15997314453125), 1)
  ('re', Rect(573.719970703125, 56.87994384765625, 574.199951171875, 83.15997314453125), 1)
  ('re', Rect(316.010009765625, 83.635986328125, 569.8599853515625, 96.260009765625), 1)
  ('re', Rect(316.010009765625, 96.260009765625, 569.8599853515625, 108.97998046875), 1)
  ('re', Rect(234.52999877929688, 89.9000244140625, 308.0899963378906, 102.6199951171875), 1)
  ('re', Rect(32.15999984741211, 89.9000244140625, 94.10400390625, 102.6199951171875), 1)
  ('re', Rect(27.84000015258789, 83.15997314453125, 28.31999969482422, 83.63995361328125), 1)
  ('re', Rect(28.31999969482422, 83.15997314453125, 97.7040023803711, 83.63995361328125), 1)
  ('re', Rect(97.7040023803711, 83.15997314453125, 98.18400573730469, 83.63995361328125), 1)
  ('re', Rect(98.18399810791016, 83.15997314453125, 230.32400512695312, 83.63995361328125), 1)
  ('re', Rect(230.3300018310547, 83.15997314453125, 230.80999755859375, 83.63995361328125), 1)
  ('re', Rect(230.80999755859375, 83.15997314453125, 311.69000244140625, 83.63995361328125), 1)
  ('re', Rect(311.69000244140625, 83.15997314453125, 312.1700134277344, 83.63995361328125), 1)
  ('re', Rect(312.1700134277344, 83.15997314453125, 573.719970703125, 83.63995361328125), 1)
  ('re', Rect(573.719970703125, 83.15997314453125, 574.199951171875, 83.63995361328125), 1)
  ('re', Rect(27.84000015258789, 83.635986328125, 28.31999969482422, 111.97998046875), 1)
  ('re', Rect(97.7040023803711, 83.635986328125, 98.18400573730469, 111.97998046875), 1)
  ('re', Rect(230.3300018310547, 83.635986328125, 230.80999755859375, 111.97998046875), 1)
  ('re', Rect(311.69000244140625, 83.635986328125, 312.1700134277344, 111.97998046875), 1)
  ('re', Rect(573.719970703125, 83.635986328125, 574.199951171875, 111.97998046875), 1)
  ('re', Rect(316.010009765625, 112.46002197265625, 569.8599853515625, 125.05999755859375), 1)
  ('re', Rect(316.010009765625, 125.05999755859375, 569.8599853515625, 137.77996826171875), 1)
  ('re', Rect(316.010009765625, 137.780029296875, 569.8599853515625, 150.3800048828125), 1)
  ('re', Rect(234.52999877929688, 125.05999755859375, 308.0899963378906, 137.77996826171875), 1)
  ('re', Rect(32.15999984741211, 125.05999755859375, 94.10400390625, 137.77996826171875), 1)
  ('re', Rect(27.84000015258789, 111.97998046875, 28.31999969482422, 112.4599609375), 1)
  ('re', Rect(28.31999969482422, 111.97998046875, 97.7040023803711, 112.4599609375), 1)
  ('re', Rect(97.7040023803711, 111.97998046875, 98.18400573730469, 112.4599609375), 1)
  ('re', Rect(98.18399810791016, 111.97998046875, 230.32400512695312, 112.4599609375), 1)
  ('re', Rect(230.3300018310547, 111.97998046875, 230.80999755859375, 112.4599609375), 1)
  ('re', Rect(230.80999755859375, 111.97998046875, 311.69000244140625, 112.4599609375), 1)
  ('re', Rect(311.69000244140625, 111.97998046875, 312.1700134277344, 112.4599609375), 1)
  ('re', Rect(312.1700134277344, 111.97998046875, 573.719970703125, 112.4599609375), 1)
  ('re', Rect(573.719970703125, 111.97998046875, 574.199951171875, 112.4599609375), 1)
  ('re', Rect(27.84000015258789, 112.46002197265625, 28.31999969482422, 153.3800048828125), 1)
  ('re', Rect(97.7040023803711, 112.46002197265625, 98.18400573730469, 153.3800048828125), 1)
  ('re', Rect(230.3300018310547, 112.46002197265625, 230.80999755859375, 153.3800048828125), 1)
  ('re', Rect(311.69000244140625, 112.46002197265625, 312.1700134277344, 153.3800048828125), 1)
  ('re', Rect(573.719970703125, 112.46002197265625, 574.199951171875, 153.3800048828125), 1)
  ('re', Rect(316.010009765625, 153.8599853515625, 569.8599853515625, 166.5799560546875), 1)
  ('re', Rect(316.010009765625, 166.58001708984375, 569.8599853515625, 179.17999267578125), 1)
  ('re', Rect(316.010009765625, 179.17999267578125, 569.8599853515625, 191.77996826171875), 1)
  ('re', Rect(234.52999877929688, 166.58001708984375, 308.0899963378906, 179.17999267578125), 1)
  ('re', Rect(32.15999984741211, 166.58001708984375, 94.10400390625, 179.17999267578125), 1)
  ('re', Rect(27.84000015258789, 153.3800048828125, 28.31999969482422, 153.8599853515625), 1)
  ('re', Rect(28.31999969482422, 153.3800048828125, 97.7040023803711, 153.8599853515625), 1)
  ('re', Rect(97.7040023803711, 153.3800048828125, 98.18400573730469, 153.8599853515625), 1)
  ('re', Rect(98.18399810791016, 153.3800048828125, 230.32400512695312, 153.8599853515625), 1)
  ('re', Rect(230.3300018310547, 153.3800048828125, 230.80999755859375, 153.8599853515625), 1)
  ('re', Rect(230.80999755859375, 153.3800048828125, 311.69000244140625, 153.8599853515625), 1)
  ('re', Rect(311.69000244140625, 153.3800048828125, 312.1700134277344, 153.8599853515625), 1)
  ('re', Rect(312.1700134277344, 153.3800048828125, 573.719970703125, 153.8599853515625), 1)
  ('re', Rect(573.719970703125, 153.3800048828125, 574.199951171875, 153.8599853515625), 1)
  ('re', Rect(27.84000015258789, 153.8599853515625, 28.31999969482422, 194.77996826171875), 1)
  ('re', Rect(97.7040023803711, 153.8599853515625, 98.18400573730469, 194.77996826171875), 1)
  ('re', Rect(230.3300018310547, 153.8599853515625, 230.80999755859375, 194.77996826171875), 1)
  ('re', Rect(311.69000244140625, 153.8599853515625, 312.1700134277344, 194.77996826171875), 1)
  ('re', Rect(573.719970703125, 153.8599853515625, 574.199951171875, 194.77996826171875), 1)
  ('re', Rect(316.010009765625, 195.260009765625, 569.8599853515625, 207.97998046875), 1)
  ('re', Rect(234.52999877929688, 195.260009765625, 308.0899963378906, 209.05999755859375), 1)
  ('re', Rect(32.15999984741211, 195.8599853515625, 94.10400390625, 208.5799560546875), 1)
  ('re', Rect(27.84000015258789, 194.780029296875, 28.31999969482422, 195.260009765625), 1)
  ('re', Rect(28.31999969482422, 194.780029296875, 97.7040023803711, 195.260009765625), 1)
  ('re', Rect(97.7040023803711, 194.780029296875, 98.18400573730469, 195.260009765625), 1)
  ('re', Rect(98.18399810791016, 194.780029296875, 230.32400512695312, 195.260009765625), 1)
  ('re', Rect(230.3300018310547, 194.780029296875, 230.80999755859375, 195.260009765625), 1)
  ('re', Rect(230.80999755859375, 194.780029296875, 311.69000244140625, 195.260009765625), 1)
  ('re', Rect(311.69000244140625, 194.780029296875, 312.1700134277344, 195.260009765625), 1)
  ('re', Rect(312.1700134277344, 194.780029296875, 573.719970703125, 195.260009765625), 1)
  ('re', Rect(573.719970703125, 194.780029296875, 574.199951171875, 195.260009765625), 1)
  ('re', Rect(27.84000015258789, 195.260009765625, 28.31999969482422, 212.17999267578125), 1)
  ('re', Rect(27.84000015258789, 212.17999267578125, 28.31999969482422, 212.65997314453125), 1)
  ('re', Rect(27.84000015258789, 212.17999267578125, 28.31999969482422, 212.65997314453125), 1)
  ('re', Rect(28.31999969482422, 212.17999267578125, 97.7040023803711, 212.65997314453125), 1)
  ('re', Rect(97.7040023803711, 195.260009765625, 98.18400573730469, 212.17999267578125), 1)
  ('re', Rect(97.7040023803711, 212.17999267578125, 98.18400573730469, 212.65997314453125), 1)
  ('re', Rect(98.18399810791016, 212.17999267578125, 230.32400512695312, 212.65997314453125), 1)
  ('re', Rect(230.3300018310547, 195.260009765625, 230.80999755859375, 212.17999267578125), 1)
  ('re', Rect(230.3300018310547, 212.17999267578125, 230.80999755859375, 212.65997314453125), 1)
  ('re', Rect(230.80999755859375, 212.17999267578125, 311.69000244140625, 212.65997314453125), 1)
  ('re', Rect(311.69000244140625, 195.260009765625, 312.1700134277344, 212.17999267578125), 1)
  ('re', Rect(311.69000244140625, 212.17999267578125, 312.1700134277344, 212.65997314453125), 1)
  ('re', Rect(312.1700134277344, 212.17999267578125, 573.719970703125, 212.65997314453125), 1)
  ('re', Rect(573.719970703125, 195.260009765625, 574.199951171875, 212.17999267578125), 1)
  ('re', Rect(573.719970703125, 212.17999267578125, 574.199951171875, 212.65997314453125), 1)
  ('re', Rect(573.719970703125, 212.17999267578125, 574.199951171875, 212.65997314453125), 1)
  ('re', Rect(28.079999923706055, 229.82000732421875, 573.9600219726562, 248.53997802734375), 1)
  ('re', Rect(33.47999954223633, 229.82000732421875, 568.5399780273438, 248.53997802734375), 1)
  ('re', Rect(26.639999389648438, 260.06597900390625, 561.2200317382812, 272.69000244140625), 1)
  ('re', Rect(127.94000244140625, 259.46600341796875, 559.77001953125, 272.69000244140625), 1)
  ('re', Rect(26.639999389648438, 272.69000244140625, 547.2999877929688, 280.72998046875), 1)
  ('re', Rect(315.1700134277344, 291.6500244140625, 555.9400024414062, 304.3699951171875), 1)
  ('re', Rect(233.80999755859375, 291.6500244140625, 307.25, 304.3699951171875), 1)
  ('re', Rect(193.85000610351562, 291.6500244140625, 225.8900146484375, 304.3699951171875), 1)
  ('re', Rect(115.94000244140625, 284.80999755859375, 185.89999389648438, 298.489990234375), 1)
  ('re', Rect(115.94000244140625, 298.489990234375, 185.89999389648438, 311.2099609375), 1)
  ('re', Rect(32.15999984741211, 285.2900390625, 108.02400207519531, 298.010009765625), 1)
  ('re', Rect(32.15999984741211, 298.010009765625, 108.02400207519531, 310.72998046875), 1)
  ('re', Rect(27.84000015258789, 283.3699951171875, 28.31999969482422, 283.8499755859375), 1)
  ('re', Rect(27.84000015258789, 283.3699951171875, 28.31999969482422, 283.8499755859375), 1)
  ('re', Rect(28.31999969482422, 283.3699951171875, 111.6240005493164, 283.8499755859375), 1)
  ('re', Rect(111.62000274658203, 283.3699951171875, 112.10000610351562, 283.8499755859375), 1)
  ('re', Rect(112.0999984741211, 283.3699951171875, 189.6199951171875, 283.8499755859375), 1)
  ('re', Rect(189.6199951171875, 283.3699951171875, 190.09999084472656, 283.8499755859375), 1)
  ('re', Rect(190.10000610351562, 283.3699951171875, 229.4840087890625, 283.8499755859375), 1)
  ('re', Rect(229.49000549316406, 283.3699951171875, 229.97000122070312, 283.8499755859375), 1)
  ('re', Rect(229.97000122070312, 283.3699951171875, 310.8500061035156, 283.8499755859375), 1)
  ('re', Rect(310.8500061035156, 283.3699951171875, 311.33001708984375, 283.8499755859375), 1)
  ('re', Rect(311.3299865722656, 283.3699951171875, 559.5399780273438, 283.8499755859375), 1)
  ('re', Rect(559.5399780273438, 283.3699951171875, 560.0199584960938, 283.8499755859375), 1)
  ('re', Rect(559.5399780273438, 283.3699951171875, 560.0199584960938, 283.8499755859375), 1)
  ('re', Rect(27.84000015258789, 283.8499755859375, 28.31999969482422, 312.16998291015625), 1)
  ('re', Rect(111.62000274658203, 283.8499755859375, 112.10000610351562, 312.16998291015625), 1)
  ('re', Rect(189.6199951171875, 283.8499755859375, 190.09999084472656, 312.16998291015625), 1)
  ('re', Rect(229.49000549316406, 283.8499755859375, 229.97000122070312, 312.16998291015625), 1)
  ('re', Rect(310.8500061035156, 283.8499755859375, 311.33001708984375, 312.16998291015625), 1)
  ('re', Rect(559.5399780273438, 283.8499755859375, 560.0199584960938, 312.16998291015625), 1)
  ('re', Rect(315.1700134277344, 314.21002197265625, 555.9400024414062, 326.92999267578125), 1)
  ('re', Rect(233.80999755859375, 314.21002197265625, 307.25, 326.92999267578125), 1)
  ('re', Rect(193.85000610351562, 314.21002197265625, 225.8900146484375, 326.92999267578125), 1)
  ('re', Rect(115.94000244140625, 314.21002197265625, 185.89999389648438, 326.92999267578125), 1)
  ('re', Rect(32.15999984741211, 313.6099853515625, 90.02400207519531, 327.52996826171875), 1)
  ('re', Rect(27.84000015258789, 312.16998291015625, 28.31999969482422, 312.64996337890625), 1)
  ('re', Rect(28.31999969482422, 312.16998291015625, 111.6240005493164, 312.64996337890625), 1)
  ('re', Rect(111.62000274658203, 312.16998291015625, 112.10000610351562, 312.64996337890625), 1)
  ('re', Rect(112.0999984741211, 312.16998291015625, 189.6199951171875, 312.64996337890625), 1)
  ('re', Rect(189.6199951171875, 312.16998291015625, 190.09999084472656, 312.64996337890625), 1)
  ('re', Rect(190.10000610351562, 312.16998291015625, 229.4840087890625, 312.64996337890625), 1)
  ('re', Rect(229.49000549316406, 312.16998291015625, 229.97000122070312, 312.64996337890625), 1)
  ('re', Rect(229.97000122070312, 312.16998291015625, 310.8500061035156, 312.64996337890625), 1)
  ('re', Rect(310.8500061035156, 312.16998291015625, 311.33001708984375, 312.64996337890625), 1)
  ('re', Rect(311.3299865722656, 312.16998291015625, 559.5399780273438, 312.64996337890625), 1)
  ('re', Rect(559.5399780273438, 312.16998291015625, 560.0199584960938, 312.64996337890625), 1)
  ('re', Rect(27.84000015258789, 312.64996337890625, 28.31999969482422, 328.489990234375), 1)
  ('re', Rect(111.62000274658203, 312.64996337890625, 112.10000610351562, 328.489990234375), 1)
  ('re', Rect(189.6199951171875, 312.64996337890625, 190.09999084472656, 328.489990234375), 1)
  ('re', Rect(229.49000549316406, 312.64996337890625, 229.97000122070312, 328.489990234375), 1)
  ('re', Rect(310.8500061035156, 312.64996337890625, 311.33001708984375, 328.489990234375), 1)
  ('re', Rect(559.5399780273438, 312.64996337890625, 560.0199584960938, 328.489990234375), 1)
  ('re', Rect(315.1700134277344, 330.52996826171875, 555.9400024414062, 343.2499694824219), 1)
  ('re', Rect(483.82000732421875, 330.28997802734375, 540.7000122070312, 343.2499694824219), 1)
  ('re', Rect(233.80999755859375, 330.52996826171875, 307.25, 343.2499694824219), 1)
  ('re', Rect(193.85000610351562, 330.52996826171875, 225.8900146484375, 343.2499694824219), 1)
  ('re', Rect(115.94000244140625, 330.52996826171875, 185.89999389648438, 343.2499694824219), 1)
  ('re', Rect(32.15999984741211, 329.9299621582031, 90.02400207519531, 343.8499755859375), 1)
  ('re', Rect(27.84000015258789, 328.489990234375, 28.31999969482422, 328.969970703125), 1)
  ('re', Rect(28.31999969482422, 328.489990234375, 111.6240005493164, 328.969970703125), 1)
  ('re', Rect(111.62000274658203, 328.489990234375, 112.10000610351562, 328.969970703125), 1)
  ('re', Rect(112.0999984741211, 328.489990234375, 189.6199951171875, 328.969970703125), 1)
  ('re', Rect(189.6199951171875, 328.489990234375, 190.09999084472656, 328.969970703125), 1)
  ('re', Rect(190.10000610351562, 328.489990234375, 229.4840087890625, 328.969970703125), 1)
  ('re', Rect(229.49000549316406, 328.489990234375, 229.97000122070312, 328.969970703125), 1)
  ('re', Rect(229.97000122070312, 328.489990234375, 310.8500061035156, 328.969970703125), 1)
  ('re', Rect(310.8500061035156, 328.489990234375, 311.33001708984375, 328.969970703125), 1)
  ('re', Rect(311.3299865722656, 328.489990234375, 559.5399780273438, 328.969970703125), 1)
  ('re', Rect(559.5399780273438, 328.489990234375, 560.0199584960938, 328.969970703125), 1)
  ('re', Rect(27.84000015258789, 328.969970703125, 28.31999969482422, 344.80999755859375), 1)
  ('re', Rect(111.62000274658203, 328.969970703125, 112.10000610351562, 344.80999755859375), 1)
  ('re', Rect(189.6199951171875, 328.969970703125, 190.09999084472656, 344.80999755859375), 1)
  ('re', Rect(229.49000549316406, 328.969970703125, 229.97000122070312, 344.80999755859375), 1)
  ('re', Rect(310.8500061035156, 328.969970703125, 311.33001708984375, 344.80999755859375), 1)
  ('re', Rect(559.5399780273438, 328.969970703125, 560.0199584960938, 344.80999755859375), 1)
  ('re', Rect(315.1700134277344, 346.8499755859375, 548.97998046875, 359.5699768066406), 1)
  ('re', Rect(233.80999755859375, 346.2499694824219, 289.25, 360.16998291015625), 1)
  ('re', Rect(115.94000244140625, 346.2499694824219, 167.89999389648438, 360.16998291015625), 1)
  ('re', Rect(32.15999984741211, 346.8499755859375, 106.343994140625, 359.5699768066406), 1)
  ('re', Rect(27.84000015258789, 344.80999755859375, 28.31999969482422, 345.28997802734375), 1)
  ('re', Rect(28.31999969482422, 344.80999755859375, 111.6240005493164, 345.28997802734375), 1)
  ('re', Rect(111.62000274658203, 344.80999755859375, 112.10000610351562, 345.28997802734375), 1)
  ('re', Rect(112.0999984741211, 344.80999755859375, 189.6199951171875, 345.28997802734375), 1)
  ('re', Rect(189.6199951171875, 344.80999755859375, 190.09999084472656, 345.28997802734375), 1)
  ('re', Rect(190.10000610351562, 344.80999755859375, 229.4840087890625, 345.28997802734375), 1)
  ('re', Rect(229.49000549316406, 344.80999755859375, 229.97000122070312, 345.28997802734375), 1)
  ('re', Rect(229.97000122070312, 344.80999755859375, 310.8500061035156, 345.28997802734375), 1)
  ('re', Rect(310.8500061035156, 344.80999755859375, 311.33001708984375, 345.28997802734375), 1)
  ('re', Rect(311.3299865722656, 344.80999755859375, 559.5399780273438, 345.28997802734375), 1)
  ('re', Rect(559.5399780273438, 344.80999755859375, 560.0199584960938, 345.28997802734375), 1)
  ('re', Rect(27.84000015258789, 345.28997802734375, 28.31999969482422, 361.1299743652344), 1)
  ('re', Rect(111.62000274658203, 345.28997802734375, 112.10000610351562, 361.1299743652344), 1)
  ('re', Rect(189.6199951171875, 345.28997802734375, 190.09999084472656, 361.1299743652344), 1)
  ('re', Rect(229.49000549316406, 345.28997802734375, 229.97000122070312, 361.1299743652344), 1)
  ('re', Rect(310.8500061035156, 345.28997802734375, 311.33001708984375, 361.1299743652344), 1)
  ('re', Rect(559.5399780273438, 345.28997802734375, 560.0199584960938, 361.1299743652344), 1)
  ('re', Rect(315.1700134277344, 362.5699768066406, 548.97998046875, 375.28997802734375), 1)
  ('re', Rect(233.80999755859375, 362.0899963378906, 289.25, 375.8899841308594), 1)
  ('re', Rect(115.94000244140625, 362.0899963378906, 167.89999389648438, 375.8899841308594), 1)
  ('re', Rect(32.15999984741211, 362.5699768066406, 106.343994140625, 375.28997802734375), 1)
  ('re', Rect(27.84000015258789, 361.1299743652344, 28.31999969482422, 376.8499755859375), 1)
  ('re', Rect(111.62000274658203, 361.1299743652344, 112.10000610351562, 376.8499755859375), 1)
  ('re', Rect(189.6199951171875, 361.1299743652344, 190.09999084472656, 376.8499755859375), 1)
  ('re', Rect(229.49000549316406, 361.1299743652344, 229.97000122070312, 376.8499755859375), 1)
  ('re', Rect(310.8500061035156, 361.1299743652344, 311.33001708984375, 376.8499755859375), 1)
  ('re', Rect(559.5399780273438, 361.1299743652344, 560.0199584960938, 376.8499755859375), 1)
  ('re', Rect(315.1700134277344, 378.40997314453125, 548.97998046875, 391.1299743652344), 1)
  ('re', Rect(233.80999755859375, 377.8099670410156, 289.25, 391.72998046875), 1)
  ('re', Rect(115.94000244140625, 377.8099670410156, 167.89999389648438, 391.72998046875), 1)
  ('re', Rect(32.15999984741211, 378.40997314453125, 106.343994140625, 391.1299743652344), 1)
  ('re', Rect(27.84000015258789, 376.8499755859375, 28.31999969482422, 392.6899719238281), 1)
  ('re', Rect(111.62000274658203, 376.8499755859375, 112.10000610351562, 392.6899719238281), 1)
  ('re', Rect(189.6199951171875, 376.8499755859375, 190.09999084472656, 392.6899719238281), 1)
  ('re', Rect(229.49000549316406, 376.8499755859375, 229.97000122070312, 392.6899719238281), 1)
  ('re', Rect(310.8500061035156, 376.8499755859375, 311.33001708984375, 392.6899719238281), 1)
  ('re', Rect(559.5399780273438, 376.8499755859375, 560.0199584960938, 392.6899719238281), 1)
  ('re', Rect(315.1700134277344, 394.2499694824219, 548.97998046875, 406.969970703125), 1)
  ('re', Rect(233.80999755859375, 393.64996337890625, 289.25, 407.5699768066406), 1)
  ('re', Rect(115.94000244140625, 393.64996337890625, 167.89999389648438, 407.5699768066406), 1)
  ('re', Rect(32.15999984741211, 394.2499694824219, 106.343994140625, 406.969970703125), 1)
  ('re', Rect(27.84000015258789, 392.6899719238281, 28.31999969482422, 408.52996826171875), 1)
  ('re', Rect(111.62000274658203, 392.6899719238281, 112.10000610351562, 408.52996826171875), 1)
  ('re', Rect(189.6199951171875, 392.6899719238281, 190.09999084472656, 408.52996826171875), 1)
  ('re', Rect(229.49000549316406, 392.6899719238281, 229.97000122070312, 408.52996826171875), 1)
  ('re', Rect(310.8500061035156, 392.6899719238281, 311.33001708984375, 408.52996826171875), 1)
  ('re', Rect(559.5399780273438, 392.6899719238281, 560.0199584960938, 408.52996826171875), 1)
  ('re', Rect(315.1700134277344, 409.969970703125, 548.97998046875, 422.6899719238281), 1)
  ('re', Rect(233.80999755859375, 409.489990234375, 289.25, 423.28997802734375), 1)
  ('re', Rect(115.94000244140625, 409.489990234375, 167.89999389648438, 423.28997802734375), 1)
  ('re', Rect(32.15999984741211, 409.969970703125, 106.343994140625, 422.6899719238281), 1)
  ('re', Rect(27.84000015258789, 408.52996826171875, 28.31999969482422, 424.2499694824219), 1)
  ('re', Rect(111.62000274658203, 408.52996826171875, 112.10000610351562, 424.2499694824219), 1)
  ('re', Rect(189.6199951171875, 408.52996826171875, 190.09999084472656, 424.2499694824219), 1)
  ('re', Rect(229.49000549316406, 408.52996826171875, 229.97000122070312, 424.2499694824219), 1)
  ('re', Rect(310.8500061035156, 408.52996826171875, 311.33001708984375, 424.2499694824219), 1)
  ('re', Rect(559.5399780273438, 408.52996826171875, 560.0199584960938, 424.2499694824219), 1)
  ('re', Rect(115.94000244140625, 426.28997802734375, 185.89999389648438, 439.0099792480469), 1)
  ('re', Rect(32.15999984741211, 425.6899719238281, 108.02400207519531, 439.6099853515625), 1)
  ('re', Rect(27.84000015258789, 424.25, 28.31999969482422, 424.72998046875), 1)
  ('re', Rect(28.31999969482422, 424.25, 111.6240005493164, 424.72998046875), 1)
  ('re', Rect(111.62000274658203, 424.25, 112.10000610351562, 424.72998046875), 1)
  ('re', Rect(112.0999984741211, 424.25, 189.6199951171875, 424.72998046875), 1)
  ('re', Rect(189.6199951171875, 424.25, 190.09999084472656, 424.72998046875), 1)
  ('re', Rect(190.10000610351562, 424.25, 229.4840087890625, 424.72998046875), 1)
  ('re', Rect(229.49000549316406, 424.25, 229.97000122070312, 424.72998046875), 1)
  ('re', Rect(229.97000122070312, 424.25, 310.8500061035156, 424.72998046875), 1)
  ('re', Rect(310.8500061035156, 424.25, 311.33001708984375, 424.72998046875), 1)
  ('re', Rect(311.3299865722656, 424.25, 559.5399780273438, 424.72998046875), 1)
  ('re', Rect(559.5399780273438, 424.25, 560.0199584960938, 424.72998046875), 1)
  ('re', Rect(27.84000015258789, 424.72998046875, 28.31999969482422, 440.5699768066406), 1)
  ('re', Rect(111.62000274658203, 424.72998046875, 112.10000610351562, 440.5699768066406), 1)
  ('re', Rect(189.6199951171875, 424.72998046875, 190.09999084472656, 440.5699768066406), 1)
  ('re', Rect(559.5399780273438, 424.72998046875, 560.0199584960938, 440.5699768066406), 1)
  ('re', Rect(32.15999984741211, 442.0059814453125, 555.9400024414062, 454.7499694824219), 1)
  ('re', Rect(27.84000015258789, 440.5699768066406, 28.31999969482422, 441.04998779296875), 1)
  ('re', Rect(28.31999969482422, 440.5699768066406, 111.6240005493164, 441.04998779296875), 1)
  ('re', Rect(111.62000274658203, 440.5699768066406, 112.10000610351562, 441.04998779296875), 1)
  ('re', Rect(112.0999984741211, 440.5699768066406, 189.6199951171875, 441.04998779296875), 1)
  ('re', Rect(189.6199951171875, 440.5699768066406, 190.09999084472656, 441.04998779296875), 1)
  ('re', Rect(190.10000610351562, 440.5699768066406, 559.530029296875, 441.04998779296875), 1)
  ('re', Rect(559.5399780273438, 440.5699768066406, 560.0199584960938, 441.04998779296875), 1)
  ('re', Rect(27.84000015258789, 441.0459899902344, 28.31999969482422, 455.7099914550781), 1)
  ('re', Rect(27.84000015258789, 455.7099609375, 28.31999969482422, 456.1899719238281), 1)
  ('re', Rect(27.84000015258789, 455.7099609375, 28.31999969482422, 456.1899719238281), 1)
  ('re', Rect(28.31999969482422, 455.7099609375, 559.5399780273438, 456.1899719238281), 1)
  ('re', Rect(559.5399780273438, 441.0459899902344, 560.0199584960938, 455.7099914550781), 1)
  ('re', Rect(559.5399780273438, 455.7099609375, 560.0199584960938, 456.1899719238281), 1)
  ('re', Rect(559.5399780273438, 455.7099609375, 560.0199584960938, 456.1899719238281), 1)
  ('re', Rect(26.639999389648438, 466.8699645996094, 547.2999877929688, 479.469970703125), 1)
  ('re', Rect(26.639999389648438, 479.469970703125, 547.2999877929688, 489.78997802734375), 1)
  ('re', Rect(27.84000015258789, 489.78997802734375, 28.31999969482422, 490.2699890136719), 1)
  ('re', Rect(27.84000015258789, 489.78997802734375, 28.31999969482422, 490.2699890136719), 1)
  ('re', Rect(28.31999969482422, 489.78997802734375, 308.45001220703125, 490.2699890136719), 1)
  ('re', Rect(308.45001220703125, 489.78997802734375, 308.9300231933594, 490.2699890136719), 1)
  ('re', Rect(308.92999267578125, 489.78997802734375, 544.9000244140625, 490.2699890136719), 1)
  ('re', Rect(544.9000244140625, 489.78997802734375, 545.3800048828125, 490.2699890136719), 1)
  ('re', Rect(544.9000244140625, 489.78997802734375, 545.3800048828125, 490.2699890136719), 1)
  ('re', Rect(27.84000015258789, 490.2699890136719, 28.31999969482422, 502.989990234375), 1)
  ('re', Rect(308.45001220703125, 490.2699890136719, 308.9300231933594, 502.989990234375), 1)
  ('re', Rect(544.9000244140625, 490.2699890136719, 545.3800048828125, 502.989990234375), 1)
  ('re', Rect(312.6499938964844, 502.989990234375, 451.7799987792969, 515.5899658203125), 1)
  ('re', Rect(32.15999984741211, 523.6300048828125, 304.7300109863281, 532.8699951171875), 1)
  ('re', Rect(27.84000015258789, 502.989990234375, 28.31999969482422, 538.8699951171875), 1)
  ('re', Rect(27.84000015258789, 538.8699951171875, 28.31999969482422, 539.3499755859375), 1)
  ('re', Rect(27.84000015258789, 538.8699951171875, 28.31999969482422, 539.3499755859375), 1)
  ('re', Rect(28.31999969482422, 538.8699951171875, 308.45001220703125, 539.3499755859375), 1)
  ('re', Rect(308.45001220703125, 502.989990234375, 308.9300231933594, 538.8699951171875), 1)
  ('re', Rect(308.45001220703125, 538.8699951171875, 308.9300231933594, 539.3499755859375), 1)
  ('re', Rect(308.92999267578125, 538.8699951171875, 455.739990234375, 539.3499755859375), 1)
  ('re', Rect(455.739990234375, 538.8699951171875, 456.2200012207031, 539.3499755859375), 1)
  ('re', Rect(456.2200012207031, 538.8699951171875, 544.9000244140625, 539.3499755859375), 1)
  ('re', Rect(544.9000244140625, 502.989990234375, 545.3800048828125, 538.8699951171875), 1)
  ('re', Rect(544.9000244140625, 538.8699951171875, 545.3800048828125, 539.3499755859375), 1)
  ('re', Rect(544.9000244140625, 538.8699951171875, 545.3800048828125, 539.3499755859375), 1)
  ('re', Rect(26.639999389648438, 539.3499755859375, 561.2200317382812, 549.6699829101562), 1)
  ('re', Rect(19.799999237060547, 549.6699829101562, 547.2999877929688, 562.3900146484375), 1)
  ('re', Rect(28.079999923706055, 573.9099731445312, 573.9600219726562, 592.510009765625), 1)
  ('re', Rect(33.47999954223633, 573.9099731445312, 568.5399780273438, 592.510009765625), 1)
  ('re', Rect(355.3900146484375, 604.510009765625, 569.72998046875, 617.1099853515625), 1)
  ('re', Rect(355.3900146484375, 617.1099853515625, 569.72998046875, 619.3900146484375), 1)
  ('re', Rect(222.52999877929688, 605.5899658203125, 343.2699890136719, 618.3099975585938), 1)
  ('re', Rect(36.47999954223633, 605.5899658203125, 210.4099884033203, 618.3099975585938), 1)
  ('re', Rect(27.84000015258789, 604.0299072265625, 28.31999969482422, 604.510009765625), 1)
  ('re', Rect(27.84000015258789, 604.0299072265625, 28.31999969482422, 604.510009765625), 1)
  ('re', Rect(28.31999969482422, 604.0299072265625, 214.010009765625, 604.510009765625), 1)
  ('re', Rect(214.00999450683594, 604.0299072265625, 214.49000549316406, 604.510009765625), 1)
  ('re', Rect(214.49000549316406, 604.0299072265625, 346.8699951171875, 604.510009765625), 1)
  ('re', Rect(346.8699951171875, 604.0299072265625, 347.3499755859375, 604.510009765625), 1)
  ('re', Rect(347.3500061035156, 604.0299072265625, 573.3599853515625, 604.510009765625), 1)
  ('re', Rect(573.3599853515625, 604.0299072265625, 573.8400268554688, 604.510009765625), 1)
  ('re', Rect(573.3599853515625, 604.0299072265625, 573.8400268554688, 604.510009765625), 1)
  ('re', Rect(27.84000015258789, 604.510009765625, 28.31999969482422, 619.3900146484375), 1)
  ('re', Rect(214.00999450683594, 604.510009765625, 214.49000549316406, 619.3900146484375), 1)
  ('re', Rect(346.8699951171875, 604.510009765625, 347.3499755859375, 619.3900146484375), 1)
  ('re', Rect(573.3599853515625, 604.510009765625, 573.8400268554688, 619.3900146484375), 1)
  ('re', Rect(351.19000244140625, 619.8759765625, 569.72998046875, 632.6199951171875), 1)
  ('re', Rect(355.3900146484375, 632.6199951171875, 569.72998046875, 638.260009765625), 1)
  ('re', Rect(222.52999877929688, 622.7559814453125, 343.2699890136719, 635.5), 1)
  ('re', Rect(32.15999984741211, 619.8759765625, 210.41000366210938, 632.6199951171875), 1)
  ('re', Rect(36.47999954223633, 632.6199951171875, 210.4099884033203, 638.260009765625), 1)
  ('re', Rect(27.84000015258789, 619.3900146484375, 28.31999969482422, 619.8699951171875), 1)
  ('re', Rect(28.31999969482422, 619.3900146484375, 214.010009765625, 619.8699951171875), 1)
  ('re', Rect(214.00999450683594, 619.3900146484375, 214.49000549316406, 619.8699951171875), 1)
  ('re', Rect(214.49000549316406, 619.3900146484375, 346.8699951171875, 619.8699951171875), 1)
  ('re', Rect(346.8699951171875, 619.3900146484375, 347.3499755859375, 619.8699951171875), 1)
  ('re', Rect(347.3500061035156, 619.3900146484375, 573.3599853515625, 619.8699951171875), 1)
  ('re', Rect(573.3599853515625, 619.3900146484375, 573.8400268554688, 619.8699951171875), 1)
  ('re', Rect(27.84000015258789, 619.8759765625, 28.31999969482422, 638.260009765625), 1)
  ('re', Rect(27.84000015258789, 638.2599487304688, 28.31999969482422, 638.739990234375), 1)
  ('re', Rect(27.84000015258789, 638.2599487304688, 28.31999969482422, 638.739990234375), 1)
  ('re', Rect(28.31999969482422, 638.2599487304688, 214.010009765625, 638.739990234375), 1)
  ('re', Rect(214.00999450683594, 619.8759765625, 214.49000549316406, 638.260009765625), 1)
  ('re', Rect(214.00999450683594, 638.2599487304688, 214.49000549316406, 638.739990234375), 1)
  ('re', Rect(214.49000549316406, 638.2599487304688, 346.8699951171875, 638.739990234375), 1)
  ('re', Rect(346.8699951171875, 619.8759765625, 347.3499755859375, 638.260009765625), 1)
  ('re', Rect(346.8699951171875, 638.2599487304688, 347.3499755859375, 638.739990234375), 1)
  ('re', Rect(347.3500061035156, 638.2599487304688, 573.3599853515625, 638.739990234375), 1)
  ('re', Rect(573.3599853515625, 619.8759765625, 573.8400268554688, 638.260009765625), 1)
  ('re', Rect(573.3599853515625, 638.2599487304688, 573.8400268554688, 638.739990234375), 1)
  ('re', Rect(573.3599853515625, 638.2599487304688, 573.8400268554688, 638.739990234375), 1)
  ('re', Rect(26.639999389648438, 652.5399780273438, 575.6400146484375, 663.3399658203125), 1)
  ('re', Rect(26.639999389648438, 663.3399658203125, 575.6400146484375, 672.5799560546875), 1)
  ('re', Rect(26.639999389648438, 672.5799560546875, 575.6400146484375, 682.7799682617188), 1)
  ('re', Rect(26.639999389648438, 682.7799682617188, 575.6400146484375, 692.97998046875), 1)
  ('re', Rect(26.639999389648438, 692.97998046875, 575.6400146484375, 703.1799926757812), 1)
  ('re', Rect(26.639999389648438, 703.1799926757812, 575.6400146484375, 713.3800048828125), 1)
  ('re', Rect(26.639999389648438, 713.3800048828125, 575.6400146484375, 723.5799560546875), 1)
  ('re', Rect(26.639999389648438, 723.5799560546875, 575.6400146484375, 732.8200073242188), 1)
  ('re', Rect(26.639999389648438, 733.7760009765625, 557.6199951171875, 743.0159912109375), 1)
  ('re', Rect(26.639999389648438, 743.9759521484375, 575.6400146484375, 753.2160034179688), 1)
  ('re', Rect(26.639999389648438, 754.1759643554688, 539.9800415039062, 764.3759765625), 1)
  ('re', Rect(26.639999389648438, 764.3758544921875, 539.9800415039062, 773.615966796875), 1)
  ('re', Rect(26.639999389648438, 774.5759887695312, 575.6400146484375, 783.8159790039062), 1)
  ('re', Rect(26.639999389648438, 784.7760009765625, 554.1400146484375, 794.9759521484375), 1)
  ('re', Rect(26.639999389648438, 794.9759521484375, 554.1400146484375, 804.239990234375), 1)
  ('re', Rect(26.639999389648438, 805.199951171875, 575.6400146484375, 814.4400024414062), 1)
  ('re', Rect(424.0799865722656, 549.9599609375, 439.0799865722656, 561.0), 1)
  ('re', Rect(348.4800109863281, 549.9599609375, 363.4800109863281, 561.0), 1)
  ('re', Rect(328.67999267578125, 467.27996826171875, 343.67999267578125, 477.47998046875), 1)
  ('re', Rect(270.3599853515625, 467.27996826171875, 285.3599853515625, 477.47998046875), 1)
  ('re', Rect(337.0799865722656, 443.8799743652344, 352.0799865722656, 454.0799865722656), 1)
  ('re', Rect(192.24000549316406, 262.20001220703125, 207.24000549316406, 274.20001220703125), 1)
  ('re', Rect(80.87999725341797, 262.20001220703125, 95.87999725341797, 274.79998779296875), 1)
  ('re', Rect(219.1199951171875, 508.91998291015625, 234.59999084472656, 522.8399658203125), 1)
  ('re', Rect(203.52000427246094, 508.91998291015625, 219.12001037597656, 522.8399658203125), 1)
  ('re', Rect(155.27999877929688, 508.91998291015625, 170.75999450683594, 522.8399658203125), 1)
  ('re', Rect(170.75999450683594, 508.91998291015625, 186.239990234375, 522.8399658203125), 1)
  ('re', Rect(89.5199966430664, 509.03997802734375, 105.0, 522.9599609375), 1)
  ('re', Rect(105.0, 509.03997802734375, 120.47999572753906, 522.9599609375), 1)
  ('re', Rect(58.68000030517578, 509.03997802734375, 74.04000091552734, 522.9599609375), 1)
  ('re', Rect(74.04000091552734, 509.03997802734375, 89.52000427246094, 522.9599609375), 1)
  ('re', Rect(346.67999267578125, 504.8399963378906, 361.67999267578125, 516.3599853515625), 1)
  ('re', Rect(466.20001220703125, 506.15997314453125, 481.20001220703125, 516.3599853515625), 1)
=== PAGE 4 GRAPHICS ===
  ('re', Rect(28.079999923706055, 14.1600341796875, 559.780029296875, 32.8800048828125), 1)
  ('re', Rect(33.47999954223633, 14.1600341796875, 554.3800048828125, 32.8800048828125), 1)
  ('re', Rect(399.54998779296875, 41.4000244140625, 555.5700073242188, 54.1199951171875), 1)
  ('re', Rect(301.3699951171875, 41.4000244140625, 391.6340026855469, 54.1199951171875), 1)
  ('re', Rect(258.6499938964844, 41.4000244140625, 293.3299865722656, 54.1199951171875), 1)
  ('re', Rect(152.4199981689453, 41.4000244140625, 250.843994140625, 54.1199951171875), 1)
  ('re', Rect(32.15999984741211, 41.4000244140625, 144.5, 54.1199951171875), 1)
  ('re', Rect(27.84000015258789, 38.6400146484375, 28.31999969482422, 39.1199951171875), 1)
  ('re', Rect(27.84000015258789, 38.6400146484375, 28.31999969482422, 39.1199951171875), 1)
  ('re', Rect(28.31999969482422, 38.6400146484375, 148.10000610351562, 39.1199951171875), 1)
  ('re', Rect(148.10000610351562, 38.6400146484375, 148.5800018310547, 39.1199951171875), 1)
  ('re', Rect(148.5800018310547, 38.6400146484375, 254.44000244140625, 39.1199951171875), 1)
  ('re', Rect(254.4499969482422, 38.6400146484375, 254.9300079345703, 39.1199951171875), 1)
  ('re', Rect(254.92999267578125, 38.6400146484375, 297.04998779296875, 39.1199951171875), 1)
  ('re', Rect(297.04998779296875, 38.6400146484375, 297.5299987792969, 39.1199951171875), 1)
  ('re', Rect(297.5299987792969, 38.6400146484375, 395.2340087890625, 39.1199951171875), 1)
  ('re', Rect(395.2300109863281, 38.6400146484375, 395.71002197265625, 39.1199951171875), 1)
  ('re', Rect(395.7099914550781, 38.6400146484375, 559.1699829101562, 39.1199951171875), 1)
  ('re', Rect(559.1799926757812, 38.6400146484375, 559.6599731445312, 39.1199951171875), 1)
  ('re', Rect(559.1799926757812, 38.6400146484375, 559.6599731445312, 39.1199951171875), 1)
  ('re', Rect(27.84000015258789, 39.11993408203125, 28.31999969482422, 56.39996337890625), 1)
  ('re', Rect(148.10000610351562, 39.11993408203125, 148.5800018310547, 56.39996337890625), 1)
  ('re', Rect(254.4499969482422, 39.11993408203125, 254.9300079345703, 56.39996337890625), 1)
  ('re', Rect(297.04998779296875, 39.11993408203125, 297.5299987792969, 56.39996337890625), 1)
  ('re', Rect(395.2300109863281, 39.11993408203125, 395.71002197265625, 56.39996337890625), 1)
  ('re', Rect(559.1799926757812, 39.11993408203125, 559.6599731445312, 56.39996337890625), 1)
  ('re', Rect(27.84000015258789, 56.4000244140625, 28.31999969482422, 56.8800048828125), 1)
  ('re', Rect(28.31999969482422, 56.4000244140625, 148.10000610351562, 56.8800048828125), 1)
  ('re', Rect(148.10000610351562, 56.4000244140625, 148.5800018310547, 56.8800048828125), 1)
  ('re', Rect(148.5800018310547, 56.4000244140625, 254.44000244140625, 56.8800048828125), 1)
  ('re', Rect(254.4499969482422, 56.4000244140625, 254.9300079345703, 56.8800048828125), 1)
  ('re', Rect(254.92999267578125, 56.4000244140625, 297.04998779296875, 56.8800048828125), 1)
  ('re', Rect(297.04998779296875, 56.4000244140625, 297.5299987792969, 56.8800048828125), 1)
  ('re', Rect(297.5299987792969, 56.4000244140625, 395.2340087890625, 56.8800048828125), 1)
  ('re', Rect(395.2300109863281, 56.4000244140625, 395.71002197265625, 56.8800048828125), 1)
  ('re', Rect(395.7099914550781, 56.4000244140625, 559.1699829101562, 56.8800048828125), 1)
  ('re', Rect(559.1799926757812, 56.4000244140625, 559.6599731445312, 56.8800048828125), 1)
  ('re', Rect(27.84000015258789, 56.8800048828125, 28.31999969482422, 67.91998291015625), 1)
  ('re', Rect(148.10000610351562, 56.8800048828125, 148.5800018310547, 67.91998291015625), 1)
  ('re', Rect(254.4499969482422, 56.8800048828125, 254.9300079345703, 67.91998291015625), 1)
  ('re', Rect(297.04998779296875, 56.8800048828125, 297.5299987792969, 67.91998291015625), 1)
  ('re', Rect(395.2300109863281, 56.8800048828125, 395.71002197265625, 67.91998291015625), 1)
  ('re', Rect(559.1799926757812, 56.8800048828125, 559.6599731445312, 67.91998291015625), 1)
  ('re', Rect(27.84000015258789, 67.91998291015625, 28.31999969482422, 78.9599609375), 1)
  ('re', Rect(148.10000610351562, 67.91998291015625, 148.5800018310547, 78.9599609375), 1)
  ('re', Rect(254.4499969482422, 67.91998291015625, 254.9300079345703, 78.9599609375), 1)
  ('re', Rect(297.04998779296875, 67.91998291015625, 297.5299987792969, 78.9599609375), 1)
  ('re', Rect(395.2300109863281, 67.91998291015625, 395.71002197265625, 78.9599609375), 1)
  ('re', Rect(559.1799926757812, 67.91998291015625, 559.6599731445312, 78.9599609375), 1)
  ('re', Rect(27.84000015258789, 78.9559326171875, 28.31999969482422, 90.01995849609375), 1)
  ('re', Rect(148.10000610351562, 78.9559326171875, 148.5800018310547, 90.01995849609375), 1)
  ('re', Rect(254.4499969482422, 78.9559326171875, 254.9300079345703, 90.01995849609375), 1)
  ('re', Rect(297.04998779296875, 78.9559326171875, 297.5299987792969, 90.01995849609375), 1)
  ('re', Rect(395.2300109863281, 78.9559326171875, 395.71002197265625, 90.01995849609375), 1)
  ('re', Rect(559.1799926757812, 78.9559326171875, 559.6599731445312, 90.01995849609375), 1)
  ('re', Rect(399.54998779296875, 90.98004150390625, 555.5700073242188, 103.70001220703125), 1)
  ('re', Rect(27.84000015258789, 90.01995849609375, 28.31999969482422, 104.65997314453125), 1)
  ('re', Rect(148.10000610351562, 90.01995849609375, 148.5800018310547, 104.65997314453125), 1)
  ('re', Rect(254.4499969482422, 90.01995849609375, 254.9300079345703, 104.65997314453125), 1)
  ('re', Rect(297.04998779296875, 90.01995849609375, 297.5299987792969, 104.65997314453125), 1)
  ('re', Rect(395.2300109863281, 90.01995849609375, 395.71002197265625, 104.65997314453125), 1)
  ('re', Rect(559.1799926757812, 90.01995849609375, 559.6599731445312, 104.65997314453125), 1)
  ('re', Rect(27.84000015258789, 104.65997314453125, 28.31999969482422, 115.5799560546875), 1)
  ('re', Rect(148.10000610351562, 104.65997314453125, 148.5800018310547, 115.5799560546875), 1)
  ('re', Rect(254.4499969482422, 104.65997314453125, 254.9300079345703, 115.5799560546875), 1)
  ('re', Rect(297.04998779296875, 104.65997314453125, 297.5299987792969, 115.5799560546875), 1)
  ('re', Rect(395.2300109863281, 104.65997314453125, 395.71002197265625, 115.5799560546875), 1)
  ('re', Rect(559.1799926757812, 104.65997314453125, 559.6599731445312, 115.5799560546875), 1)
  ('re', Rect(27.84000015258789, 115.5799560546875, 28.31999969482422, 141.13995361328125), 1)
  ('re', Rect(27.84000015258789, 141.1400146484375, 28.31999969482422, 141.6199951171875), 1)
  ('re', Rect(27.84000015258789, 141.1400146484375, 28.31999969482422, 141.6199951171875), 1)
  ('re', Rect(28.31999969482422, 141.1400146484375, 148.10000610351562, 141.6199951171875), 1)
  ('re', Rect(148.10000610351562, 115.5799560546875, 148.5800018310547, 141.13995361328125), 1)
  ('re', Rect(148.10000610351562, 141.1400146484375, 148.5800018310547, 141.6199951171875), 1)
  ('re', Rect(148.5800018310547, 141.1400146484375, 254.44000244140625, 141.6199951171875), 1)
  ('re', Rect(254.4499969482422, 115.5799560546875, 254.9300079345703, 141.13995361328125), 1)
  ('re', Rect(254.4499969482422, 141.1400146484375, 254.9300079345703, 141.6199951171875), 1)
  ('re', Rect(254.92999267578125, 141.1400146484375, 297.04998779296875, 141.6199951171875), 1)
  ('re', Rect(297.04998779296875, 115.5799560546875, 297.5299987792969, 141.13995361328125), 1)
  ('re', Rect(297.04998779296875, 141.1400146484375, 297.5299987792969, 141.6199951171875), 1)
  ('re', Rect(297.5299987792969, 141.1400146484375, 395.2340087890625, 141.6199951171875), 1)
  ('re', Rect(395.2300109863281, 115.5799560546875, 395.71002197265625, 141.13995361328125), 1)
  ('re', Rect(395.2300109863281, 141.1400146484375, 395.71002197265625, 141.6199951171875), 1)
  ('re', Rect(395.7099914550781, 141.1400146484375, 559.1699829101562, 141.6199951171875), 1)
  ('re', Rect(559.1799926757812, 115.5799560546875, 559.6599731445312, 141.13995361328125), 1)
  ('re', Rect(559.1799926757812, 141.1400146484375, 559.6599731445312, 141.6199951171875), 1)
  ('re', Rect(559.1799926757812, 141.1400146484375, 559.6599731445312, 141.6199951171875), 1)
  ('re', Rect(26.639999389648438, 141.61993408203125, 575.4000244140625, 148.4599609375), 1)
  ('re', Rect(138.5, 150.97998046875, 555.9299926757812, 163.5799560546875), 1)
  ('re', Rect(27.84000015258789, 148.46002197265625, 28.31999969482422, 148.94000244140625), 1)
  ('re', Rect(27.84000015258789, 148.46002197265625, 28.31999969482422, 148.94000244140625), 1)
  ('re', Rect(28.31999969482422, 148.46002197265625, 134.17999267578125, 148.94000244140625), 1)
  ('re', Rect(134.17999267578125, 148.46002197265625, 134.6599884033203, 148.94000244140625), 1)
  ('re', Rect(134.66000366210938, 148.46002197265625, 559.530029296875, 148.94000244140625), 1)
  ('re', Rect(559.5399780273438, 148.46002197265625, 560.0199584960938, 148.94000244140625), 1)
  ('re', Rect(559.5399780273438, 148.46002197265625, 560.0199584960938, 148.94000244140625), 1)
  ('re', Rect(27.84000015258789, 148.94000244140625, 28.31999969482422, 165.6199951171875), 1)
  ('re', Rect(134.17999267578125, 148.94000244140625, 134.6599884033203, 165.6199951171875), 1)
  ('re', Rect(559.5399780273438, 148.94000244140625, 560.0199584960938, 165.6199951171875), 1)
  ('re', Rect(27.84000015258789, 165.61993408203125, 28.31999969482422, 178.5799560546875), 1)
  ('re', Rect(134.17999267578125, 165.61993408203125, 134.6599884033203, 178.5799560546875), 1)
  ('re', Rect(559.5399780273438, 165.61993408203125, 560.0199584960938, 178.5799560546875), 1)
  ('re', Rect(27.84000015258789, 178.5799560546875, 28.31999969482422, 191.65997314453125), 1)
  ('re', Rect(134.17999267578125, 178.5799560546875, 134.6599884033203, 191.65997314453125), 1)
  ('re', Rect(559.5399780273438, 178.5799560546875, 560.0199584960938, 191.65997314453125), 1)
  ('re', Rect(27.84000015258789, 191.65997314453125, 28.31999969482422, 204.6199951171875), 1)
  ('re', Rect(27.84000015258789, 204.6199951171875, 28.31999969482422, 205.0999755859375), 1)
  ('re', Rect(27.84000015258789, 204.6199951171875, 28.31999969482422, 205.0999755859375), 1)
  ('re', Rect(28.31999969482422, 204.6199951171875, 134.17999267578125, 205.0999755859375), 1)
  ('re', Rect(134.17999267578125, 191.65997314453125, 134.6599884033203, 204.6199951171875), 1)
  ('re', Rect(134.17999267578125, 204.6199951171875, 134.6599884033203, 205.0999755859375), 1)
  ('re', Rect(134.66000366210938, 204.6199951171875, 559.530029296875, 205.0999755859375), 1)
  ('re', Rect(559.5399780273438, 191.65997314453125, 560.0199584960938, 204.6199951171875), 1)
  ('re', Rect(559.5399780273438, 204.6199951171875, 560.0199584960938, 205.0999755859375), 1)
  ('re', Rect(559.5399780273438, 204.6199951171875, 560.0199584960938, 205.0999755859375), 1)
  ('re', Rect(28.079999923706055, 216.6199951171875, 559.9000244140625, 235.219970703125), 1)
  ('re', Rect(33.47999954223633, 216.6199951171875, 554.5, 235.219970703125), 1)
  ('re', Rect(347.95001220703125, 247.82000732421875, 550.050048828125, 260.53997802734375), 1)
  ('re', Rect(250.3699951171875, 247.82000732421875, 339.91400146484375, 260.53997802734375), 1)
  ('re', Rect(214.85000610351562, 247.82000732421875, 242.45001220703125, 260.53997802734375), 1)
  ('re', Rect(117.73999786376953, 241.46002197265625, 206.9239959716797, 254.17999267578125), 1)
  ('re', Rect(117.73999786376953, 254.17999267578125, 206.9239959716797, 266.77996826171875), 1)
  ('re', Rect(37.560001373291016, 241.46002197265625, 109.82400512695312, 254.17999267578125), 1)
  ('re', Rect(37.560001373291016, 254.17999267578125, 109.82400512695312, 266.77996826171875), 1)
  ('re', Rect(33.2400016784668, 240.97998046875, 33.720001220703125, 241.4599609375), 1)
  ('re', Rect(33.2400016784668, 240.97998046875, 33.720001220703125, 241.4599609375), 1)
  ('re', Rect(33.720001220703125, 240.97998046875, 113.42400360107422, 241.4599609375), 1)
  ('re', Rect(113.41999816894531, 240.97998046875, 113.9000015258789, 241.4599609375), 1)
  ('re', Rect(113.9000015258789, 240.97998046875, 210.5240020751953, 241.4599609375), 1)
  ('re', Rect(210.52999877929688, 240.97998046875, 211.00999450683594, 241.4599609375), 1)
  ('re', Rect(211.00999450683594, 240.97998046875, 246.04998779296875, 241.4599609375), 1)
  ('re', Rect(246.0500030517578, 240.97998046875, 246.52999877929688, 241.4599609375), 1)
  ('re', Rect(246.52999877929688, 240.97998046875, 343.5140075683594, 241.4599609375), 1)
  ('re', Rect(343.510009765625, 240.97998046875, 343.9900207519531, 241.4599609375), 1)
  ('re', Rect(343.989990234375, 240.97998046875, 553.5299682617188, 241.4599609375), 1)
  ('re', Rect(553.5399780273438, 240.97998046875, 554.0199584960938, 241.4599609375), 1)
  ('re', Rect(553.5399780273438, 240.97998046875, 554.0199584960938, 241.4599609375), 1)
  ('re', Rect(33.2400016784668, 241.4599609375, 33.720001220703125, 266.77996826171875), 1)
  ('re', Rect(113.41999816894531, 241.4599609375, 113.9000015258789, 266.77996826171875), 1)
  ('re', Rect(210.52999877929688, 241.4599609375, 211.00999450683594, 266.77996826171875), 1)
  ('re', Rect(246.0500030517578, 241.4599609375, 246.52999877929688, 266.77996826171875), 1)
  ('re', Rect(343.510009765625, 241.4599609375, 343.9900207519531, 266.77996826171875), 1)
  ('re', Rect(553.5399780273438, 241.4599609375, 554.0199584960938, 266.77996826171875), 1)
  ('re', Rect(347.95001220703125, 267.2659912109375, 548.3699951171875, 280.010009765625), 1)
  ('re', Rect(347.95001220703125, 280.010009765625, 548.3699951171875, 292.6099853515625), 1)
  ('re', Rect(347.95001220703125, 292.6099853515625, 550.050048828125, 305.3299560546875), 1)
  ('re', Rect(214.85000610351562, 267.2659912109375, 242.45001220703125, 280.010009765625), 1)
  ('re', Rect(33.2400016784668, 266.780029296875, 33.720001220703125, 267.260009765625), 1)
  ('re', Rect(33.720001220703125, 266.780029296875, 113.42400360107422, 267.260009765625), 1)
  ('re', Rect(113.41999816894531, 266.780029296875, 113.9000015258789, 267.260009765625), 1)
  ('re', Rect(113.9000015258789, 266.780029296875, 210.5240020751953, 267.260009765625), 1)
  ('re', Rect(210.52999877929688, 266.780029296875, 211.00999450683594, 267.260009765625), 1)
  ('re', Rect(211.00999450683594, 266.780029296875, 246.04998779296875, 267.260009765625), 1)
  ('re', Rect(246.0500030517578, 266.780029296875, 246.52999877929688, 267.260009765625), 1)
  ('re', Rect(246.52999877929688, 266.780029296875, 343.5140075683594, 267.260009765625), 1)
  ('re', Rect(343.510009765625, 266.780029296875, 343.9900207519531, 267.260009765625), 1)
  ('re', Rect(343.989990234375, 266.780029296875, 553.5299682617188, 267.260009765625), 1)
  ('re', Rect(553.5399780273438, 266.780029296875, 554.0199584960938, 267.260009765625), 1)
  ('re', Rect(33.2400016784668, 267.2659912109375, 33.720001220703125, 280.010009765625), 1)
  ('re', Rect(113.41999816894531, 267.2659912109375, 113.9000015258789, 280.010009765625), 1)
  ('re', Rect(210.52999877929688, 267.2659912109375, 211.00999450683594, 280.010009765625), 1)
  ('re', Rect(246.0500030517578, 267.2659912109375, 246.52999877929688, 280.010009765625), 1)
  ('re', Rect(343.510009765625, 267.2659912109375, 343.9900207519531, 280.010009765625), 1)
  ('re', Rect(553.5399780273438, 267.2659912109375, 554.0199584960938, 280.010009765625), 1)
  ('re', Rect(214.85000610351562, 280.010009765625, 242.45001220703125, 292.6099853515625), 1)
  ('re', Rect(33.2400016784668, 280.010009765625, 33.720001220703125, 292.6099853515625), 1)
  ('re', Rect(113.41999816894531, 280.010009765625, 113.9000015258789, 292.6099853515625), 1)
  ('re', Rect(210.52999877929688, 280.010009765625, 211.00999450683594, 292.6099853515625), 1)
  ('re', Rect(246.0500030517578, 280.010009765625, 246.52999877929688, 292.6099853515625), 1)
  ('re', Rect(343.510009765625, 280.010009765625, 343.9900207519531, 292.6099853515625), 1)
  ('re', Rect(553.5399780273438, 280.010009765625, 554.0199584960938, 292.6099853515625), 1)
  ('re', Rect(214.85000610351562, 292.6099853515625, 242.45001220703125, 305.3299560546875), 1)
  ('re', Rect(33.2400016784668, 292.6099853515625, 33.720001220703125, 305.3299560546875), 1)
  ('re', Rect(113.41999816894531, 292.6099853515625, 113.9000015258789, 305.3299560546875), 1)
  ('re', Rect(210.52999877929688, 292.6099853515625, 211.00999450683594, 305.3299560546875), 1)
  ('re', Rect(246.0500030517578, 292.6099853515625, 246.52999877929688, 305.3299560546875), 1)
  ('re', Rect(343.510009765625, 292.6099853515625, 343.9900207519531, 305.3299560546875), 1)
  ('re', Rect(553.5399780273438, 292.6099853515625, 554.0199584960938, 305.3299560546875), 1)
  ('re', Rect(33.2400016784668, 305.33001708984375, 33.720001220703125, 317.92999267578125), 1)
  ('re', Rect(113.41999816894531, 305.33001708984375, 113.9000015258789, 317.92999267578125), 1)
  ('re', Rect(210.52999877929688, 305.33001708984375, 211.00999450683594, 317.92999267578125), 1)
  ('re', Rect(246.0500030517578, 305.33001708984375, 246.52999877929688, 317.92999267578125), 1)
  ('re', Rect(343.510009765625, 305.33001708984375, 343.9900207519531, 317.92999267578125), 1)
  ('re', Rect(553.5399780273438, 305.33001708984375, 554.0199584960938, 317.92999267578125), 1)
  ('re', Rect(33.2400016784668, 317.92999267578125, 33.720001220703125, 330.52996826171875), 1)
  ('re', Rect(113.41999816894531, 317.92999267578125, 113.9000015258789, 330.52996826171875), 1)
  ('re', Rect(210.52999877929688, 317.92999267578125, 211.00999450683594, 330.52996826171875), 1)
  ('re', Rect(246.0500030517578, 317.92999267578125, 246.52999877929688, 330.52996826171875), 1)
  ('re', Rect(343.510009765625, 317.92999267578125, 343.9900207519531, 330.52996826171875), 1)
  ('re', Rect(553.5399780273438, 317.92999267578125, 554.0199584960938, 330.52996826171875), 1)
  ('re', Rect(33.2400016784668, 330.52996826171875, 33.720001220703125, 343.2499694824219), 1)
  ('re', Rect(113.41999816894531, 330.52996826171875, 113.9000015258789, 343.2499694824219), 1)
  ('re', Rect(210.52999877929688, 330.52996826171875, 211.00999450683594, 343.2499694824219), 1)
  ('re', Rect(246.0500030517578, 330.52996826171875, 246.52999877929688, 343.2499694824219), 1)
  ('re', Rect(343.510009765625, 330.52996826171875, 343.9900207519531, 343.2499694824219), 1)
  ('re', Rect(553.5399780273438, 330.52996826171875, 554.0199584960938, 343.2499694824219), 1)
  ('re', Rect(33.2400016784668, 343.2499694824219, 33.720001220703125, 358.8499755859375), 1)
  ('re', Rect(113.41999816894531, 343.2499694824219, 113.9000015258789, 358.8499755859375), 1)
  ('re', Rect(210.52999877929688, 343.2499694824219, 211.00999450683594, 358.8499755859375), 1)
  ('re', Rect(246.0500030517578, 343.2499694824219, 246.52999877929688, 358.8499755859375), 1)
  ('re', Rect(343.510009765625, 343.2499694824219, 343.9900207519531, 358.8499755859375), 1)
  ('re', Rect(553.5399780273438, 343.2499694824219, 554.0199584960938, 358.8499755859375), 1)
  ('re', Rect(347.95001220703125, 359.3299865722656, 548.3699951171875, 372.04998779296875), 1)
  ('re', Rect(347.95001220703125, 372.04998779296875, 548.3699951171875, 384.6499938964844), 1)
  ('re', Rect(33.2400016784668, 358.8499755859375, 33.720001220703125, 359.3299865722656), 1)
  ('re', Rect(33.720001220703125, 358.8499755859375, 113.42400360107422, 359.3299865722656), 1)
  ('re', Rect(113.41999816894531, 358.8499755859375, 113.9000015258789, 359.3299865722656), 1)
  ('re', Rect(113.9000015258789, 358.8499755859375, 210.5240020751953, 359.3299865722656), 1)
  ('re', Rect(210.52999877929688, 358.8499755859375, 211.00999450683594, 359.3299865722656), 1)
  ('re', Rect(211.00999450683594, 358.8499755859375, 246.04998779296875, 359.3299865722656), 1)
  ('re', Rect(246.0500030517578, 358.8499755859375, 246.52999877929688, 359.3299865722656), 1)
  ('re', Rect(246.52999877929688, 358.8499755859375, 343.5140075683594, 359.3299865722656), 1)
  ('re', Rect(343.510009765625, 358.8499755859375, 343.9900207519531, 359.3299865722656), 1)
  ('re', Rect(343.989990234375, 358.8499755859375, 553.5299682617188, 359.3299865722656), 1)
  ('re', Rect(553.5399780273438, 358.8499755859375, 554.0199584960938, 359.3299865722656), 1)
  ('re', Rect(33.2400016784668, 359.3299865722656, 33.720001220703125, 384.6499938964844), 1)
  ('re', Rect(113.41999816894531, 359.3299865722656, 113.9000015258789, 384.6499938964844), 1)
  ('re', Rect(210.52999877929688, 359.3299865722656, 211.00999450683594, 384.6499938964844), 1)
  ('re', Rect(246.0500030517578, 359.3299865722656, 246.52999877929688, 384.6499938964844), 1)
  ('re', Rect(343.510009765625, 359.3299865722656, 343.9900207519531, 384.6499938964844), 1)
  ('re', Rect(553.5399780273438, 359.3299865722656, 554.0199584960938, 384.6499938964844), 1)
  ('re', Rect(33.2400016784668, 384.6499938964844, 33.720001220703125, 397.3699951171875), 1)
  ('re', Rect(113.41999816894531, 384.6499938964844, 113.9000015258789, 397.3699951171875), 1)
  ('re', Rect(210.52999877929688, 384.6499938964844, 211.00999450683594, 397.3699951171875), 1)
  ('re', Rect(246.0500030517578, 384.6499938964844, 246.52999877929688, 397.3699951171875), 1)
  ('re', Rect(343.510009765625, 384.6499938964844, 343.9900207519531, 397.3699951171875), 1)
  ('re', Rect(553.5399780273438, 384.6499938964844, 554.0199584960938, 397.3699951171875), 1)
  ('re', Rect(33.2400016784668, 397.3699645996094, 33.720001220703125, 409.969970703125), 1)
  ('re', Rect(113.41999816894531, 397.3699645996094, 113.9000015258789, 409.969970703125), 1)
  ('re', Rect(210.52999877929688, 397.3699645996094, 211.00999450683594, 409.969970703125), 1)
  ('re', Rect(246.0500030517578, 397.3699645996094, 246.52999877929688, 409.969970703125), 1)
  ('re', Rect(343.510009765625, 397.3699645996094, 343.9900207519531, 409.969970703125), 1)
  ('re', Rect(553.5399780273438, 397.3699645996094, 554.0199584960938, 409.969970703125), 1)
  ('re', Rect(33.2400016784668, 409.969970703125, 33.720001220703125, 423.40997314453125), 1)
  ('re', Rect(113.41999816894531, 409.969970703125, 113.9000015258789, 423.40997314453125), 1)
  ('re', Rect(210.52999877929688, 409.969970703125, 211.00999450683594, 423.40997314453125), 1)
  ('re', Rect(246.0500030517578, 409.969970703125, 246.52999877929688, 423.40997314453125), 1)
  ('re', Rect(343.510009765625, 409.969970703125, 343.9900207519531, 423.40997314453125), 1)
  ('re', Rect(553.5399780273438, 409.969970703125, 554.0199584960938, 423.40997314453125), 1)
  ('re', Rect(33.2400016784668, 423.40997314453125, 33.720001220703125, 436.8499755859375), 1)
  ('re', Rect(113.41999816894531, 423.40997314453125, 113.9000015258789, 436.8499755859375), 1)
  ('re', Rect(210.52999877929688, 423.40997314453125, 211.00999450683594, 436.8499755859375), 1)
  ('re', Rect(246.0500030517578, 423.40997314453125, 246.52999877929688, 436.8499755859375), 1)
  ('re', Rect(343.510009765625, 423.40997314453125, 343.9900207519531, 436.8499755859375), 1)
  ('re', Rect(553.5399780273438, 423.40997314453125, 554.0199584960938, 436.8499755859375), 1)
  ('re', Rect(33.2400016784668, 436.8459777832031, 33.720001220703125, 449.469970703125), 1)
  ('re', Rect(113.41999816894531, 436.8459777832031, 113.9000015258789, 449.469970703125), 1)
  ('re', Rect(210.52999877929688, 436.8459777832031, 211.00999450683594, 449.469970703125), 1)
  ('re', Rect(246.0500030517578, 436.8459777832031, 246.52999877929688, 449.469970703125), 1)
  ('re', Rect(343.510009765625, 436.8459777832031, 343.9900207519531, 449.469970703125), 1)
  ('re', Rect(553.5399780273438, 436.8459777832031, 554.0199584960938, 449.469970703125), 1)
  ('re', Rect(33.2400016784668, 449.469970703125, 33.720001220703125, 462.90997314453125), 1)
  ('re', Rect(113.41999816894531, 449.469970703125, 113.9000015258789, 462.90997314453125), 1)
  ('re', Rect(210.52999877929688, 449.469970703125, 211.00999450683594, 462.90997314453125), 1)
  ('re', Rect(246.0500030517578, 449.469970703125, 246.52999877929688, 462.90997314453125), 1)
  ('re', Rect(343.510009765625, 449.469970703125, 343.9900207519531, 462.90997314453125), 1)
  ('re', Rect(553.5399780273438, 449.469970703125, 554.0199584960938, 462.90997314453125), 1)
  ('re', Rect(33.2400016784668, 462.90997314453125, 33.720001220703125, 476.3499755859375), 1)
  ('re', Rect(113.41999816894531, 462.90997314453125, 113.9000015258789, 476.3499755859375), 1)
  ('re', Rect(210.52999877929688, 462.90997314453125, 211.00999450683594, 476.3499755859375), 1)
  ('re', Rect(246.0500030517578, 462.90997314453125, 246.52999877929688, 476.3499755859375), 1)
  ('re', Rect(343.510009765625, 462.90997314453125, 343.9900207519531, 476.3499755859375), 1)
  ('re', Rect(553.5399780273438, 462.90997314453125, 554.0199584960938, 476.3499755859375), 1)
  ('re', Rect(347.95001220703125, 476.9499816894531, 548.3699951171875, 489.54998779296875), 1)
  ('re', Rect(33.2400016784668, 476.3499755859375, 33.720001220703125, 476.8299865722656), 1)
  ('re', Rect(33.720001220703125, 476.3499755859375, 113.42400360107422, 476.8299865722656), 1)
  ('re', Rect(113.41999816894531, 476.3499755859375, 113.9000015258789, 476.8299865722656), 1)
  ('re', Rect(113.9000015258789, 476.3499755859375, 210.5240020751953, 476.8299865722656), 1)
  ('re', Rect(210.52999877929688, 476.3499755859375, 211.00999450683594, 476.8299865722656), 1)
  ('re', Rect(211.00999450683594, 476.3499755859375, 246.04998779296875, 476.8299865722656), 1)
  ('re', Rect(246.0500030517578, 476.3499755859375, 246.52999877929688, 476.8299865722656), 1)
  ('re', Rect(246.52999877929688, 476.3499755859375, 343.5140075683594, 476.8299865722656), 1)
  ('re', Rect(343.510009765625, 476.3499755859375, 343.9900207519531, 476.8299865722656), 1)
  ('re', Rect(343.989990234375, 476.3499755859375, 553.5299682617188, 476.8299865722656), 1)
  ('re', Rect(553.5399780273438, 476.3499755859375, 554.0199584960938, 476.8299865722656), 1)
  ('re', Rect(33.2400016784668, 476.8299865722656, 33.720001220703125, 489.54998779296875), 1)
  ('re', Rect(113.41999816894531, 476.8299865722656, 113.9000015258789, 489.54998779296875), 1)
  ('re', Rect(210.52999877929688, 476.8299865722656, 211.00999450683594, 489.54998779296875), 1)
  ('re', Rect(246.0500030517578, 476.8299865722656, 246.52999877929688, 489.54998779296875), 1)
  ('re', Rect(343.510009765625, 476.8299865722656, 343.9900207519531, 489.54998779296875), 1)
  ('re', Rect(553.5399780273438, 476.8299865722656, 554.0199584960938, 489.54998779296875), 1)
  ('re', Rect(33.2400016784668, 489.54998779296875, 33.720001220703125, 527.469970703125), 1)
  ('re', Rect(113.41999816894531, 489.54998779296875, 113.9000015258789, 527.469970703125), 1)
  ('re', Rect(210.52999877929688, 489.54998779296875, 211.00999450683594, 527.469970703125), 1)
  ('re', Rect(246.0500030517578, 489.54998779296875, 246.52999877929688, 527.469970703125), 1)
  ('re', Rect(343.510009765625, 489.54998779296875, 343.9900207519531, 527.469970703125), 1)
  ('re', Rect(553.5399780273438, 489.54998779296875, 554.0199584960938, 527.469970703125), 1)
  ('re', Rect(33.2400016784668, 527.469970703125, 33.720001220703125, 552.7899780273438), 1)
  ('re', Rect(113.41999816894531, 527.469970703125, 113.9000015258789, 552.7899780273438), 1)
  ('re', Rect(210.52999877929688, 527.469970703125, 211.00999450683594, 552.7899780273438), 1)
  ('re', Rect(246.0500030517578, 527.469970703125, 246.52999877929688, 552.7899780273438), 1)
  ('re', Rect(343.510009765625, 527.469970703125, 343.9900207519531, 552.7899780273438), 1)
  ('re', Rect(553.5399780273438, 527.469970703125, 554.0199584960938, 552.7899780273438), 1)
  ('re', Rect(33.2400016784668, 552.7899780273438, 33.720001220703125, 565.3900146484375), 1)
  ('re', Rect(113.41999816894531, 552.7899780273438, 113.9000015258789, 565.3900146484375), 1)
  ('re', Rect(210.52999877929688, 552.7899780273438, 211.00999450683594, 565.3900146484375), 1)
  ('re', Rect(246.0500030517578, 552.7899780273438, 246.52999877929688, 565.3900146484375), 1)
  ('re', Rect(343.510009765625, 552.7899780273438, 343.9900207519531, 565.3900146484375), 1)
  ('re', Rect(553.5399780273438, 552.7899780273438, 554.0199584960938, 565.3900146484375), 1)
  ('re', Rect(33.2400016784668, 565.3900146484375, 33.720001220703125, 584.1099853515625), 1)
  ('re', Rect(113.41999816894531, 565.3900146484375, 113.9000015258789, 584.1099853515625), 1)
  ('re', Rect(210.52999877929688, 565.3900146484375, 211.00999450683594, 584.1099853515625), 1)
  ('re', Rect(246.0500030517578, 565.3900146484375, 246.52999877929688, 584.1099853515625), 1)
  ('re', Rect(343.510009765625, 565.3900146484375, 343.9900207519531, 584.1099853515625), 1)
  ('re', Rect(553.5399780273438, 565.3900146484375, 554.0199584960938, 584.1099853515625), 1)
  ('re', Rect(347.95001220703125, 584.5899658203125, 548.3699951171875, 597.1900024414062), 1)
  ('re', Rect(33.2400016784668, 584.1099853515625, 33.720001220703125, 584.5899658203125), 1)
  ('re', Rect(33.720001220703125, 584.1099853515625, 113.42400360107422, 584.5899658203125), 1)
  ('re', Rect(113.41999816894531, 584.1099853515625, 113.9000015258789, 584.5899658203125), 1)
  ('re', Rect(113.9000015258789, 584.1099853515625, 210.5240020751953, 584.5899658203125), 1)
  ('re', Rect(210.52999877929688, 584.1099853515625, 211.00999450683594, 584.5899658203125), 1)
  ('re', Rect(211.00999450683594, 584.1099853515625, 246.04998779296875, 584.5899658203125), 1)
  ('re', Rect(246.0500030517578, 584.1099853515625, 246.52999877929688, 584.5899658203125), 1)
  ('re', Rect(246.52999877929688, 584.1099853515625, 343.5140075683594, 584.5899658203125), 1)
  ('re', Rect(343.510009765625, 584.1099853515625, 343.9900207519531, 584.5899658203125), 1)
  ('re', Rect(343.989990234375, 584.1099853515625, 553.5299682617188, 584.5899658203125), 1)
  ('re', Rect(553.5399780273438, 584.1099853515625, 554.0199584960938, 584.5899658203125), 1)
  ('re', Rect(33.2400016784668, 584.5899658203125, 33.720001220703125, 597.1900024414062), 1)
  ('re', Rect(113.41999816894531, 584.5899658203125, 113.9000015258789, 597.1900024414062), 1)
  ('re', Rect(210.52999877929688, 584.5899658203125, 211.00999450683594, 597.1900024414062), 1)
  ('re', Rect(246.0500030517578, 584.5899658203125, 246.52999877929688, 597.1900024414062), 1)
  ('re', Rect(343.510009765625, 584.5899658203125, 343.9900207519531, 597.1900024414062), 1)
  ('re', Rect(553.5399780273438, 584.5899658203125, 554.0199584960938, 597.1900024414062), 1)
  ('re', Rect(33.2400016784668, 597.1900024414062, 33.720001220703125, 609.9099731445312), 1)
  ('re', Rect(113.41999816894531, 597.1900024414062, 113.9000015258789, 609.9099731445312), 1)
  ('re', Rect(210.52999877929688, 597.1900024414062, 211.00999450683594, 609.9099731445312), 1)
  ('re', Rect(246.0500030517578, 597.1900024414062, 246.52999877929688, 609.9099731445312), 1)
  ('re', Rect(343.510009765625, 597.1900024414062, 343.9900207519531, 609.9099731445312), 1)
  ('re', Rect(553.5399780273438, 597.1900024414062, 554.0199584960938, 609.9099731445312), 1)
  ('re', Rect(33.2400016784668, 609.9099731445312, 33.720001220703125, 623.3499755859375), 1)
  ('re', Rect(113.41999816894531, 609.9099731445312, 113.9000015258789, 623.3499755859375), 1)
  ('re', Rect(210.52999877929688, 609.9099731445312, 211.00999450683594, 623.3499755859375), 1)
  ('re', Rect(246.0500030517578, 609.9099731445312, 246.52999877929688, 623.3499755859375), 1)
  ('re', Rect(343.510009765625, 609.9099731445312, 343.9900207519531, 623.3499755859375), 1)
  ('re', Rect(553.5399780273438, 609.9099731445312, 554.0199584960938, 623.3499755859375), 1)
  ('re', Rect(33.2400016784668, 623.35595703125, 33.720001220703125, 636.8199462890625), 1)
  ('re', Rect(113.41999816894531, 623.35595703125, 113.9000015258789, 636.8199462890625), 1)
  ('re', Rect(210.52999877929688, 623.35595703125, 211.00999450683594, 636.8199462890625), 1)
  ('re', Rect(246.0500030517578, 623.35595703125, 246.52999877929688, 636.8199462890625), 1)
  ('re', Rect(343.510009765625, 623.35595703125, 343.9900207519531, 636.8199462890625), 1)
  ('re', Rect(553.5399780273438, 623.35595703125, 554.0199584960938, 636.8199462890625), 1)
  ('re', Rect(33.2400016784668, 636.8199462890625, 33.720001220703125, 652.4199829101562), 1)
  ('re', Rect(113.41999816894531, 636.8199462890625, 113.9000015258789, 652.4199829101562), 1)
  ('re', Rect(210.52999877929688, 636.8199462890625, 211.00999450683594, 652.4199829101562), 1)
  ('re', Rect(246.0500030517578, 636.8199462890625, 246.52999877929688, 652.4199829101562), 1)
  ('re', Rect(343.510009765625, 636.8199462890625, 343.9900207519531, 652.4199829101562), 1)
  ('re', Rect(553.5399780273438, 636.8199462890625, 554.0199584960938, 652.4199829101562), 1)
  ('re', Rect(33.2400016784668, 652.4199829101562, 33.720001220703125, 652.8999633789062), 1)
  ('re', Rect(33.720001220703125, 652.4199829101562, 113.42400360107422, 652.8999633789062), 1)
  ('re', Rect(113.41999816894531, 652.4199829101562, 113.9000015258789, 652.8999633789062), 1)
  ('re', Rect(113.9000015258789, 652.4199829101562, 210.5240020751953, 652.8999633789062), 1)
  ('re', Rect(210.52999877929688, 652.4199829101562, 211.00999450683594, 652.8999633789062), 1)
  ('re', Rect(211.00999450683594, 652.4199829101562, 246.04998779296875, 652.8999633789062), 1)
  ('re', Rect(246.0500030517578, 652.4199829101562, 246.52999877929688, 652.8999633789062), 1)
  ('re', Rect(246.52999877929688, 652.4199829101562, 343.5140075683594, 652.8999633789062), 1)
  ('re', Rect(343.510009765625, 652.4199829101562, 343.9900207519531, 652.8999633789062), 1)
  ('re', Rect(343.989990234375, 652.4199829101562, 553.5299682617188, 652.8999633789062), 1)
  ('re', Rect(553.5399780273438, 652.4199829101562, 554.0199584960938, 652.8999633789062), 1)
  ('re', Rect(33.2400016784668, 652.8999633789062, 33.720001220703125, 671.6199951171875), 1)
  ('re', Rect(33.2400016784668, 671.6199951171875, 33.720001220703125, 672.0999755859375), 1)
  ('re', Rect(33.2400016784668, 671.6199951171875, 33.720001220703125, 672.0999755859375), 1)
  ('re', Rect(33.720001220703125, 671.6199951171875, 113.42400360107422, 672.0999755859375), 1)
  ('re', Rect(113.41999816894531, 652.8999633789062, 113.9000015258789, 671.6199951171875), 1)
  ('re', Rect(113.41999816894531, 671.6199951171875, 113.9000015258789, 672.0999755859375), 1)
  ('re', Rect(113.9000015258789, 671.6199951171875, 210.5240020751953, 672.0999755859375), 1)
  ('re', Rect(210.52999877929688, 652.8999633789062, 211.00999450683594, 671.6199951171875), 1)
  ('re', Rect(210.52999877929688, 671.6199951171875, 211.00999450683594, 672.0999755859375), 1)
  ('re', Rect(211.00999450683594, 671.6199951171875, 553.5399780273438, 672.0999755859375), 1)
  ('re', Rect(553.5399780273438, 652.8999633789062, 554.0199584960938, 671.6199951171875), 1)
  ('re', Rect(553.5399780273438, 671.6199951171875, 554.0199584960938, 672.0999755859375), 1)
  ('re', Rect(553.5399780273438, 671.6199951171875, 554.0199584960938, 672.0999755859375), 1)
  ('re', Rect(27.84000015258789, 683.6199951171875, 28.31999969482422, 684.0999755859375), 1)
  ('re', Rect(27.84000015258789, 683.6199951171875, 28.31999969482422, 684.0999755859375), 1)
  ('re', Rect(28.31999969482422, 683.6199951171875, 247.6099853515625, 684.0999755859375), 1)
  ('re', Rect(247.61000061035156, 683.6199951171875, 248.08999633789062, 684.0999755859375), 1)
  ('re', Rect(248.08999633789062, 683.6199951171875, 559.5400390625, 684.0999755859375), 1)
  ('re', Rect(559.5399780273438, 683.6199951171875, 560.0199584960938, 684.0999755859375), 1)
  ('re', Rect(559.5399780273438, 683.6199951171875, 560.0199584960938, 684.0999755859375), 1)
  ('re', Rect(27.84000015258789, 684.0999755859375, 28.31999969482422, 698.6199951171875), 1)
  ('re', Rect(247.61000061035156, 684.0999755859375, 248.08999633789062, 698.6199951171875), 1)
  ('re', Rect(559.5399780273438, 684.0999755859375, 560.0199584960938, 698.6199951171875), 1)
  ('re', Rect(27.84000015258789, 698.6199951171875, 28.31999969482422, 713.1400146484375), 1)
  ('re', Rect(247.61000061035156, 698.6199951171875, 248.08999633789062, 713.1400146484375), 1)
  ('re', Rect(559.5399780273438, 698.6199951171875, 560.0199584960938, 713.1400146484375), 1)
  ('re', Rect(27.84000015258789, 713.1400146484375, 28.31999969482422, 727.7799682617188), 1)
  ('re', Rect(27.84000015258789, 727.780029296875, 28.31999969482422, 728.260009765625), 1)
  ('re', Rect(27.84000015258789, 727.780029296875, 28.31999969482422, 728.260009765625), 1)
  ('re', Rect(28.31999969482422, 727.780029296875, 247.6099853515625, 728.260009765625), 1)
  ('re', Rect(247.61000061035156, 713.1400146484375, 248.08999633789062, 727.7799682617188), 1)
  ('re', Rect(247.61000061035156, 727.780029296875, 248.08999633789062, 728.260009765625), 1)
  ('re', Rect(248.08999633789062, 727.780029296875, 559.5400390625, 728.260009765625), 1)
  ('re', Rect(559.5399780273438, 713.1400146484375, 560.0199584960938, 727.7799682617188), 1)
  ('re', Rect(559.5399780273438, 727.780029296875, 560.0199584960938, 728.260009765625), 1)
  ('re', Rect(559.5399780273438, 727.780029296875, 560.0199584960938, 728.260009765625), 1)
  ('re', Rect(26.639999389648438, 736.2959594726562, 568.2999877929688, 745.5360107421875), 1)
  ('re', Rect(26.639999389648438, 745.5360107421875, 568.2999877929688, 754.656005859375), 1)
  ('re', Rect(26.639999389648438, 754.656005859375, 539.9800415039062, 763.89599609375), 1)
  ('re', Rect(26.639999389648438, 763.89599609375, 539.9800415039062, 773.135986328125), 1)
  ('re', Rect(26.639999389648438, 773.135986328125, 539.9800415039062, 782.2559814453125), 1)
  ('re', Rect(26.639999389648438, 782.255859375, 568.2999877929688, 791.4959716796875), 1)
  ('re', Rect(26.639999389648438, 791.4959716796875, 568.2999877929688, 800.615966796875), 1)
  ('re', Rect(26.639999389648438, 800.615966796875, 568.2999877929688, 809.8800048828125), 1)
  ('re', Rect(283.9200134277344, 684.5999755859375, 309.1200256347656, 696.5999755859375), 1)
  ('re', Rect(298.9200134277344, 152.27996826171875, 313.9200134277344, 160.79998779296875), 1)
  ('re', Rect(300.8399963378906, 193.0799560546875, 315.8399963378906, 201.47998046875), 1)
=== PAGE 5 GRAPHICS ===
  ('re', Rect(26.639999389648438, 14.1600341796875, 547.2999877929688, 26.8800048828125), 1)
  ('re', Rect(32.15999984741211, 33.3599853515625, 130.46400451660156, 46.55999755859375), 1)
  ('re', Rect(27.84000015258789, 32.8800048828125, 28.31999969482422, 33.3599853515625), 1)
  ('re', Rect(27.84000015258789, 32.8800048828125, 28.31999969482422, 33.3599853515625), 1)
  ('re', Rect(28.31999969482422, 32.8800048828125, 134.05999755859375, 33.3599853515625), 1)
  ('re', Rect(134.05999755859375, 32.8800048828125, 134.54000854492188, 33.3599853515625), 1)
  ('re', Rect(134.5399932861328, 32.8800048828125, 553.6499633789062, 33.3599853515625), 1)
  ('re', Rect(553.6599731445312, 32.8800048828125, 554.1399536132812, 33.3599853515625), 1)
  ('re', Rect(553.6599731445312, 32.8800048828125, 554.1399536132812, 33.3599853515625), 1)
  ('re', Rect(27.84000015258789, 33.3599853515625, 28.31999969482422, 46.79998779296875), 1)
  ('re', Rect(134.05999755859375, 33.3599853515625, 134.54000854492188, 46.79998779296875), 1)
  ('re', Rect(553.6599731445312, 33.3599853515625, 554.1399536132812, 46.79998779296875), 1)
  ('re', Rect(27.84000015258789, 46.79998779296875, 28.31999969482422, 60.3599853515625), 1)
  ('re', Rect(134.05999755859375, 46.79998779296875, 134.54000854492188, 60.3599853515625), 1)
  ('re', Rect(553.6599731445312, 46.79998779296875, 554.1399536132812, 60.3599853515625), 1)
  ('re', Rect(27.84000015258789, 60.3599853515625, 28.31999969482422, 73.79998779296875), 1)
  ('re', Rect(134.05999755859375, 60.3599853515625, 134.54000854492188, 73.79998779296875), 1)
  ('re', Rect(553.6599731445312, 60.3599853515625, 554.1399536132812, 73.79998779296875), 1)
  ('re', Rect(27.84000015258789, 73.79998779296875, 28.31999969482422, 87.3599853515625), 1)
  ('re', Rect(134.05999755859375, 73.79998779296875, 134.54000854492188, 87.3599853515625), 1)
  ('re', Rect(553.6599731445312, 73.79998779296875, 554.1399536132812, 87.3599853515625), 1)
  ('re', Rect(27.84000015258789, 87.35601806640625, 28.31999969482422, 100.94000244140625), 1)
  ('re', Rect(27.84000015258789, 100.94000244140625, 28.31999969482422, 101.41998291015625), 1)
  ('re', Rect(27.84000015258789, 100.94000244140625, 28.31999969482422, 101.41998291015625), 1)
  ('re', Rect(28.31999969482422, 100.94000244140625, 134.05999755859375, 101.41998291015625), 1)
  ('re', Rect(134.05999755859375, 87.35601806640625, 134.54000854492188, 100.94000244140625), 1)
  ('re', Rect(134.05999755859375, 100.94000244140625, 134.54000854492188, 101.41998291015625), 1)
  ('re', Rect(134.5399932861328, 100.94000244140625, 553.6499633789062, 101.41998291015625), 1)
  ('re', Rect(553.6599731445312, 87.35601806640625, 554.1399536132812, 100.94000244140625), 1)
  ('re', Rect(553.6599731445312, 100.94000244140625, 554.1399536132812, 101.41998291015625), 1)
  ('re', Rect(553.6599731445312, 100.94000244140625, 554.1399536132812, 101.41998291015625), 1)
  ('re', Rect(26.639999389648438, 107.41998291015625, 547.2999877929688, 114.260009765625), 1)
  ('re', Rect(27.84000015258789, 114.260009765625, 28.31999969482422, 114.739990234375), 1)
  ('re', Rect(27.84000015258789, 114.260009765625, 28.31999969482422, 114.739990234375), 1)
  ('re', Rect(28.31999969482422, 114.260009765625, 553.2999877929688, 114.739990234375), 1)
  ('re', Rect(553.2999877929688, 114.260009765625, 553.7799682617188, 114.739990234375), 1)
  ('re', Rect(553.2999877929688, 114.260009765625, 553.7799682617188, 114.739990234375), 1)
  ('re', Rect(27.84000015258789, 114.739990234375, 28.31999969482422, 132.260009765625), 1)
  ('re', Rect(27.84000015258789, 132.260009765625, 28.31999969482422, 132.739990234375), 1)
  ('re', Rect(27.84000015258789, 132.260009765625, 28.31999969482422, 132.739990234375), 1)
  ('re', Rect(28.31999969482422, 132.260009765625, 553.2999877929688, 132.739990234375), 1)
  ('re', Rect(553.2999877929688, 114.739990234375, 553.7799682617188, 132.260009765625), 1)
  ('re', Rect(553.2999877929688, 132.260009765625, 553.7799682617188, 132.739990234375), 1)
  ('re', Rect(553.2999877929688, 132.260009765625, 553.7799682617188, 132.739990234375), 1)
  ('re', Rect(26.639999389648438, 138.739990234375, 547.2999877929688, 143.41998291015625), 1)
  ('re', Rect(26.639999389648438, 143.41998291015625, 547.2999877929688, 162.01995849609375), 1)
  ('re', Rect(27.84000015258789, 164.05999755859375, 28.31999969482422, 164.53997802734375), 1)
  ('re', Rect(27.84000015258789, 164.05999755859375, 28.31999969482422, 164.53997802734375), 1)
  ('re', Rect(28.31999969482422, 164.05999755859375, 204.17001342773438, 164.53997802734375), 1)
  ('re', Rect(204.1699981689453, 164.05999755859375, 204.64999389648438, 164.53997802734375), 1)
  ('re', Rect(204.64999389648438, 164.05999755859375, 374.7099914550781, 164.53997802734375), 1)
  ('re', Rect(374.7099914550781, 164.05999755859375, 375.19000244140625, 164.53997802734375), 1)
  ('re', Rect(375.19000244140625, 164.05999755859375, 553.6500244140625, 164.53997802734375), 1)
  ('re', Rect(553.6599731445312, 164.05999755859375, 554.1399536132812, 164.53997802734375), 1)
  ('re', Rect(553.6599731445312, 164.05999755859375, 554.1399536132812, 164.53997802734375), 1)
  ('re', Rect(27.84000015258789, 164.53997802734375, 28.31999969482422, 176.05999755859375), 1)
  ('re', Rect(204.1699981689453, 164.53997802734375, 204.64999389648438, 176.05999755859375), 1)
  ('re', Rect(374.7099914550781, 164.53997802734375, 375.19000244140625, 176.05999755859375), 1)
  ('re', Rect(553.6599731445312, 164.53997802734375, 554.1399536132812, 176.05999755859375), 1)
  ('re', Rect(27.84000015258789, 176.05999755859375, 28.31999969482422, 176.53997802734375), 1)
  ('re', Rect(28.31999969482422, 176.05999755859375, 204.17001342773438, 176.53997802734375), 1)
  ('re', Rect(204.1699981689453, 176.05999755859375, 204.64999389648438, 176.53997802734375), 1)
  ('re', Rect(204.64999389648438, 176.05999755859375, 374.7099914550781, 176.53997802734375), 1)
  ('re', Rect(374.7099914550781, 176.05999755859375, 375.19000244140625, 176.53997802734375), 1)
  ('re', Rect(375.19000244140625, 176.05999755859375, 553.6500244140625, 176.53997802734375), 1)
  ('re', Rect(553.6599731445312, 176.05999755859375, 554.1399536132812, 176.53997802734375), 1)
  ('re', Rect(27.84000015258789, 176.53997802734375, 28.31999969482422, 191.05999755859375), 1)
  ('re', Rect(27.84000015258789, 191.05999755859375, 28.31999969482422, 191.53997802734375), 1)
  ('re', Rect(27.84000015258789, 191.05999755859375, 28.31999969482422, 191.53997802734375), 1)
  ('re', Rect(28.31999969482422, 191.05999755859375, 204.17001342773438, 191.53997802734375), 1)
  ('re', Rect(204.1699981689453, 176.53997802734375, 204.64999389648438, 191.05999755859375), 1)
  ('re', Rect(204.1699981689453, 191.05999755859375, 204.64999389648438, 191.53997802734375), 1)
  ('re', Rect(204.64999389648438, 191.05999755859375, 374.7099914550781, 191.53997802734375), 1)
  ('re', Rect(374.7099914550781, 176.53997802734375, 375.19000244140625, 191.05999755859375), 1)
  ('re', Rect(374.7099914550781, 191.05999755859375, 375.19000244140625, 191.53997802734375), 1)
  ('re', Rect(375.19000244140625, 191.05999755859375, 553.6500244140625, 191.53997802734375), 1)
  ('re', Rect(553.6599731445312, 176.53997802734375, 554.1399536132812, 191.05999755859375), 1)
  ('re', Rect(553.6599731445312, 191.05999755859375, 554.1399536132812, 191.53997802734375), 1)
  ('re', Rect(553.6599731445312, 191.05999755859375, 554.1399536132812, 191.53997802734375), 1)
  ('re', Rect(26.639999389648438, 197.53997802734375, 547.2999877929688, 203.29998779296875), 1)
  ('re', Rect(26.639999389648438, 203.29998779296875, 547.2999877929688, 215.89996337890625), 1)
  ('re', Rect(308.57000732421875, 219.37994384765625, 549.5800170898438, 230.89996337890625), 1)
  ('re', Rect(209.3300018310547, 219.37994384765625, 300.6499938964844, 230.89996337890625), 1)
  ('re', Rect(117.13999938964844, 219.37994384765625, 201.40399169921875, 230.89996337890625), 1)
  ('re', Rect(32.040000915527344, 219.37994384765625, 109.2239990234375, 230.89996337890625), 1)
  ('re', Rect(27.84000015258789, 218.9000244140625, 28.31999969482422, 219.3800048828125), 1)
  ('re', Rect(27.84000015258789, 218.9000244140625, 28.31999969482422, 219.3800048828125), 1)
  ('re', Rect(28.31999969482422, 218.9000244140625, 112.94400024414062, 219.3800048828125), 1)
  ('re', Rect(112.94000244140625, 218.9000244140625, 113.42000579833984, 219.3800048828125), 1)
  ('re', Rect(113.41999816894531, 218.9000244140625, 205.12399291992188, 219.3800048828125), 1)
  ('re', Rect(205.1300048828125, 218.9000244140625, 205.61000061035156, 219.3800048828125), 1)
  ('re', Rect(205.61000061035156, 218.9000244140625, 304.3699951171875, 219.3800048828125), 1)
  ('re', Rect(304.3699951171875, 218.9000244140625, 304.8499755859375, 219.3800048828125), 1)
  ('re', Rect(304.8500061035156, 218.9000244140625, 553.2999877929688, 219.3800048828125), 1)
  ('re', Rect(553.2999877929688, 218.9000244140625, 553.7799682617188, 219.3800048828125), 1)
  ('re', Rect(553.2999877929688, 218.9000244140625, 553.7799682617188, 219.3800048828125), 1)
  ('re', Rect(27.84000015258789, 219.37994384765625, 28.31999969482422, 230.89996337890625), 1)
  ('re', Rect(112.94000244140625, 219.37994384765625, 113.42000579833984, 230.89996337890625), 1)
  ('re', Rect(205.1300048828125, 219.37994384765625, 205.61000061035156, 230.89996337890625), 1)
  ('re', Rect(304.3699951171875, 219.37994384765625, 304.8499755859375, 230.89996337890625), 1)
  ('re', Rect(553.2999877929688, 219.37994384765625, 553.7799682617188, 230.89996337890625), 1)
  ('re', Rect(308.57000732421875, 232.3399658203125, 547.9000244140625, 243.97998046875), 1)
  ('re', Rect(209.3300018310547, 232.4599609375, 300.6499938964844, 243.8599853515625), 1)
  ('re', Rect(117.13999938964844, 232.4599609375, 201.40399169921875, 243.8599853515625), 1)
  ('re', Rect(32.040000915527344, 232.4599609375, 109.2239990234375, 243.8599853515625), 1)
  ('re', Rect(27.84000015258789, 230.9000244140625, 28.31999969482422, 231.3800048828125), 1)
  ('re', Rect(28.31999969482422, 230.9000244140625, 112.94400024414062, 231.3800048828125), 1)
  ('re', Rect(112.94000244140625, 230.9000244140625, 113.42000579833984, 231.3800048828125), 1)
  ('re', Rect(113.41999816894531, 230.9000244140625, 205.12399291992188, 231.3800048828125), 1)
  ('re', Rect(205.1300048828125, 230.9000244140625, 205.61000061035156, 231.3800048828125), 1)
  ('re', Rect(205.61000061035156, 230.9000244140625, 304.3699951171875, 231.3800048828125), 1)
  ('re', Rect(304.3699951171875, 230.9000244140625, 304.8499755859375, 231.3800048828125), 1)
  ('re', Rect(304.8500061035156, 230.9000244140625, 553.2999877929688, 231.3800048828125), 1)
  ('re', Rect(553.2999877929688, 230.9000244140625, 553.7799682617188, 231.3800048828125), 1)
  ('re', Rect(27.84000015258789, 231.3800048828125, 28.31999969482422, 244.94000244140625), 1)
  ('re', Rect(112.94000244140625, 231.3800048828125, 113.42000579833984, 244.94000244140625), 1)
  ('re', Rect(205.1300048828125, 231.3800048828125, 205.61000061035156, 244.94000244140625), 1)
  ('re', Rect(304.3699951171875, 231.3800048828125, 304.8499755859375, 244.94000244140625), 1)
  ('re', Rect(553.2999877929688, 231.3800048828125, 553.7799682617188, 244.94000244140625), 1)
  ('re', Rect(308.57000732421875, 246.37994384765625, 547.9000244140625, 257.89996337890625), 1)
  ('re', Rect(308.57000732421875, 257.906005859375, 547.9000244140625, 269.45001220703125), 1)
  ('re', Rect(308.57000732421875, 269.449951171875, 547.9000244140625, 280.969970703125), 1)
  ('re', Rect(209.3300018310547, 257.906005859375, 300.6499938964844, 269.45001220703125), 1)
  ('re', Rect(117.13999938964844, 257.906005859375, 201.40399169921875, 269.45001220703125), 1)
  ('re', Rect(32.040000915527344, 257.906005859375, 109.2239990234375, 269.45001220703125), 1)
  ('re', Rect(27.84000015258789, 244.94000244140625, 28.31999969482422, 245.41998291015625), 1)
  ('re', Rect(28.31999969482422, 244.94000244140625, 112.94400024414062, 245.41998291015625), 1)
  ('re', Rect(112.94000244140625, 244.94000244140625, 113.42000579833984, 245.41998291015625), 1)
  ('re', Rect(113.41999816894531, 244.94000244140625, 205.12399291992188, 245.41998291015625), 1)
  ('re', Rect(205.1300048828125, 244.94000244140625, 205.61000061035156, 245.41998291015625), 1)
  ('re', Rect(205.61000061035156, 244.94000244140625, 304.3699951171875, 245.41998291015625), 1)
  ('re', Rect(304.3699951171875, 244.94000244140625, 304.8499755859375, 245.41998291015625), 1)
  ('re', Rect(304.8500061035156, 244.94000244140625, 553.2999877929688, 245.41998291015625), 1)
  ('re', Rect(553.2999877929688, 244.94000244140625, 553.7799682617188, 245.41998291015625), 1)
  ('re', Rect(27.84000015258789, 245.42596435546875, 28.31999969482422, 281.92999267578125), 1)
  ('re', Rect(112.94000244140625, 245.42596435546875, 113.42000579833984, 281.92999267578125), 1)
  ('re', Rect(205.1300048828125, 245.42596435546875, 205.61000061035156, 281.92999267578125), 1)
  ('re', Rect(304.3699951171875, 245.42596435546875, 304.8499755859375, 281.92999267578125), 1)
  ('re', Rect(553.2999877929688, 245.42596435546875, 553.7799682617188, 281.92999267578125), 1)
  ('re', Rect(308.57000732421875, 283.3699951171875, 547.9000244140625, 295.010009765625), 1)
  ('re', Rect(209.3300018310547, 283.48992919921875, 300.6499938964844, 294.88995361328125), 1)
  ('re', Rect(117.13999938964844, 283.48992919921875, 201.40399169921875, 294.88995361328125), 1)
  ('re', Rect(32.040000915527344, 283.48992919921875, 109.2239990234375, 294.88995361328125), 1)
  ('re', Rect(27.84000015258789, 281.92999267578125, 28.31999969482422, 282.40997314453125), 1)
  ('re', Rect(28.31999969482422, 281.92999267578125, 112.94400024414062, 282.40997314453125), 1)
  ('re', Rect(112.94000244140625, 281.92999267578125, 113.42000579833984, 282.40997314453125), 1)
  ('re', Rect(113.41999816894531, 281.92999267578125, 205.12399291992188, 282.40997314453125), 1)
  ('re', Rect(205.1300048828125, 281.92999267578125, 205.61000061035156, 282.40997314453125), 1)
  ('re', Rect(205.61000061035156, 281.92999267578125, 304.3699951171875, 282.40997314453125), 1)
  ('re', Rect(304.3699951171875, 281.92999267578125, 304.8499755859375, 282.40997314453125), 1)
  ('re', Rect(304.8500061035156, 281.92999267578125, 553.2999877929688, 282.40997314453125), 1)
  ('re', Rect(553.2999877929688, 281.92999267578125, 553.7799682617188, 282.40997314453125), 1)
  ('re', Rect(27.84000015258789, 282.40997314453125, 28.31999969482422, 295.969970703125), 1)
  ('re', Rect(112.94000244140625, 282.40997314453125, 113.42000579833984, 295.969970703125), 1)
  ('re', Rect(205.1300048828125, 282.40997314453125, 205.61000061035156, 295.969970703125), 1)
  ('re', Rect(304.3699951171875, 282.40997314453125, 304.8499755859375, 295.969970703125), 1)
  ('re', Rect(553.2999877929688, 282.40997314453125, 553.7799682617188, 295.969970703125), 1)
  ('re', Rect(308.57000732421875, 297.40997314453125, 547.9000244140625, 308.92999267578125), 1)
  ('re', Rect(209.3300018310547, 297.40997314453125, 300.6499938964844, 308.92999267578125), 1)
  ('re', Rect(117.13999938964844, 297.40997314453125, 201.40399169921875, 308.92999267578125), 1)
  ('re', Rect(32.040000915527344, 297.40997314453125, 109.2239990234375, 308.92999267578125), 1)
  ('re', Rect(27.84000015258789, 295.97003173828125, 28.31999969482422, 296.45001220703125), 1)
  ('re', Rect(28.31999969482422, 295.97003173828125, 112.94400024414062, 296.45001220703125), 1)
  ('re', Rect(112.94000244140625, 295.97003173828125, 113.42000579833984, 296.45001220703125), 1)
  ('re', Rect(113.41999816894531, 295.97003173828125, 205.12399291992188, 296.45001220703125), 1)
  ('re', Rect(205.1300048828125, 295.97003173828125, 205.61000061035156, 296.45001220703125), 1)
  ('re', Rect(205.61000061035156, 295.97003173828125, 304.3699951171875, 296.45001220703125), 1)
  ('re', Rect(304.3699951171875, 295.97003173828125, 304.8499755859375, 296.45001220703125), 1)
  ('re', Rect(304.8500061035156, 295.97003173828125, 553.2999877929688, 296.45001220703125), 1)
  ('re', Rect(553.2999877929688, 295.97003173828125, 553.7799682617188, 296.45001220703125), 1)
  ('re', Rect(27.84000015258789, 296.449951171875, 28.31999969482422, 309.88995361328125), 1)
  ('re', Rect(112.94000244140625, 296.449951171875, 113.42000579833984, 309.88995361328125), 1)
  ('re', Rect(205.1300048828125, 296.449951171875, 205.61000061035156, 309.88995361328125), 1)
  ('re', Rect(304.3699951171875, 296.449951171875, 304.8499755859375, 309.88995361328125), 1)
  ('re', Rect(553.2999877929688, 296.449951171875, 553.7799682617188, 309.88995361328125), 1)
  ('re', Rect(308.57000732421875, 311.449951171875, 547.9000244140625, 322.969970703125), 1)
  ('re', Rect(308.57000732421875, 322.969970703125, 547.9000244140625, 334.489990234375), 1)
  ('re', Rect(209.3300018310547, 317.2099609375, 300.6499938964844, 328.72998046875), 1)
  ('re', Rect(117.13999938964844, 317.2099609375, 201.40399169921875, 328.72998046875), 1)
  ('re', Rect(32.040000915527344, 317.2099609375, 109.2239990234375, 328.72998046875), 1)
  ('re', Rect(27.84000015258789, 309.8900146484375, 28.31999969482422, 310.3699951171875), 1)
  ('re', Rect(28.31999969482422, 309.8900146484375, 112.94400024414062, 310.3699951171875), 1)
  ('re', Rect(112.94000244140625, 309.8900146484375, 113.42000579833984, 310.3699951171875), 1)
  ('re', Rect(113.41999816894531, 309.8900146484375, 205.12399291992188, 310.3699951171875), 1)
  ('re', Rect(205.1300048828125, 309.8900146484375, 205.61000061035156, 310.3699951171875), 1)
  ('re', Rect(205.61000061035156, 309.8900146484375, 304.3699951171875, 310.3699951171875), 1)
  ('re', Rect(304.3699951171875, 309.8900146484375, 304.8499755859375, 310.3699951171875), 1)
  ('re', Rect(304.8500061035156, 309.8900146484375, 553.2999877929688, 310.3699951171875), 1)
  ('re', Rect(553.2999877929688, 309.8900146484375, 553.7799682617188, 310.3699951171875), 1)
  ('re', Rect(27.84000015258789, 310.3699951171875, 28.31999969482422, 335.4499816894531), 1)
  ('re', Rect(112.94000244140625, 310.3699951171875, 113.42000579833984, 335.4499816894531), 1)
  ('re', Rect(205.1300048828125, 310.3699951171875, 205.61000061035156, 335.4499816894531), 1)
  ('re', Rect(304.3699951171875, 310.3699951171875, 304.8499755859375, 335.4499816894531), 1)
  ('re', Rect(553.2999877929688, 310.3699951171875, 553.7799682617188, 335.4499816894531), 1)
  ('re', Rect(308.57000732421875, 336.8899841308594, 547.9000244140625, 348.40997314453125), 1)
  ('re', Rect(209.3300018310547, 336.8899841308594, 300.6499938964844, 348.40997314453125), 1)
  ('re', Rect(117.13999938964844, 336.8899841308594, 201.40399169921875, 348.40997314453125), 1)
  ('re', Rect(32.040000915527344, 336.8899841308594, 109.2239990234375, 348.40997314453125), 1)
  ('re', Rect(27.84000015258789, 335.4499816894531, 28.31999969482422, 335.92999267578125), 1)
  ('re', Rect(28.31999969482422, 335.4499816894531, 112.94400024414062, 335.92999267578125), 1)
  ('re', Rect(112.94000244140625, 335.4499816894531, 113.42000579833984, 335.92999267578125), 1)
  ('re', Rect(113.41999816894531, 335.4499816894531, 205.12399291992188, 335.92999267578125), 1)
  ('re', Rect(205.1300048828125, 335.4499816894531, 205.61000061035156, 335.92999267578125), 1)
  ('re', Rect(205.61000061035156, 335.4499816894531, 304.3699951171875, 335.92999267578125), 1)
  ('re', Rect(304.3699951171875, 335.4499816894531, 304.8499755859375, 335.92999267578125), 1)
  ('re', Rect(304.8500061035156, 335.4499816894531, 553.2999877929688, 335.92999267578125), 1)
  ('re', Rect(553.2999877929688, 335.4499816894531, 553.7799682617188, 335.92999267578125), 1)
  ('re', Rect(27.84000015258789, 335.92999267578125, 28.31999969482422, 349.3699951171875), 1)
  ('re', Rect(112.94000244140625, 335.92999267578125, 113.42000579833984, 349.3699951171875), 1)
  ('re', Rect(205.1300048828125, 335.92999267578125, 205.61000061035156, 349.3699951171875), 1)
  ('re', Rect(304.3699951171875, 335.92999267578125, 304.8499755859375, 349.3699951171875), 1)
  ('re', Rect(553.2999877929688, 335.92999267578125, 553.7799682617188, 349.3699951171875), 1)
  ('re', Rect(308.57000732421875, 350.92999267578125, 547.9000244140625, 362.4499816894531), 1)
  ('re', Rect(209.3300018310547, 350.92999267578125, 300.6499938964844, 362.4499816894531), 1)
  ('re', Rect(117.13999938964844, 350.92999267578125, 201.40399169921875, 362.4499816894531), 1)
  ('re', Rect(32.040000915527344, 350.92999267578125, 109.2239990234375, 362.4499816894531), 1)
  ('re', Rect(27.84000015258789, 349.3699951171875, 28.31999969482422, 349.8499755859375), 1)
  ('re', Rect(28.31999969482422, 349.3699951171875, 112.94400024414062, 349.8499755859375), 1)
  ('re', Rect(112.94000244140625, 349.3699951171875, 113.42000579833984, 349.8499755859375), 1)
  ('re', Rect(113.41999816894531, 349.3699951171875, 205.12399291992188, 349.8499755859375), 1)
  ('re', Rect(205.1300048828125, 349.3699951171875, 205.61000061035156, 349.8499755859375), 1)
  ('re', Rect(205.61000061035156, 349.3699951171875, 304.3699951171875, 349.8499755859375), 1)
  ('re', Rect(304.3699951171875, 349.3699951171875, 304.8499755859375, 349.8499755859375), 1)
  ('re', Rect(304.8500061035156, 349.3699951171875, 553.2999877929688, 349.8499755859375), 1)
  ('re', Rect(553.2999877929688, 349.3699951171875, 553.7799682617188, 349.8499755859375), 1)
  ('re', Rect(27.84000015258789, 349.8499755859375, 28.31999969482422, 363.40997314453125), 1)
  ('re', Rect(112.94000244140625, 349.8499755859375, 113.42000579833984, 363.40997314453125), 1)
  ('re', Rect(205.1300048828125, 349.8499755859375, 205.61000061035156, 363.40997314453125), 1)
  ('re', Rect(304.3699951171875, 349.8499755859375, 304.8499755859375, 363.40997314453125), 1)
  ('re', Rect(553.2999877929688, 349.8499755859375, 553.7799682617188, 363.40997314453125), 1)
  ('re', Rect(308.57000732421875, 364.8499755859375, 547.9000244140625, 376.489990234375), 1)
  ('re', Rect(209.3300018310547, 364.9700012207031, 300.6499938964844, 376.3699951171875), 1)
  ('re', Rect(117.13999938964844, 364.9700012207031, 201.40399169921875, 376.3699951171875), 1)
  ('re', Rect(32.040000915527344, 364.9700012207031, 109.2239990234375, 376.3699951171875), 1)
  ('re', Rect(27.84000015258789, 363.40997314453125, 28.31999969482422, 363.8899841308594), 1)
  ('re', Rect(28.31999969482422, 363.40997314453125, 112.94400024414062, 363.8899841308594), 1)
  ('re', Rect(112.94000244140625, 363.40997314453125, 113.42000579833984, 363.8899841308594), 1)
  ('re', Rect(113.41999816894531, 363.40997314453125, 205.12399291992188, 363.8899841308594), 1)
  ('re', Rect(205.1300048828125, 363.40997314453125, 205.61000061035156, 363.8899841308594), 1)
  ('re', Rect(205.61000061035156, 363.40997314453125, 304.3699951171875, 363.8899841308594), 1)
  ('re', Rect(304.3699951171875, 363.40997314453125, 304.8499755859375, 363.8899841308594), 1)
  ('re', Rect(304.8500061035156, 363.40997314453125, 553.2999877929688, 363.8899841308594), 1)
  ('re', Rect(553.2999877929688, 363.40997314453125, 553.7799682617188, 363.8899841308594), 1)
  ('re', Rect(27.84000015258789, 363.8899841308594, 28.31999969482422, 377.4499816894531), 1)
  ('re', Rect(112.94000244140625, 363.8899841308594, 113.42000579833984, 377.4499816894531), 1)
  ('re', Rect(205.1300048828125, 363.8899841308594, 205.61000061035156, 377.4499816894531), 1)
  ('re', Rect(304.3699951171875, 363.8899841308594, 304.8499755859375, 377.4499816894531), 1)
  ('re', Rect(553.2999877929688, 363.8899841308594, 553.7799682617188, 377.4499816894531), 1)
  ('re', Rect(308.57000732421875, 378.8899841308594, 547.9000244140625, 390.40997314453125), 1)
  ('re', Rect(209.3300018310547, 378.8899841308594, 300.6499938964844, 390.40997314453125), 1)
  ('re', Rect(117.13999938964844, 378.8899841308594, 201.40399169921875, 390.40997314453125), 1)
  ('re', Rect(32.040000915527344, 378.8899841308594, 109.2239990234375, 390.40997314453125), 1)
  ('re', Rect(27.84000015258789, 377.4499816894531, 28.31999969482422, 377.92999267578125), 1)
  ('re', Rect(28.31999969482422, 377.4499816894531, 112.94400024414062, 377.92999267578125), 1)
  ('re', Rect(112.94000244140625, 377.4499816894531, 113.42000579833984, 377.92999267578125), 1)
  ('re', Rect(113.41999816894531, 377.4499816894531, 205.12399291992188, 377.92999267578125), 1)
  ('re', Rect(205.1300048828125, 377.4499816894531, 205.61000061035156, 377.92999267578125), 1)
  ('re', Rect(205.61000061035156, 377.4499816894531, 304.3699951171875, 377.92999267578125), 1)
  ('re', Rect(304.3699951171875, 377.4499816894531, 304.8499755859375, 377.92999267578125), 1)
  ('re', Rect(304.8500061035156, 377.4499816894531, 553.2999877929688, 377.92999267578125), 1)
  ('re', Rect(553.2999877929688, 377.4499816894531, 553.7799682617188, 377.92999267578125), 1)
  ('re', Rect(27.84000015258789, 377.92999267578125, 28.31999969482422, 391.489990234375), 1)
  ('re', Rect(27.84000015258789, 391.4899597167969, 28.31999969482422, 391.969970703125), 1)
  ('re', Rect(27.84000015258789, 391.4899597167969, 28.31999969482422, 391.969970703125), 1)
  ('re', Rect(28.31999969482422, 391.4899597167969, 112.94400024414062, 391.969970703125), 1)
  ('re', Rect(112.94000244140625, 377.92999267578125, 113.42000579833984, 391.489990234375), 1)
  ('re', Rect(112.94000244140625, 391.4899597167969, 113.42000579833984, 391.969970703125), 1)
  ('re', Rect(113.41999816894531, 391.4899597167969, 205.12399291992188, 391.969970703125), 1)
  ('re', Rect(205.1300048828125, 377.92999267578125, 205.61000061035156, 391.489990234375), 1)
  ('re', Rect(205.1300048828125, 391.4899597167969, 205.61000061035156, 391.969970703125), 1)
  ('re', Rect(205.61000061035156, 391.4899597167969, 304.3699951171875, 391.969970703125), 1)
  ('re', Rect(304.3699951171875, 377.92999267578125, 304.8499755859375, 391.489990234375), 1)
  ('re', Rect(304.3699951171875, 391.4899597167969, 304.8499755859375, 391.969970703125), 1)
  ('re', Rect(304.8500061035156, 391.4899597167969, 553.2999877929688, 391.969970703125), 1)
  ('re', Rect(553.2999877929688, 377.92999267578125, 553.7799682617188, 391.489990234375), 1)
  ('re', Rect(553.2999877929688, 391.4899597167969, 553.7799682617188, 391.969970703125), 1)
  ('re', Rect(553.2999877929688, 391.4899597167969, 553.7799682617188, 391.969970703125), 1)
  ('re', Rect(26.639999389648438, 397.969970703125, 547.2999877929688, 403.72998046875), 1)
  ('re', Rect(28.079999923706055, 403.72998046875, 554.3800048828125, 422.3299865722656), 1)
  ('re', Rect(33.47999954223633, 403.72998046875, 548.97998046875, 422.3299865722656), 1)
  ('re', Rect(240.77000427246094, 428.57000732421875, 550.0599975585938, 440.0899963378906), 1)
  ('re', Rect(179.77999877929688, 428.57000732421875, 232.7239990234375, 440.0899963378906), 1)
  ('re', Rect(116.77999877929688, 428.57000732421875, 171.97999572753906, 440.0899963378906), 1)
  ('re', Rect(32.15999984741211, 428.57000732421875, 108.86399841308594, 440.0899963378906), 1)
  ('re', Rect(27.84000015258789, 428.0899963378906, 28.31999969482422, 428.5699768066406), 1)
  ('re', Rect(27.84000015258789, 428.0899963378906, 28.31999969482422, 428.5699768066406), 1)
  ('re', Rect(28.31999969482422, 428.0899963378906, 112.46399688720703, 428.5699768066406), 1)
  ('re', Rect(112.45999908447266, 428.0899963378906, 112.94000244140625, 428.5699768066406), 1)
  ('re', Rect(112.94000244140625, 428.0899963378906, 175.5800018310547, 428.5699768066406), 1)
  ('re', Rect(175.5800018310547, 428.0899963378906, 176.05999755859375, 428.5699768066406), 1)
  ('re', Rect(176.05999755859375, 428.0899963378906, 236.44400024414062, 428.5699768066406), 1)
  ('re', Rect(236.4499969482422, 428.0899963378906, 236.9300079345703, 428.5699768066406), 1)
  ('re', Rect(236.92999267578125, 428.0899963378906, 553.6600341796875, 428.5699768066406), 1)
  ('re', Rect(553.6599731445312, 428.0899963378906, 554.1399536132812, 428.5699768066406), 1)
  ('re', Rect(553.6599731445312, 428.0899963378906, 554.1399536132812, 428.5699768066406), 1)
  ('re', Rect(27.84000015258789, 428.57000732421875, 28.31999969482422, 440.0899963378906), 1)
  ('re', Rect(112.45999908447266, 428.57000732421875, 112.94000244140625, 440.0899963378906), 1)
  ('re', Rect(175.5800018310547, 428.57000732421875, 176.05999755859375, 440.0899963378906), 1)
  ('re', Rect(236.4499969482422, 428.57000732421875, 236.9300079345703, 440.0899963378906), 1)
  ('re', Rect(553.6599731445312, 428.57000732421875, 554.1399536132812, 440.0899963378906), 1)
  ('re', Rect(27.84000015258789, 440.0899963378906, 28.31999969482422, 440.5699768066406), 1)
  ('re', Rect(28.31999969482422, 440.0899963378906, 112.46399688720703, 440.5699768066406), 1)
  ('re', Rect(112.45999908447266, 440.0899963378906, 112.94000244140625, 440.5699768066406), 1)
  ('re', Rect(112.94000244140625, 440.0899963378906, 175.5800018310547, 440.5699768066406), 1)
  ('re', Rect(175.5800018310547, 440.0899963378906, 176.05999755859375, 440.5699768066406), 1)
  ('re', Rect(176.05999755859375, 440.0899963378906, 236.44400024414062, 440.5699768066406), 1)
  ('re', Rect(236.4499969482422, 440.0899963378906, 236.9300079345703, 440.5699768066406), 1)
  ('re', Rect(236.92999267578125, 440.0899963378906, 553.6600341796875, 440.5699768066406), 1)
  ('re', Rect(553.6599731445312, 440.0899963378906, 554.1399536132812, 440.5699768066406), 1)
  ('re', Rect(27.84000015258789, 440.56597900390625, 28.31999969482422, 466.989990234375), 1)
  ('re', Rect(112.45999908447266, 440.56597900390625, 112.94000244140625, 466.989990234375), 1)
  ('re', Rect(175.5800018310547, 440.56597900390625, 176.05999755859375, 466.989990234375), 1)
  ('re', Rect(236.4499969482422, 440.56597900390625, 236.9300079345703, 466.989990234375), 1)
  ('re', Rect(553.6599731445312, 440.56597900390625, 554.1399536132812, 466.989990234375), 1)
  ('re', Rect(179.77999877929688, 466.989990234375, 232.7239990234375, 478.5099792480469), 1)
  ('re', Rect(116.77999877929688, 466.989990234375, 171.97999572753906, 478.5099792480469), 1)
  ('re', Rect(32.15999984741211, 466.989990234375, 108.86399841308594, 478.5099792480469), 1)
  ('re', Rect(27.84000015258789, 466.989990234375, 28.31999969482422, 480.30999755859375), 1)
  ('re', Rect(112.45999908447266, 466.989990234375, 112.94000244140625, 480.30999755859375), 1)
  ('re', Rect(175.5800018310547, 466.989990234375, 176.05999755859375, 480.30999755859375), 1)
  ('re', Rect(236.4499969482422, 466.989990234375, 236.9300079345703, 480.30999755859375), 1)
  ('re', Rect(553.6599731445312, 466.989990234375, 554.1399536132812, 480.30999755859375), 1)
  ('re', Rect(179.77999877929688, 480.30999755859375, 232.7239990234375, 491.7099914550781), 1)
  ('re', Rect(116.77999877929688, 480.30999755859375, 171.97999572753906, 491.7099914550781), 1)
  ('re', Rect(32.15999984741211, 480.30999755859375, 108.86399841308594, 491.7099914550781), 1)
  ('re', Rect(27.84000015258789, 480.3099670410156, 28.31999969482422, 493.5099792480469), 1)
  ('re', Rect(112.45999908447266, 480.3099670410156, 112.94000244140625, 493.5099792480469), 1)
  ('re', Rect(175.5800018310547, 480.3099670410156, 176.05999755859375, 493.5099792480469), 1)
  ('re', Rect(236.4499969482422, 480.3099670410156, 236.9300079345703, 493.5099792480469), 1)
  ('re', Rect(553.6599731445312, 480.3099670410156, 554.1399536132812, 493.5099792480469), 1)
  ('re', Rect(27.84000015258789, 493.5099792480469, 28.31999969482422, 493.989990234375), 1)
  ('re', Rect(28.31999969482422, 493.5099792480469, 112.46399688720703, 493.989990234375), 1)
  ('re', Rect(112.45999908447266, 493.5099792480469, 112.94000244140625, 493.989990234375), 1)
  ('re', Rect(112.94000244140625, 493.5099792480469, 175.5800018310547, 493.989990234375), 1)
  ('re', Rect(175.5800018310547, 493.5099792480469, 176.05999755859375, 493.989990234375), 1)
  ('re', Rect(176.05999755859375, 493.5099792480469, 236.44400024414062, 493.989990234375), 1)
  ('re', Rect(236.4499969482422, 493.5099792480469, 236.9300079345703, 493.989990234375), 1)
  ('re', Rect(236.92999267578125, 493.5099792480469, 553.6600341796875, 493.989990234375), 1)
  ('re', Rect(553.6599731445312, 493.5099792480469, 554.1399536132812, 493.989990234375), 1)
  ('re', Rect(27.84000015258789, 493.9899597167969, 28.31999969482422, 507.1899719238281), 1)
  ('re', Rect(112.45999908447266, 493.9899597167969, 112.94000244140625, 507.1899719238281), 1)
  ('re', Rect(175.5800018310547, 493.9899597167969, 176.05999755859375, 507.1899719238281), 1)
  ('re', Rect(236.4499969482422, 493.9899597167969, 236.9300079345703, 507.1899719238281), 1)
  ('re', Rect(553.6599731445312, 493.9899597167969, 554.1399536132812, 507.1899719238281), 1)
  ('re', Rect(116.77999877929688, 507.19000244140625, 171.97999572753906, 518.7099609375), 1)
  ('re', Rect(27.84000015258789, 507.1899719238281, 28.31999969482422, 520.3900146484375), 1)
  ('re', Rect(112.45999908447266, 507.1899719238281, 112.94000244140625, 520.3900146484375), 1)
  ('re', Rect(175.5800018310547, 507.1899719238281, 176.05999755859375, 520.3900146484375), 1)
  ('re', Rect(236.4499969482422, 507.1899719238281, 236.9300079345703, 520.3900146484375), 1)
  ('re', Rect(553.6599731445312, 507.1899719238281, 554.1399536132812, 520.3900146484375), 1)
  ('re', Rect(116.77999877929688, 520.3900146484375, 171.97999572753906, 531.9099731445312), 1)
  ('re', Rect(27.84000015258789, 520.3900146484375, 28.31999969482422, 533.7099609375), 1)
  ('re', Rect(112.45999908447266, 520.3900146484375, 112.94000244140625, 533.7099609375), 1)
  ('re', Rect(175.5800018310547, 520.3900146484375, 176.05999755859375, 533.7099609375), 1)
  ('re', Rect(236.4499969482422, 520.3900146484375, 236.9300079345703, 533.7099609375), 1)
  ('re', Rect(553.6599731445312, 520.3900146484375, 554.1399536132812, 533.7099609375), 1)
  ('re', Rect(116.77999877929688, 533.7099609375, 171.97999572753906, 545.1099853515625), 1)
  ('re', Rect(27.84000015258789, 533.7099609375, 28.31999969482422, 546.9099731445312), 1)
  ('re', Rect(112.45999908447266, 533.7099609375, 112.94000244140625, 546.9099731445312), 1)
  ('re', Rect(175.5800018310547, 533.7099609375, 176.05999755859375, 546.9099731445312), 1)
  ('re', Rect(236.4499969482422, 533.7099609375, 236.9300079345703, 546.9099731445312), 1)
  ('re', Rect(553.6599731445312, 533.7099609375, 554.1399536132812, 546.9099731445312), 1)
  ('re', Rect(116.77999877929688, 546.9100341796875, 171.97999572753906, 558.4299926757812), 1)
  ('re', Rect(27.84000015258789, 546.9099731445312, 28.31999969482422, 560.1099853515625), 1)
  ('re', Rect(112.45999908447266, 546.9099731445312, 112.94000244140625, 560.1099853515625), 1)
  ('re', Rect(175.5800018310547, 546.9099731445312, 176.05999755859375, 560.1099853515625), 1)
  ('re', Rect(236.4499969482422, 546.9099731445312, 236.9300079345703, 560.1099853515625), 1)
  ('re', Rect(553.6599731445312, 546.9099731445312, 554.1399536132812, 560.1099853515625), 1)
  ('re', Rect(27.84000015258789, 560.1099853515625, 28.31999969482422, 560.5899658203125), 1)
  ('re', Rect(28.31999969482422, 560.1099853515625, 112.46399688720703, 560.5899658203125), 1)
  ('re', Rect(112.45999908447266, 560.1099853515625, 112.94000244140625, 560.5899658203125), 1)
  ('re', Rect(112.94000244140625, 560.1099853515625, 175.5800018310547, 560.5899658203125), 1)
  ('re', Rect(175.5800018310547, 560.1099853515625, 176.05999755859375, 560.5899658203125), 1)
  ('re', Rect(176.05999755859375, 560.1099853515625, 236.44400024414062, 560.5899658203125), 1)
  ('re', Rect(236.4499969482422, 560.1099853515625, 236.9300079345703, 560.5899658203125), 1)
  ('re', Rect(236.92999267578125, 560.1099853515625, 553.6600341796875, 560.5899658203125), 1)
  ('re', Rect(553.6599731445312, 560.1099853515625, 554.1399536132812, 560.5899658203125), 1)
  ('re', Rect(27.84000015258789, 560.5899658203125, 28.31999969482422, 573.7899780273438), 1)
  ('re', Rect(112.45999908447266, 560.5899658203125, 112.94000244140625, 573.7899780273438), 1)
  ('re', Rect(175.5800018310547, 560.5899658203125, 176.05999755859375, 573.7899780273438), 1)
  ('re', Rect(236.4499969482422, 560.5899658203125, 236.9300079345703, 573.7899780273438), 1)
  ('re', Rect(553.6599731445312, 560.5899658203125, 554.1399536132812, 573.7899780273438), 1)
  ('re', Rect(116.77999877929688, 573.7900390625, 171.97999572753906, 585.3099975585938), 1)
  ('re', Rect(27.84000015258789, 573.7899780273438, 28.31999969482422, 587.1099853515625), 1)
  ('re', Rect(112.45999908447266, 573.7899780273438, 112.94000244140625, 587.1099853515625), 1)
  ('re', Rect(175.5800018310547, 573.7899780273438, 176.05999755859375, 587.1099853515625), 1)
  ('re', Rect(236.4499969482422, 573.7899780273438, 236.9300079345703, 587.1099853515625), 1)
  ('re', Rect(553.6599731445312, 573.7899780273438, 554.1399536132812, 587.1099853515625), 1)
  ('re', Rect(116.77999877929688, 587.1099853515625, 171.97999572753906, 598.510009765625), 1)
  ('re', Rect(27.84000015258789, 587.1099853515625, 28.31999969482422, 600.3099975585938), 1)
  ('re', Rect(112.45999908447266, 587.1099853515625, 112.94000244140625, 600.3099975585938), 1)
  ('re', Rect(175.5800018310547, 587.1099853515625, 176.05999755859375, 600.3099975585938), 1)
  ('re', Rect(236.4499969482422, 587.1099853515625, 236.9300079345703, 600.3099975585938), 1)
  ('re', Rect(553.6599731445312, 587.1099853515625, 554.1399536132812, 600.3099975585938), 1)
  ('re', Rect(116.77999877929688, 600.3099975585938, 171.97999572753906, 611.8299560546875), 1)
  ('re', Rect(27.84000015258789, 600.3099975585938, 28.31999969482422, 614.22998046875), 1)
  ('re', Rect(112.45999908447266, 600.3099975585938, 112.94000244140625, 614.22998046875), 1)
  ('re', Rect(175.5800018310547, 600.3099975585938, 176.05999755859375, 614.22998046875), 1)
  ('re', Rect(236.4499969482422, 600.3099975585938, 236.9300079345703, 614.22998046875), 1)
  ('re', Rect(553.6599731445312, 600.3099975585938, 554.1399536132812, 614.22998046875), 1)
  ('re', Rect(116.77999877929688, 614.2359619140625, 171.97999572753906, 625.7799682617188), 1)
  ('re', Rect(27.84000015258789, 614.2359619140625, 28.31999969482422, 628.1799926757812), 1)
  ('re', Rect(112.45999908447266, 614.2359619140625, 112.94000244140625, 628.1799926757812), 1)
  ('re', Rect(175.5800018310547, 614.2359619140625, 176.05999755859375, 628.1799926757812), 1)
  ('re', Rect(236.4499969482422, 614.2359619140625, 236.9300079345703, 628.1799926757812), 1)
  ('re', Rect(553.6599731445312, 614.2359619140625, 554.1399536132812, 628.1799926757812), 1)
  ('re', Rect(116.77999877929688, 630.4599609375, 171.97999572753906, 641.8599853515625), 1)
  ('re', Rect(27.84000015258789, 628.1799926757812, 28.31999969482422, 628.6599731445312), 1)
  ('re', Rect(28.31999969482422, 628.1799926757812, 112.46399688720703, 628.6599731445312), 1)
  ('re', Rect(112.45999908447266, 628.1799926757812, 112.94000244140625, 628.6599731445312), 1)
  ('re', Rect(112.94000244140625, 628.1799926757812, 175.5800018310547, 628.6599731445312), 1)
  ('re', Rect(175.5800018310547, 628.1799926757812, 176.05999755859375, 628.6599731445312), 1)
  ('re', Rect(176.05999755859375, 628.1799926757812, 236.44400024414062, 628.6599731445312), 1)
  ('re', Rect(236.4499969482422, 628.1799926757812, 236.9300079345703, 628.6599731445312), 1)
  ('re', Rect(236.92999267578125, 628.1799926757812, 553.6600341796875, 628.6599731445312), 1)
  ('re', Rect(553.6599731445312, 628.1799926757812, 554.1399536132812, 628.6599731445312), 1)
  ('re', Rect(27.84000015258789, 628.6599731445312, 28.31999969482422, 641.8599853515625), 1)
  ('re', Rect(112.45999908447266, 628.6599731445312, 112.94000244140625, 641.8599853515625), 1)
  ('re', Rect(175.5800018310547, 628.6599731445312, 176.05999755859375, 641.8599853515625), 1)
  ('re', Rect(236.4499969482422, 628.6599731445312, 236.9300079345703, 641.8599853515625), 1)
  ('re', Rect(553.6599731445312, 628.6599731445312, 554.1399536132812, 641.8599853515625), 1)
  ('re', Rect(116.77999877929688, 644.1400146484375, 171.97999572753906, 655.6599731445312), 1)
  ('re', Rect(27.84000015258789, 641.8599853515625, 28.31999969482422, 642.3399658203125), 1)
  ('re', Rect(28.31999969482422, 641.8599853515625, 112.46399688720703, 642.3399658203125), 1)
  ('re', Rect(112.45999908447266, 641.8599853515625, 112.94000244140625, 642.3399658203125), 1)
  ('re', Rect(112.94000244140625, 641.8599853515625, 175.5800018310547, 642.3399658203125), 1)
  ('re', Rect(175.5800018310547, 641.8599853515625, 176.05999755859375, 642.3399658203125), 1)
  ('re', Rect(176.05999755859375, 641.8599853515625, 236.44400024414062, 642.3399658203125), 1)
  ('re', Rect(236.4499969482422, 641.8599853515625, 236.9300079345703, 642.3399658203125), 1)
  ('re', Rect(236.92999267578125, 641.8599853515625, 553.6600341796875, 642.3399658203125), 1)
  ('re', Rect(553.6599731445312, 641.8599853515625, 554.1399536132812, 642.3399658203125), 1)
  ('re', Rect(27.84000015258789, 642.3399658203125, 28.31999969482422, 655.6599731445312), 1)
  ('re', Rect(112.45999908447266, 642.3399658203125, 112.94000244140625, 655.6599731445312), 1)
  ('re', Rect(175.5800018310547, 642.3399658203125, 176.05999755859375, 655.6599731445312), 1)
  ('re', Rect(236.4499969482422, 642.3399658203125, 236.9300079345703, 655.6599731445312), 1)
  ('re', Rect(553.6599731445312, 642.3399658203125, 554.1399536132812, 655.6599731445312), 1)
  ('re', Rect(116.77999877929688, 656.5, 171.97999572753906, 668.02001953125), 1)
  ('re', Rect(27.84000015258789, 655.6599731445312, 28.31999969482422, 668.8599853515625), 1)
  ('re', Rect(112.45999908447266, 655.6599731445312, 112.94000244140625, 668.8599853515625), 1)
  ('re', Rect(175.5800018310547, 655.6599731445312, 176.05999755859375, 668.8599853515625), 1)
  ('re', Rect(236.4499969482422, 655.6599731445312, 236.9300079345703, 668.8599853515625), 1)
  ('re', Rect(553.6599731445312, 655.6599731445312, 554.1399536132812, 668.8599853515625), 1)
  ('re', Rect(116.77999877929688, 669.699951171875, 171.97999572753906, 681.219970703125), 1)
  ('re', Rect(27.84000015258789, 668.8599853515625, 28.31999969482422, 682.0599975585938), 1)
  ('re', Rect(112.45999908447266, 668.8599853515625, 112.94000244140625, 682.0599975585938), 1)
  ('re', Rect(175.5800018310547, 668.8599853515625, 176.05999755859375, 682.0599975585938), 1)
  ('re', Rect(236.4499969482422, 668.8599853515625, 236.9300079345703, 682.0599975585938), 1)
  ('re', Rect(553.6599731445312, 668.8599853515625, 554.1399536132812, 682.0599975585938), 1)
  ('re', Rect(116.77999877929688, 682.8999633789062, 171.97999572753906, 694.4199829101562), 1)
  ('re', Rect(27.84000015258789, 682.0599975585938, 28.31999969482422, 695.3800048828125), 1)
  ('re', Rect(27.84000015258789, 695.3799438476562, 28.31999969482422, 695.8599853515625), 1)
  ('re', Rect(27.84000015258789, 695.3799438476562, 28.31999969482422, 695.8599853515625), 1)
  ('re', Rect(28.31999969482422, 695.3799438476562, 112.46399688720703, 695.8599853515625), 1)
  ('re', Rect(112.45999908447266, 682.0599975585938, 112.94000244140625, 695.3800048828125), 1)
  ('re', Rect(112.45999908447266, 695.3799438476562, 112.94000244140625, 695.8599853515625), 1)
  ('re', Rect(112.94000244140625, 695.3799438476562, 175.5800018310547, 695.8599853515625), 1)
  ('re', Rect(175.5800018310547, 682.0599975585938, 176.05999755859375, 695.3800048828125), 1)
  ('re', Rect(175.5800018310547, 695.3799438476562, 176.05999755859375, 695.8599853515625), 1)
  ('re', Rect(176.05999755859375, 695.3799438476562, 236.44400024414062, 695.8599853515625), 1)
  ('re', Rect(236.4499969482422, 682.0599975585938, 236.9300079345703, 695.3800048828125), 1)
  ('re', Rect(236.4499969482422, 695.3799438476562, 236.9300079345703, 695.8599853515625), 1)
  ('re', Rect(236.92999267578125, 695.3799438476562, 553.6600341796875, 695.8599853515625), 1)
  ('re', Rect(553.6599731445312, 682.0599975585938, 554.1399536132812, 695.3800048828125), 1)
  ('re', Rect(553.6599731445312, 695.3799438476562, 554.1399536132812, 695.8599853515625), 1)
  ('re', Rect(553.6599731445312, 695.3799438476562, 554.1399536132812, 695.8599853515625), 1)
  ('re', Rect(26.639999389648438, 703.9000244140625, 568.2999877929688, 711.9400024414062), 1)
  ('re', Rect(26.639999389648438, 711.9400024414062, 568.2999877929688, 719.97998046875), 1)
  ('re', Rect(26.639999389648438, 719.97998046875, 568.2999877929688, 728.0199584960938), 1)
  ('re', Rect(26.639999389648438, 728.0199584960938, 568.2999877929688, 736.0599975585938), 1)
  ('re', Rect(26.639999389648438, 736.0559692382812, 568.2999877929688, 744.0960083007812), 1)
  ('re', Rect(26.639999389648438, 744.0960083007812, 568.2999877929688, 752.135986328125), 1)
  ('re', Rect(26.639999389648438, 752.135986328125, 568.2999877929688, 760.1759643554688), 1)
  ('re', Rect(26.639999389648438, 760.1759643554688, 568.2999877929688, 768.2160034179688), 1)
  ('re', Rect(26.639999389648438, 768.2160034179688, 568.2999877929688, 776.2559814453125), 1)
  ('re', Rect(26.639999389648438, 776.2559814453125, 568.2999877929688, 784.2959594726562), 1)
  ('re', Rect(26.639999389648438, 784.2959594726562, 568.2999877929688, 792.4559936523438), 1)
  ('re', Rect(26.639999389648438, 792.4559936523438, 568.2999877929688, 800.4959716796875), 1)
  ('re', Rect(26.639999389648438, 800.4959716796875, 568.2999877929688, 808.5599975585938), 1)
  ('re', Rect(26.639999389648438, 808.5599975585938, 568.2999877929688, 816.5999755859375), 1)
  ('re', Rect(221.52000427246094, 117.719970703125, 242.8800048828125, 129.239990234375), 1)
=== PAGE 6 GRAPHICS ===
  ('re', Rect(255.52999877929688, 14.63995361328125, 570.0999755859375, 26.15997314453125), 1)
  ('re', Rect(177.6199951171875, 14.63995361328125, 247.60400390625, 26.15997314453125), 1)
  ('re', Rect(114.5, 14.63995361328125, 169.6999969482422, 26.15997314453125), 1)
  ('re', Rect(32.040000915527344, 14.63995361328125, 106.58399963378906, 26.15997314453125), 1)
  ('re', Rect(27.84000015258789, 14.15997314453125, 28.31999969482422, 14.63995361328125), 1)
  ('re', Rect(27.84000015258789, 14.15997314453125, 28.31999969482422, 14.63995361328125), 1)
  ('re', Rect(28.31999969482422, 14.15997314453125, 110.30400085449219, 14.63995361328125), 1)
  ('re', Rect(110.30000305175781, 14.15997314453125, 110.7800064086914, 14.63995361328125), 1)
  ('re', Rect(110.77999877929688, 14.15997314453125, 173.4199981689453, 14.63995361328125), 1)
  ('re', Rect(173.4199981689453, 14.15997314453125, 173.90000915527344, 14.63995361328125), 1)
  ('re', Rect(173.89999389648438, 14.15997314453125, 251.20399475097656, 14.63995361328125), 1)
  ('re', Rect(251.2100067138672, 14.15997314453125, 251.69000244140625, 14.63995361328125), 1)
  ('re', Rect(251.69000244140625, 14.15997314453125, 573.719970703125, 14.63995361328125), 1)
  ('re', Rect(573.719970703125, 14.15997314453125, 574.199951171875, 14.63995361328125), 1)
  ('re', Rect(573.719970703125, 14.15997314453125, 574.199951171875, 14.63995361328125), 1)
  ('re', Rect(27.84000015258789, 14.63995361328125, 28.31999969482422, 26.15997314453125), 1)
  ('re', Rect(110.30000305175781, 14.63995361328125, 110.7800064086914, 26.15997314453125), 1)
  ('re', Rect(173.4199981689453, 14.63995361328125, 173.90000915527344, 26.15997314453125), 1)
  ('re', Rect(251.2100067138672, 14.63995361328125, 251.69000244140625, 26.15997314453125), 1)
  ('re', Rect(573.719970703125, 14.63995361328125, 574.199951171875, 26.15997314453125), 1)
  ('re', Rect(114.5, 27.5999755859375, 169.6999969482422, 39.1199951171875), 1)
  ('re', Rect(27.84000015258789, 26.15997314453125, 28.31999969482422, 26.63995361328125), 1)
  ('re', Rect(28.31999969482422, 26.15997314453125, 110.30400085449219, 26.63995361328125), 1)
  ('re', Rect(110.30000305175781, 26.15997314453125, 110.7800064086914, 26.63995361328125), 1)
  ('re', Rect(110.77999877929688, 26.15997314453125, 173.4199981689453, 26.63995361328125), 1)
  ('re', Rect(173.4199981689453, 26.15997314453125, 173.90000915527344, 26.63995361328125), 1)
  ('re', Rect(173.89999389648438, 26.15997314453125, 251.20399475097656, 26.63995361328125), 1)
  ('re', Rect(251.2100067138672, 26.15997314453125, 251.69000244140625, 26.63995361328125), 1)
  ('re', Rect(251.69000244140625, 26.15997314453125, 573.719970703125, 26.63995361328125), 1)
  ('re', Rect(573.719970703125, 26.15997314453125, 574.199951171875, 26.63995361328125), 1)
  ('re', Rect(27.84000015258789, 26.63995361328125, 28.31999969482422, 39.9599609375), 1)
  ('re', Rect(110.30000305175781, 26.63995361328125, 110.7800064086914, 39.9599609375), 1)
  ('re', Rect(173.4199981689453, 26.63995361328125, 173.90000915527344, 39.9599609375), 1)
  ('re', Rect(251.2100067138672, 26.63995361328125, 251.69000244140625, 39.9599609375), 1)
  ('re', Rect(573.719970703125, 26.63995361328125, 574.199951171875, 39.9599609375), 1)
  ('re', Rect(114.5, 40.79998779296875, 169.6999969482422, 52.32000732421875), 1)
  ('re', Rect(27.84000015258789, 39.9599609375, 28.31999969482422, 53.15997314453125), 1)
  ('re', Rect(110.30000305175781, 39.9599609375, 110.7800064086914, 53.15997314453125), 1)
  ('re', Rect(173.4199981689453, 39.9599609375, 173.90000915527344, 53.15997314453125), 1)
  ('re', Rect(251.2100067138672, 39.9599609375, 251.69000244140625, 53.15997314453125), 1)
  ('re', Rect(573.719970703125, 39.9599609375, 574.199951171875, 53.15997314453125), 1)
  ('re', Rect(114.5, 53.99993896484375, 169.6999969482422, 65.51995849609375), 1)
  ('re', Rect(27.84000015258789, 53.15997314453125, 28.31999969482422, 66.3599853515625), 1)
  ('re', Rect(110.30000305175781, 53.15997314453125, 110.7800064086914, 66.3599853515625), 1)
  ('re', Rect(173.4199981689453, 53.15997314453125, 173.90000915527344, 66.3599853515625), 1)
  ('re', Rect(251.2100067138672, 53.15997314453125, 251.69000244140625, 66.3599853515625), 1)
  ('re', Rect(573.719970703125, 53.15997314453125, 574.199951171875, 66.3599853515625), 1)
  ('re', Rect(114.5, 69.719970703125, 169.6999969482422, 81.239990234375), 1)
  ('re', Rect(27.84000015258789, 66.3599853515625, 28.31999969482422, 66.8399658203125), 1)
  ('re', Rect(28.31999969482422, 66.3599853515625, 110.30400085449219, 66.8399658203125), 1)
  ('re', Rect(110.30000305175781, 66.3599853515625, 110.7800064086914, 66.8399658203125), 1)
  ('re', Rect(110.77999877929688, 66.3599853515625, 173.4199981689453, 66.8399658203125), 1)
  ('re', Rect(173.4199981689453, 66.3599853515625, 173.90000915527344, 66.8399658203125), 1)
  ('re', Rect(173.89999389648438, 66.3599853515625, 251.20399475097656, 66.8399658203125), 1)
  ('re', Rect(251.2100067138672, 66.3599853515625, 251.69000244140625, 66.8399658203125), 1)
  ('re', Rect(251.69000244140625, 66.3599853515625, 573.719970703125, 66.8399658203125), 1)
  ('re', Rect(573.719970703125, 66.3599853515625, 574.199951171875, 66.8399658203125), 1)
  ('re', Rect(27.84000015258789, 66.8399658203125, 28.31999969482422, 84.1199951171875), 1)
  ('re', Rect(110.30000305175781, 66.8399658203125, 110.7800064086914, 84.1199951171875), 1)
  ('re', Rect(173.4199981689453, 66.8399658203125, 173.90000915527344, 84.1199951171875), 1)
  ('re', Rect(251.2100067138672, 66.8399658203125, 251.69000244140625, 84.1199951171875), 1)
  ('re', Rect(573.719970703125, 66.8399658203125, 574.199951171875, 84.1199951171875), 1)
  ('re', Rect(27.84000015258789, 84.1199951171875, 28.31999969482422, 84.5999755859375), 1)
  ('re', Rect(28.31999969482422, 84.1199951171875, 110.30400085449219, 84.5999755859375), 1)
  ('re', Rect(110.30000305175781, 84.1199951171875, 110.7800064086914, 84.5999755859375), 1)
  ('re', Rect(110.77999877929688, 84.1199951171875, 173.4199981689453, 84.5999755859375), 1)
  ('re', Rect(173.4199981689453, 84.1199951171875, 173.90000915527344, 84.5999755859375), 1)
  ('re', Rect(173.89999389648438, 84.1199951171875, 251.20399475097656, 84.5999755859375), 1)
  ('re', Rect(251.2100067138672, 84.1199951171875, 251.69000244140625, 84.5999755859375), 1)
  ('re', Rect(251.69000244140625, 84.1199951171875, 573.719970703125, 84.5999755859375), 1)
  ('re', Rect(573.719970703125, 84.1199951171875, 574.199951171875, 84.5999755859375), 1)
  ('re', Rect(27.84000015258789, 84.59600830078125, 28.31999969482422, 97.82000732421875), 1)
  ('re', Rect(110.30000305175781, 84.59600830078125, 110.7800064086914, 97.82000732421875), 1)
  ('re', Rect(173.4199981689453, 84.59600830078125, 173.90000915527344, 97.82000732421875), 1)
  ('re', Rect(251.2100067138672, 84.59600830078125, 251.69000244140625, 97.82000732421875), 1)
  ('re', Rect(573.719970703125, 84.59600830078125, 574.199951171875, 97.82000732421875), 1)
  ('re', Rect(114.5, 98.65997314453125, 169.6999969482422, 110.17999267578125), 1)
  ('re', Rect(27.84000015258789, 97.8199462890625, 28.31999969482422, 111.01995849609375), 1)
  ('re', Rect(110.30000305175781, 97.8199462890625, 110.7800064086914, 111.01995849609375), 1)
  ('re', Rect(173.4199981689453, 97.8199462890625, 173.90000915527344, 111.01995849609375), 1)
  ('re', Rect(251.2100067138672, 97.8199462890625, 251.69000244140625, 111.01995849609375), 1)
  ('re', Rect(573.719970703125, 97.8199462890625, 574.199951171875, 111.01995849609375), 1)
  ('re', Rect(114.5, 111.97998046875, 169.6999969482422, 123.3800048828125), 1)
  ('re', Rect(27.84000015258789, 111.01995849609375, 28.31999969482422, 124.3399658203125), 1)
  ('re', Rect(110.30000305175781, 111.01995849609375, 110.7800064086914, 124.3399658203125), 1)
  ('re', Rect(173.4199981689453, 111.01995849609375, 173.90000915527344, 124.3399658203125), 1)
  ('re', Rect(251.2100067138672, 111.01995849609375, 251.69000244140625, 124.3399658203125), 1)
  ('re', Rect(573.719970703125, 111.01995849609375, 574.199951171875, 124.3399658203125), 1)
  ('re', Rect(114.5, 125.17999267578125, 169.6999969482422, 136.70001220703125), 1)
  ('re', Rect(27.84000015258789, 124.3399658203125, 28.31999969482422, 137.53997802734375), 1)
  ('re', Rect(110.30000305175781, 124.3399658203125, 110.7800064086914, 137.53997802734375), 1)
  ('re', Rect(173.4199981689453, 124.3399658203125, 173.90000915527344, 137.53997802734375), 1)
  ('re', Rect(251.2100067138672, 124.3399658203125, 251.69000244140625, 137.53997802734375), 1)
  ('re', Rect(573.719970703125, 124.3399658203125, 574.199951171875, 137.53997802734375), 1)
  ('re', Rect(114.5, 145.4599609375, 169.6999969482422, 156.97998046875), 1)
  ('re', Rect(27.84000015258789, 137.53997802734375, 28.31999969482422, 138.01995849609375), 1)
  ('re', Rect(28.31999969482422, 137.53997802734375, 110.30400085449219, 138.01995849609375), 1)
  ('re', Rect(110.30000305175781, 137.53997802734375, 110.7800064086914, 138.01995849609375), 1)
  ('re', Rect(110.77999877929688, 137.53997802734375, 173.4199981689453, 138.01995849609375), 1)
  ('re', Rect(173.4199981689453, 137.53997802734375, 173.90000915527344, 138.01995849609375), 1)
  ('re', Rect(173.89999389648438, 137.53997802734375, 251.20399475097656, 138.01995849609375), 1)
  ('re', Rect(251.2100067138672, 137.53997802734375, 251.69000244140625, 138.01995849609375), 1)
  ('re', Rect(251.69000244140625, 137.53997802734375, 573.719970703125, 138.01995849609375), 1)
  ('re', Rect(573.719970703125, 137.53997802734375, 574.199951171875, 138.01995849609375), 1)
  ('re', Rect(27.84000015258789, 138.01995849609375, 28.31999969482422, 164.41998291015625), 1)
  ('re', Rect(110.30000305175781, 138.01995849609375, 110.7800064086914, 164.41998291015625), 1)
  ('re', Rect(173.4199981689453, 138.01995849609375, 173.90000915527344, 164.41998291015625), 1)
  ('re', Rect(251.2100067138672, 138.01995849609375, 251.69000244140625, 164.41998291015625), 1)
  ('re', Rect(573.719970703125, 138.01995849609375, 574.199951171875, 164.41998291015625), 1)
  ('re', Rect(114.5, 167.89996337890625, 169.6999969482422, 179.29998779296875), 1)
  ('re', Rect(27.84000015258789, 164.41998291015625, 28.31999969482422, 164.89996337890625), 1)
  ('re', Rect(28.31999969482422, 164.41998291015625, 110.30400085449219, 164.89996337890625), 1)
  ('re', Rect(110.30000305175781, 164.41998291015625, 110.7800064086914, 164.89996337890625), 1)
  ('re', Rect(110.77999877929688, 164.41998291015625, 173.4199981689453, 164.89996337890625), 1)
  ('re', Rect(173.4199981689453, 164.41998291015625, 173.90000915527344, 164.89996337890625), 1)
  ('re', Rect(173.89999389648438, 164.41998291015625, 251.20399475097656, 164.89996337890625), 1)
  ('re', Rect(251.2100067138672, 164.41998291015625, 251.69000244140625, 164.89996337890625), 1)
  ('re', Rect(251.69000244140625, 164.41998291015625, 573.719970703125, 164.89996337890625), 1)
  ('re', Rect(573.719970703125, 164.41998291015625, 574.199951171875, 164.89996337890625), 1)
  ('re', Rect(27.84000015258789, 164.89996337890625, 28.31999969482422, 182.17999267578125), 1)
  ('re', Rect(110.30000305175781, 164.89996337890625, 110.7800064086914, 182.17999267578125), 1)
  ('re', Rect(173.4199981689453, 164.89996337890625, 173.90000915527344, 182.17999267578125), 1)
  ('re', Rect(251.2100067138672, 164.89996337890625, 251.69000244140625, 182.17999267578125), 1)
  ('re', Rect(573.719970703125, 164.89996337890625, 574.199951171875, 182.17999267578125), 1)
  ('re', Rect(114.5, 185.53997802734375, 169.6999969482422, 197.05999755859375), 1)
  ('re', Rect(27.84000015258789, 182.17999267578125, 28.31999969482422, 182.65997314453125), 1)
  ('re', Rect(28.31999969482422, 182.17999267578125, 110.30400085449219, 182.65997314453125), 1)
  ('re', Rect(110.30000305175781, 182.17999267578125, 110.7800064086914, 182.65997314453125), 1)
  ('re', Rect(110.77999877929688, 182.17999267578125, 173.4199981689453, 182.65997314453125), 1)
  ('re', Rect(173.4199981689453, 182.17999267578125, 173.90000915527344, 182.65997314453125), 1)
  ('re', Rect(173.89999389648438, 182.17999267578125, 251.20399475097656, 182.65997314453125), 1)
  ('re', Rect(251.2100067138672, 182.17999267578125, 251.69000244140625, 182.65997314453125), 1)
  ('re', Rect(251.69000244140625, 182.17999267578125, 573.719970703125, 182.65997314453125), 1)
  ('re', Rect(573.719970703125, 182.17999267578125, 574.199951171875, 182.65997314453125), 1)
  ('re', Rect(27.84000015258789, 182.65997314453125, 28.31999969482422, 199.94000244140625), 1)
  ('re', Rect(110.30000305175781, 182.65997314453125, 110.7800064086914, 199.94000244140625), 1)
  ('re', Rect(173.4199981689453, 182.65997314453125, 173.90000915527344, 199.94000244140625), 1)
  ('re', Rect(251.2100067138672, 182.65997314453125, 251.69000244140625, 199.94000244140625), 1)
  ('re', Rect(573.719970703125, 182.65997314453125, 574.199951171875, 199.94000244140625), 1)
  ('re', Rect(114.5, 201.25994873046875, 169.6999969482422, 212.77996826171875), 1)
  ('re', Rect(27.84000015258789, 199.94000244140625, 28.31999969482422, 200.41998291015625), 1)
  ('re', Rect(28.31999969482422, 199.94000244140625, 110.30400085449219, 200.41998291015625), 1)
  ('re', Rect(110.30000305175781, 199.94000244140625, 110.7800064086914, 200.41998291015625), 1)
  ('re', Rect(110.77999877929688, 199.94000244140625, 173.4199981689453, 200.41998291015625), 1)
  ('re', Rect(173.4199981689453, 199.94000244140625, 173.90000915527344, 200.41998291015625), 1)
  ('re', Rect(173.89999389648438, 199.94000244140625, 251.20399475097656, 200.41998291015625), 1)
  ('re', Rect(251.2100067138672, 199.94000244140625, 251.69000244140625, 200.41998291015625), 1)
  ('re', Rect(251.69000244140625, 199.94000244140625, 573.719970703125, 200.41998291015625), 1)
  ('re', Rect(573.719970703125, 199.94000244140625, 574.199951171875, 200.41998291015625), 1)
  ('re', Rect(27.84000015258789, 200.41998291015625, 28.31999969482422, 213.6199951171875), 1)
  ('re', Rect(110.30000305175781, 200.41998291015625, 110.7800064086914, 213.6199951171875), 1)
  ('re', Rect(173.4199981689453, 200.41998291015625, 173.90000915527344, 213.6199951171875), 1)
  ('re', Rect(251.2100067138672, 200.41998291015625, 251.69000244140625, 213.6199951171875), 1)
  ('re', Rect(573.719970703125, 200.41998291015625, 574.199951171875, 213.6199951171875), 1)
  ('re', Rect(114.5, 234.37994384765625, 169.6999969482422, 245.77996826171875), 1)
  ('re', Rect(27.84000015258789, 213.6199951171875, 28.31999969482422, 266.53997802734375), 1)
  ('re', Rect(110.30000305175781, 213.6199951171875, 110.7800064086914, 266.53997802734375), 1)
  ('re', Rect(173.4199981689453, 213.6199951171875, 173.90000915527344, 266.53997802734375), 1)
  ('re', Rect(251.2100067138672, 213.6199951171875, 251.69000244140625, 266.53997802734375), 1)
  ('re', Rect(573.719970703125, 213.6199951171875, 574.199951171875, 266.53997802734375), 1)
  ('re', Rect(114.5, 274.00994873046875, 169.6999969482422, 285.52996826171875), 1)
  ('re', Rect(27.84000015258789, 266.54595947265625, 28.31999969482422, 292.969970703125), 1)
  ('re', Rect(110.30000305175781, 266.54595947265625, 110.7800064086914, 292.969970703125), 1)
  ('re', Rect(173.4199981689453, 266.54595947265625, 173.90000915527344, 292.969970703125), 1)
  ('re', Rect(251.2100067138672, 266.54595947265625, 251.69000244140625, 292.969970703125), 1)
  ('re', Rect(573.719970703125, 266.54595947265625, 574.199951171875, 292.969970703125), 1)
  ('re', Rect(114.5, 301.00994873046875, 169.6999969482422, 312.52996826171875), 1)
  ('re', Rect(27.84000015258789, 292.97003173828125, 28.31999969482422, 293.45001220703125), 1)
  ('re', Rect(28.31999969482422, 292.97003173828125, 110.30400085449219, 293.45001220703125), 1)
  ('re', Rect(110.30000305175781, 292.97003173828125, 110.7800064086914, 293.45001220703125), 1)
  ('re', Rect(110.77999877929688, 292.97003173828125, 173.4199981689453, 293.45001220703125), 1)
  ('re', Rect(173.4199981689453, 292.97003173828125, 173.90000915527344, 293.45001220703125), 1)
  ('re', Rect(173.89999389648438, 292.97003173828125, 251.20399475097656, 293.45001220703125), 1)
  ('re', Rect(251.2100067138672, 292.97003173828125, 251.69000244140625, 293.45001220703125), 1)
  ('re', Rect(251.69000244140625, 292.97003173828125, 573.719970703125, 293.45001220703125), 1)
  ('re', Rect(573.719970703125, 292.97003173828125, 574.199951171875, 293.45001220703125), 1)
  ('re', Rect(27.84000015258789, 293.449951171875, 28.31999969482422, 319.969970703125), 1)
  ('re', Rect(110.30000305175781, 293.449951171875, 110.7800064086914, 319.969970703125), 1)
  ('re', Rect(173.4199981689453, 293.449951171875, 173.90000915527344, 319.969970703125), 1)
  ('re', Rect(251.2100067138672, 293.449951171875, 251.69000244140625, 319.969970703125), 1)
  ('re', Rect(573.719970703125, 293.449951171875, 574.199951171875, 319.969970703125), 1)
  ('re', Rect(114.5, 321.64996337890625, 169.6999969482422, 333.16998291015625), 1)
  ('re', Rect(27.84000015258789, 319.969970703125, 28.31999969482422, 333.16998291015625), 1)
  ('re', Rect(110.30000305175781, 319.969970703125, 110.7800064086914, 333.16998291015625), 1)
  ('re', Rect(173.4199981689453, 319.969970703125, 173.90000915527344, 333.16998291015625), 1)
  ('re', Rect(251.2100067138672, 319.969970703125, 251.69000244140625, 333.16998291015625), 1)
  ('re', Rect(573.719970703125, 319.969970703125, 574.199951171875, 333.16998291015625), 1)
  ('re', Rect(114.5, 334.8500061035156, 169.6999969482422, 346.3699951171875), 1)
  ('re', Rect(27.84000015258789, 333.16998291015625, 28.31999969482422, 346.3699951171875), 1)
  ('re', Rect(110.30000305175781, 333.16998291015625, 110.7800064086914, 346.3699951171875), 1)
  ('re', Rect(173.4199981689453, 333.16998291015625, 173.90000915527344, 346.3699951171875), 1)
  ('re', Rect(251.2100067138672, 333.16998291015625, 251.69000244140625, 346.3699951171875), 1)
  ('re', Rect(573.719970703125, 333.16998291015625, 574.199951171875, 346.3699951171875), 1)
  ('re', Rect(114.5, 348.16998291015625, 169.6999969482422, 359.5699768066406), 1)
  ('re', Rect(27.84000015258789, 346.3699645996094, 28.31999969482422, 359.5699768066406), 1)
  ('re', Rect(110.30000305175781, 346.3699645996094, 110.7800064086914, 359.5699768066406), 1)
  ('re', Rect(173.4199981689453, 346.3699645996094, 173.90000915527344, 359.5699768066406), 1)
  ('re', Rect(251.2100067138672, 346.3699645996094, 251.69000244140625, 359.5699768066406), 1)
  ('re', Rect(573.719970703125, 346.3699645996094, 574.199951171875, 359.5699768066406), 1)
  ('re', Rect(114.5, 361.3699951171875, 169.6999969482422, 372.8899841308594), 1)
  ('re', Rect(27.84000015258789, 359.5699768066406, 28.31999969482422, 372.8899841308594), 1)
  ('re', Rect(110.30000305175781, 359.5699768066406, 110.7800064086914, 372.8899841308594), 1)
  ('re', Rect(173.4199981689453, 359.5699768066406, 173.90000915527344, 372.8899841308594), 1)
  ('re', Rect(251.2100067138672, 359.5699768066406, 251.69000244140625, 372.8899841308594), 1)
  ('re', Rect(573.719970703125, 359.5699768066406, 574.199951171875, 372.8899841308594), 1)
  ('re', Rect(114.5, 374.2099914550781, 169.6999969482422, 385.72998046875), 1)
  ('re', Rect(27.84000015258789, 372.8899841308594, 28.31999969482422, 373.3699951171875), 1)
  ('re', Rect(28.31999969482422, 372.8899841308594, 110.30400085449219, 373.3699951171875), 1)
  ('re', Rect(110.30000305175781, 372.8899841308594, 110.7800064086914, 373.3699951171875), 1)
  ('re', Rect(110.77999877929688, 372.8899841308594, 173.4199981689453, 373.3699951171875), 1)
  ('re', Rect(173.4199981689453, 372.8899841308594, 173.90000915527344, 373.3699951171875), 1)
  ('re', Rect(173.89999389648438, 372.8899841308594, 251.20399475097656, 373.3699951171875), 1)
  ('re', Rect(251.2100067138672, 372.8899841308594, 251.69000244140625, 373.3699951171875), 1)
  ('re', Rect(251.69000244140625, 372.8899841308594, 573.719970703125, 373.3699951171875), 1)
  ('re', Rect(573.719970703125, 372.8899841308594, 574.199951171875, 373.3699951171875), 1)
  ('re', Rect(27.84000015258789, 373.3699645996094, 28.31999969482422, 386.5699768066406), 1)
  ('re', Rect(110.30000305175781, 373.3699645996094, 110.7800064086914, 386.5699768066406), 1)
  ('re', Rect(173.4199981689453, 373.3699645996094, 173.90000915527344, 386.5699768066406), 1)
  ('re', Rect(251.2100067138672, 373.3699645996094, 251.69000244140625, 386.5699768066406), 1)
  ('re', Rect(573.719970703125, 373.3699645996094, 574.199951171875, 386.5699768066406), 1)
  ('re', Rect(114.5, 388.8499755859375, 169.6999969482422, 400.2499694824219), 1)
  ('re', Rect(27.84000015258789, 386.5699768066406, 28.31999969482422, 387.04998779296875), 1)
  ('re', Rect(28.31999969482422, 386.5699768066406, 110.30400085449219, 387.04998779296875), 1)
  ('re', Rect(110.30000305175781, 386.5699768066406, 110.7800064086914, 387.04998779296875), 1)
  ('re', Rect(110.77999877929688, 386.5699768066406, 173.4199981689453, 387.04998779296875), 1)
  ('re', Rect(173.4199981689453, 386.5699768066406, 173.90000915527344, 387.04998779296875), 1)
  ('re', Rect(173.89999389648438, 386.5699768066406, 251.20399475097656, 387.04998779296875), 1)
  ('re', Rect(251.2100067138672, 386.5699768066406, 251.69000244140625, 387.04998779296875), 1)
  ('re', Rect(251.69000244140625, 386.5699768066406, 573.719970703125, 387.04998779296875), 1)
  ('re', Rect(573.719970703125, 386.5699768066406, 574.199951171875, 387.04998779296875), 1)
  ('re', Rect(27.84000015258789, 387.0499572753906, 28.31999969482422, 400.2499694824219), 1)
  ('re', Rect(110.30000305175781, 387.0499572753906, 110.7800064086914, 400.2499694824219), 1)
  ('re', Rect(173.4199981689453, 387.0499572753906, 173.90000915527344, 400.2499694824219), 1)
  ('re', Rect(251.2100067138672, 387.0499572753906, 251.69000244140625, 400.2499694824219), 1)
  ('re', Rect(573.719970703125, 387.0499572753906, 574.199951171875, 400.2499694824219), 1)
  ('re', Rect(114.5, 402.5299987792969, 169.6999969482422, 414.04998779296875), 1)
  ('re', Rect(27.84000015258789, 400.25, 28.31999969482422, 400.72998046875), 1)
  ('re', Rect(28.31999969482422, 400.25, 110.30400085449219, 400.72998046875), 1)
  ('re', Rect(110.30000305175781, 400.25, 110.7800064086914, 400.72998046875), 1)
  ('re', Rect(110.77999877929688, 400.25, 173.4199981689453, 400.72998046875), 1)
  ('re', Rect(173.4199981689453, 400.25, 173.90000915527344, 400.72998046875), 1)
  ('re', Rect(173.89999389648438, 400.25, 251.20399475097656, 400.72998046875), 1)
  ('re', Rect(251.2100067138672, 400.25, 251.69000244140625, 400.72998046875), 1)
  ('re', Rect(251.69000244140625, 400.25, 573.719970703125, 400.72998046875), 1)
  ('re', Rect(573.719970703125, 400.25, 574.199951171875, 400.72998046875), 1)
  ('re', Rect(27.84000015258789, 400.72998046875, 28.31999969482422, 414.04998779296875), 1)
  ('re', Rect(110.30000305175781, 400.72998046875, 110.7800064086914, 414.04998779296875), 1)
  ('re', Rect(173.4199981689453, 400.72998046875, 173.90000915527344, 414.04998779296875), 1)
  ('re', Rect(251.2100067138672, 400.72998046875, 251.69000244140625, 414.04998779296875), 1)
  ('re', Rect(573.719970703125, 400.72998046875, 574.199951171875, 414.04998779296875), 1)
  ('re', Rect(114.5, 415.3699951171875, 169.6999969482422, 426.8899841308594), 1)
  ('re', Rect(27.84000015258789, 414.0499572753906, 28.31999969482422, 414.52996826171875), 1)
  ('re', Rect(28.31999969482422, 414.0499572753906, 110.30400085449219, 414.52996826171875), 1)
  ('re', Rect(110.30000305175781, 414.0499572753906, 110.7800064086914, 414.52996826171875), 1)
  ('re', Rect(110.77999877929688, 414.0499572753906, 173.4199981689453, 414.52996826171875), 1)
  ('re', Rect(173.4199981689453, 414.0499572753906, 173.90000915527344, 414.52996826171875), 1)
  ('re', Rect(173.89999389648438, 414.0499572753906, 251.20399475097656, 414.52996826171875), 1)
  ('re', Rect(251.2100067138672, 414.0499572753906, 251.69000244140625, 414.52996826171875), 1)
  ('re', Rect(251.69000244140625, 414.0499572753906, 573.719970703125, 414.52996826171875), 1)
  ('re', Rect(573.719970703125, 414.0499572753906, 574.199951171875, 414.52996826171875), 1)
  ('re', Rect(27.84000015258789, 414.52996826171875, 28.31999969482422, 427.72998046875), 1)
  ('re', Rect(110.30000305175781, 414.52996826171875, 110.7800064086914, 427.72998046875), 1)
  ('re', Rect(173.4199981689453, 414.52996826171875, 173.90000915527344, 427.72998046875), 1)
  ('re', Rect(251.2100067138672, 414.52996826171875, 251.69000244140625, 427.72998046875), 1)
  ('re', Rect(573.719970703125, 414.52996826171875, 574.199951171875, 427.72998046875), 1)
  ('re', Rect(114.5, 428.57000732421875, 169.6999969482422, 440.0899963378906), 1)
  ('re', Rect(27.84000015258789, 427.72998046875, 28.31999969482422, 440.92999267578125), 1)
  ('re', Rect(110.30000305175781, 427.72998046875, 110.7800064086914, 440.92999267578125), 1)
  ('re', Rect(173.4199981689453, 427.72998046875, 173.90000915527344, 440.92999267578125), 1)
  ('re', Rect(251.2100067138672, 427.72998046875, 251.69000244140625, 440.92999267578125), 1)
  ('re', Rect(573.719970703125, 427.72998046875, 574.199951171875, 440.92999267578125), 1)
  ('re', Rect(114.5, 441.7659912109375, 169.6999969482422, 453.30999755859375), 1)
  ('re', Rect(27.84000015258789, 440.9259948730469, 28.31999969482422, 454.1499938964844), 1)
  ('re', Rect(110.30000305175781, 440.9259948730469, 110.7800064086914, 454.1499938964844), 1)
  ('re', Rect(173.4199981689453, 440.9259948730469, 173.90000915527344, 454.1499938964844), 1)
  ('re', Rect(251.2100067138672, 440.9259948730469, 251.69000244140625, 454.1499938964844), 1)
  ('re', Rect(573.719970703125, 440.9259948730469, 574.199951171875, 454.1499938964844), 1)
  ('re', Rect(114.5, 455.1099853515625, 169.6999969482422, 466.6299743652344), 1)
  ('re', Rect(27.84000015258789, 454.14996337890625, 28.31999969482422, 467.469970703125), 1)
  ('re', Rect(110.30000305175781, 454.14996337890625, 110.7800064086914, 467.469970703125), 1)
  ('re', Rect(173.4199981689453, 454.14996337890625, 173.90000915527344, 467.469970703125), 1)
  ('re', Rect(251.2100067138672, 454.14996337890625, 251.69000244140625, 467.469970703125), 1)
  ('re', Rect(573.719970703125, 454.14996337890625, 574.199951171875, 467.469970703125), 1)
  ('re', Rect(114.5, 468.7900085449219, 169.6999969482422, 480.30999755859375), 1)
  ('re', Rect(27.84000015258789, 467.4700012207031, 28.31999969482422, 467.9499816894531), 1)
  ('re', Rect(28.31999969482422, 467.4700012207031, 110.30400085449219, 467.9499816894531), 1)
  ('re', Rect(110.30000305175781, 467.4700012207031, 110.7800064086914, 467.9499816894531), 1)
  ('re', Rect(110.77999877929688, 467.4700012207031, 173.4199981689453, 467.9499816894531), 1)
  ('re', Rect(173.4199981689453, 467.4700012207031, 173.90000915527344, 467.9499816894531), 1)
  ('re', Rect(173.89999389648438, 467.4700012207031, 251.20399475097656, 467.9499816894531), 1)
  ('re', Rect(251.2100067138672, 467.4700012207031, 251.69000244140625, 467.9499816894531), 1)
  ('re', Rect(251.69000244140625, 467.4700012207031, 573.719970703125, 467.9499816894531), 1)
  ('re', Rect(573.719970703125, 467.4700012207031, 574.199951171875, 467.9499816894531), 1)
  ('re', Rect(27.84000015258789, 467.9499816894531, 28.31999969482422, 481.1499938964844), 1)
  ('re', Rect(110.30000305175781, 467.9499816894531, 110.7800064086914, 481.1499938964844), 1)
  ('re', Rect(173.4199981689453, 467.9499816894531, 173.90000915527344, 481.1499938964844), 1)
  ('re', Rect(251.2100067138672, 467.9499816894531, 251.69000244140625, 481.1499938964844), 1)
  ('re', Rect(573.719970703125, 467.9499816894531, 574.199951171875, 481.1499938964844), 1)
  ('re', Rect(114.5, 488.5899963378906, 169.6999969482422, 500.1099853515625), 1)
  ('re', Rect(27.84000015258789, 481.1499938964844, 28.31999969482422, 507.54998779296875), 1)
  ('re', Rect(110.30000305175781, 481.1499938964844, 110.7800064086914, 507.54998779296875), 1)
  ('re', Rect(173.4199981689453, 481.1499938964844, 173.90000915527344, 507.54998779296875), 1)
  ('re', Rect(251.2100067138672, 481.1499938964844, 251.69000244140625, 507.54998779296875), 1)
  ('re', Rect(573.719970703125, 481.1499938964844, 574.199951171875, 507.54998779296875), 1)
  ('re', Rect(114.5, 515.1099853515625, 169.6999969482422, 526.6300048828125), 1)
  ('re', Rect(27.84000015258789, 507.54998779296875, 28.31999969482422, 534.0699462890625), 1)
  ('re', Rect(110.30000305175781, 507.54998779296875, 110.7800064086914, 534.0699462890625), 1)
  ('re', Rect(173.4199981689453, 507.54998779296875, 173.90000915527344, 534.0699462890625), 1)
  ('re', Rect(251.2100067138672, 507.54998779296875, 251.69000244140625, 534.0699462890625), 1)
  ('re', Rect(573.719970703125, 507.54998779296875, 574.199951171875, 534.0699462890625), 1)
  ('re', Rect(114.5, 535.3900146484375, 169.6999969482422, 546.9099731445312), 1)
  ('re', Rect(27.84000015258789, 534.0700073242188, 28.31999969482422, 534.5499877929688), 1)
  ('re', Rect(28.31999969482422, 534.0700073242188, 110.30400085449219, 534.5499877929688), 1)
  ('re', Rect(110.30000305175781, 534.0700073242188, 110.7800064086914, 534.5499877929688), 1)
  ('re', Rect(110.77999877929688, 534.0700073242188, 173.4199981689453, 534.5499877929688), 1)
  ('re', Rect(173.4199981689453, 534.0700073242188, 173.90000915527344, 534.5499877929688), 1)
  ('re', Rect(173.89999389648438, 534.0700073242188, 251.20399475097656, 534.5499877929688), 1)
  ('re', Rect(251.2100067138672, 534.0700073242188, 251.69000244140625, 534.5499877929688), 1)
  ('re', Rect(251.69000244140625, 534.0700073242188, 573.719970703125, 534.5499877929688), 1)
  ('re', Rect(573.719970703125, 534.0700073242188, 574.199951171875, 534.5499877929688), 1)
  ('re', Rect(27.84000015258789, 534.5499267578125, 28.31999969482422, 547.75), 1)
  ('re', Rect(110.30000305175781, 534.5499267578125, 110.7800064086914, 547.75), 1)
  ('re', Rect(173.4199981689453, 534.5499267578125, 173.90000915527344, 547.75), 1)
  ('re', Rect(251.2100067138672, 534.5499267578125, 251.69000244140625, 547.75), 1)
  ('re', Rect(573.719970703125, 534.5499267578125, 574.199951171875, 547.75), 1)
  ('re', Rect(114.5, 548.22998046875, 169.6999969482422, 559.75), 1)
  ('re', Rect(27.84000015258789, 547.75, 28.31999969482422, 548.22998046875), 1)
  ('re', Rect(28.31999969482422, 547.75, 110.30400085449219, 548.22998046875), 1)
  ('re', Rect(110.30000305175781, 547.75, 110.7800064086914, 548.22998046875), 1)
  ('re', Rect(110.77999877929688, 547.75, 173.4199981689453, 548.22998046875), 1)
  ('re', Rect(173.4199981689453, 547.75, 173.90000915527344, 548.22998046875), 1)
  ('re', Rect(173.89999389648438, 547.75, 251.20399475097656, 548.22998046875), 1)
  ('re', Rect(251.2100067138672, 547.75, 251.69000244140625, 548.22998046875), 1)
  ('re', Rect(251.69000244140625, 547.75, 573.719970703125, 548.22998046875), 1)
  ('re', Rect(573.719970703125, 547.75, 574.199951171875, 548.22998046875), 1)
  ('re', Rect(27.84000015258789, 548.22998046875, 28.31999969482422, 559.75), 1)
  ('re', Rect(27.84000015258789, 559.75, 28.31999969482422, 560.22998046875), 1)
  ('re', Rect(27.84000015258789, 559.75, 28.31999969482422, 560.22998046875), 1)
  ('re', Rect(28.31999969482422, 559.75, 110.30400085449219, 560.22998046875), 1)
  ('re', Rect(110.30000305175781, 548.22998046875, 110.7800064086914, 559.75), 1)
  ('re', Rect(110.30000305175781, 559.75, 110.7800064086914, 560.22998046875), 1)
  ('re', Rect(110.77999877929688, 559.75, 173.4199981689453, 560.22998046875), 1)
  ('re', Rect(173.4199981689453, 548.22998046875, 173.90000915527344, 559.75), 1)
  ('re', Rect(173.4199981689453, 559.75, 173.90000915527344, 560.22998046875), 1)
  ('re', Rect(173.89999389648438, 559.75, 251.20399475097656, 560.22998046875), 1)
  ('re', Rect(251.2100067138672, 548.22998046875, 251.69000244140625, 559.75), 1)
  ('re', Rect(251.2100067138672, 559.75, 251.69000244140625, 560.22998046875), 1)
  ('re', Rect(251.69000244140625, 559.75, 573.719970703125, 560.22998046875), 1)
  ('re', Rect(573.719970703125, 548.22998046875, 574.199951171875, 559.75), 1)
  ('re', Rect(573.719970703125, 559.75, 574.199951171875, 560.22998046875), 1)
  ('re', Rect(573.719970703125, 559.75, 574.199951171875, 560.22998046875), 1)
  ('re', Rect(19.559999465942383, 568.27001953125, 568.2999877929688, 576.4299926757812), 1)
  ('re', Rect(19.559999465942383, 576.4299926757812, 568.2999877929688, 585.4299926757812), 1)
  ('re', Rect(19.559999465942383, 585.4299926757812, 568.2999877929688, 594.4299926757812), 1)
  ('re', Rect(19.559999465942383, 594.4299926757812, 568.2999877929688, 603.5499877929688), 1)
  ('re', Rect(19.559999465942383, 603.5499877929688, 568.2999877929688, 612.5499877929688), 1)
  ('re', Rect(19.559999465942383, 612.5499877929688, 568.2999877929688, 621.6699829101562), 1)
  ('re', Rect(19.559999465942383, 621.676025390625, 568.2999877929688, 629.739990234375), 1)
  ('re', Rect(19.559999465942383, 629.739990234375, 568.2999877929688, 638.739990234375), 1)
  ('re', Rect(19.559999465942383, 638.739990234375, 568.2999877929688, 647.739990234375), 1)
  ('re', Rect(19.559999465942383, 647.739990234375, 568.2999877929688, 655.8999633789062), 1)
  ('re', Rect(19.559999465942383, 655.9000244140625, 568.2999877929688, 663.9400024414062), 1)
  ('re', Rect(19.559999465942383, 664.9000244140625, 547.0599975585938, 672.9400024414062), 1)
  ('re', Rect(19.559999465942383, 673.9000244140625, 568.2999877929688, 683.02001953125), 1)
  ('re', Rect(19.559999465942383, 683.02001953125, 568.2999877929688, 691.0599975585938), 1)
  ('re', Rect(26.639999389648438, 692.0199584960938, 532.9000244140625, 700.1799926757812), 1)
  ('re', Rect(26.639999389648438, 700.1799926757812, 532.9000244140625, 709.2999877929688), 1)
  ('re', Rect(26.639999389648438, 709.2999877929688, 532.9000244140625, 718.4199829101562), 1)
  ('re', Rect(26.639999389648438, 718.4199829101562, 532.9000244140625, 726.699951171875), 1)
  ('re', Rect(26.639999389648438, 727.6599731445312, 547.2999877929688, 736.6599731445312), 1)
  ('re', Rect(26.639999389648438, 736.656005859375, 547.2999877929688, 744.8159790039062), 1)
  ('re', Rect(26.639999389648438, 745.7760009765625, 568.2999877929688, 753.8159790039062), 1)
  ('re', Rect(26.639999389648438, 753.8159790039062, 568.2999877929688, 761.85595703125), 1)
  ('re', Rect(19.559999465942383, 762.8159790039062, 568.2999877929688, 771.8159790039062), 1)
  ('re', Rect(19.559999465942383, 771.8158569335938, 568.2999877929688, 780.9359741210938), 1)
  ('re', Rect(19.559999465942383, 780.9359741210938, 568.2999877929688, 789.9359741210938), 1)
  ('re', Rect(19.559999465942383, 789.9359741210938, 568.2999877929688, 799.0559692382812), 1)
  ('re', Rect(19.559999465942383, 799.0559692382812, 568.2999877929688, 807.1199951171875), 1)
  ('re', Rect(19.559999465942383, 807.1199951171875, 568.2999877929688, 815.1599731445312), 1)
=== PAGE 7 GRAPHICS ===
  ('re', Rect(19.559999465942383, 14.15997314453125, 547.0599975585938, 21.719970703125), 1)
  ('re', Rect(28.079999923706055, 22.67999267578125, 559.5400390625, 41.27996826171875), 1)
  ('re', Rect(33.47999954223633, 22.67999267578125, 554.1399536132812, 41.27996826171875), 1)
  ('re', Rect(32.040000915527344, 49.55999755859375, 132.5, 62.15997314453125), 1)
  ('re', Rect(27.84000015258789, 47.03997802734375, 28.31999969482422, 47.51995849609375), 1)
  ('re', Rect(27.84000015258789, 47.03997802734375, 28.31999969482422, 47.51995849609375), 1)
  ('re', Rect(28.31999969482422, 47.03997802734375, 136.22000122070312, 47.51995849609375), 1)
  ('re', Rect(136.22000122070312, 47.03997802734375, 136.6999969482422, 47.51995849609375), 1)
  ('re', Rect(136.6999969482422, 47.03997802734375, 559.0499877929688, 47.51995849609375), 1)
  ('re', Rect(559.0599975585938, 47.03997802734375, 559.5399780273438, 47.51995849609375), 1)
  ('re', Rect(559.0599975585938, 47.03997802734375, 559.5399780273438, 47.51995849609375), 1)
  ('re', Rect(27.84000015258789, 47.52001953125, 28.31999969482422, 64.20001220703125), 1)
  ('re', Rect(27.84000015258789, 64.20001220703125, 28.31999969482422, 64.67999267578125), 1)
  ('re', Rect(27.84000015258789, 64.20001220703125, 28.31999969482422, 64.67999267578125), 1)
  ('re', Rect(28.31999969482422, 64.20001220703125, 136.22000122070312, 64.67999267578125), 1)
  ('re', Rect(136.22000122070312, 47.52001953125, 136.6999969482422, 64.20001220703125), 1)
  ('re', Rect(136.22000122070312, 64.20001220703125, 136.6999969482422, 64.67999267578125), 1)
  ('re', Rect(136.6999969482422, 64.20001220703125, 559.0499877929688, 64.67999267578125), 1)
  ('re', Rect(559.0599975585938, 47.52001953125, 559.5399780273438, 64.20001220703125), 1)
  ('re', Rect(559.0599975585938, 64.20001220703125, 559.5399780273438, 64.67999267578125), 1)
  ('re', Rect(559.0599975585938, 64.20001220703125, 559.5399780273438, 64.67999267578125), 1)
  ('re', Rect(386.1099853515625, 96.25994873046875, 555.449951171875, 110.77996826171875), 1)
  ('re', Rect(223.1300048828125, 96.25994873046875, 378.19000244140625, 110.77996826171875), 1)
  ('re', Rect(32.15999984741211, 96.25994873046875, 215.2100067138672, 110.77996826171875), 1)
  ('re', Rect(27.84000015258789, 95.780029296875, 28.31999969482422, 96.260009765625), 1)
  ('re', Rect(27.84000015258789, 95.780029296875, 28.31999969482422, 96.260009765625), 1)
  ('re', Rect(28.31999969482422, 95.780029296875, 218.80999755859375, 96.260009765625), 1)
  ('re', Rect(218.80999755859375, 95.780029296875, 219.2899932861328, 96.260009765625), 1)
  ('re', Rect(219.2899932861328, 95.780029296875, 381.78997802734375, 96.260009765625), 1)
  ('re', Rect(381.7900085449219, 95.780029296875, 382.27001953125, 96.260009765625), 1)
  ('re', Rect(382.2699890136719, 95.780029296875, 559.0499877929688, 96.260009765625), 1)
  ('re', Rect(559.0599975585938, 95.780029296875, 559.5399780273438, 96.260009765625), 1)
  ('re', Rect(559.0599975585938, 95.780029296875, 559.5399780273438, 96.260009765625), 1)
  ('re', Rect(27.84000015258789, 96.25994873046875, 28.31999969482422, 110.77996826171875), 1)
  ('re', Rect(218.80999755859375, 96.25994873046875, 219.2899932861328, 110.77996826171875), 1)
  ('re', Rect(381.7900085449219, 96.25994873046875, 382.27001953125, 110.77996826171875), 1)
  ('re', Rect(559.0599975585938, 96.25994873046875, 559.5399780273438, 110.77996826171875), 1)
  ('re', Rect(386.1099853515625, 111.37994384765625, 555.449951171875, 125.89996337890625), 1)
  ('re', Rect(223.1300048828125, 111.37994384765625, 378.19000244140625, 125.89996337890625), 1)
  ('re', Rect(32.15999984741211, 111.37994384765625, 215.2100067138672, 125.89996337890625), 1)
  ('re', Rect(27.84000015258789, 110.780029296875, 28.31999969482422, 111.260009765625), 1)
  ('re', Rect(28.31999969482422, 110.780029296875, 218.80999755859375, 111.260009765625), 1)
  ('re', Rect(218.80999755859375, 110.780029296875, 219.2899932861328, 111.260009765625), 1)
  ('re', Rect(219.2899932861328, 110.780029296875, 381.78997802734375, 111.260009765625), 1)
  ('re', Rect(381.7900085449219, 110.780029296875, 382.27001953125, 111.260009765625), 1)
  ('re', Rect(382.2699890136719, 110.780029296875, 559.0499877929688, 111.260009765625), 1)
  ('re', Rect(559.0599975585938, 110.780029296875, 559.5399780273438, 111.260009765625), 1)
  ('re', Rect(27.84000015258789, 111.260009765625, 28.31999969482422, 129.8599853515625), 1)
  ('re', Rect(27.84000015258789, 129.8599853515625, 28.31999969482422, 130.3399658203125), 1)
  ('re', Rect(27.84000015258789, 129.8599853515625, 28.31999969482422, 130.3399658203125), 1)
  ('re', Rect(28.31999969482422, 129.8599853515625, 218.80999755859375, 130.3399658203125), 1)
  ('re', Rect(218.80999755859375, 111.260009765625, 219.2899932861328, 129.8599853515625), 1)
  ('re', Rect(218.80999755859375, 129.8599853515625, 219.2899932861328, 130.3399658203125), 1)
  ('re', Rect(219.2899932861328, 129.8599853515625, 381.78997802734375, 130.3399658203125), 1)
  ('re', Rect(381.7900085449219, 111.260009765625, 382.27001953125, 129.8599853515625), 1)
  ('re', Rect(381.7900085449219, 129.8599853515625, 382.27001953125, 130.3399658203125), 1)
  ('re', Rect(382.2699890136719, 129.8599853515625, 559.0499877929688, 130.3399658203125), 1)
  ('re', Rect(559.0599975585938, 111.260009765625, 559.5399780273438, 129.8599853515625), 1)
  ('re', Rect(559.0599975585938, 129.8599853515625, 559.5399780273438, 130.3399658203125), 1)
  ('re', Rect(559.0599975585938, 129.8599853515625, 559.5399780273438, 130.3399658203125), 1)
  ('re', Rect(351.19000244140625, 165.6199951171875, 539.72998046875, 180.260009765625), 1)
  ('re', Rect(273.1700134277344, 165.6199951171875, 343.2740173339844, 180.260009765625), 1)
  ('re', Rect(195.1699981689453, 158.41998291015625, 265.25, 172.94000244140625), 1)
  ('re', Rect(195.1699981689453, 172.93994140625, 265.25, 187.4599609375), 1)
  ('re', Rect(32.040000915527344, 165.6199951171875, 187.22000122070312, 180.260009765625), 1)
  ('re', Rect(27.84000015258789, 157.94000244140625, 28.31999969482422, 158.41998291015625), 1)
  ('re', Rect(27.84000015258789, 157.94000244140625, 28.31999969482422, 158.41998291015625), 1)
  ('re', Rect(28.31999969482422, 157.94000244140625, 190.97000122070312, 158.41998291015625), 1)
  ('re', Rect(190.97000122070312, 157.94000244140625, 191.4499969482422, 158.41998291015625), 1)
  ('re', Rect(191.4499969482422, 157.94000244140625, 268.8500061035156, 158.41998291015625), 1)
  ('re', Rect(268.8500061035156, 157.94000244140625, 269.33001708984375, 158.41998291015625), 1)
  ('re', Rect(269.3299865722656, 157.94000244140625, 346.8739929199219, 158.41998291015625), 1)
  ('re', Rect(346.8699951171875, 157.94000244140625, 347.3499755859375, 158.41998291015625), 1)
  ('re', Rect(347.3500061035156, 157.94000244140625, 559.0499877929688, 158.41998291015625), 1)
  ('re', Rect(559.0599975585938, 157.94000244140625, 559.5399780273438, 158.41998291015625), 1)
  ('re', Rect(559.0599975585938, 157.94000244140625, 559.5399780273438, 158.41998291015625), 1)
  ('re', Rect(27.84000015258789, 158.41998291015625, 28.31999969482422, 187.4599609375), 1)
  ('re', Rect(190.97000122070312, 158.41998291015625, 191.4499969482422, 187.4599609375), 1)
  ('re', Rect(268.8500061035156, 158.41998291015625, 269.33001708984375, 187.4599609375), 1)
  ('re', Rect(346.8699951171875, 158.41998291015625, 347.3499755859375, 187.4599609375), 1)
  ('re', Rect(559.0599975585938, 158.41998291015625, 559.5399780273438, 187.4599609375), 1)
  ('re', Rect(351.19000244140625, 187.93994140625, 555.4500122070312, 202.5799560546875), 1)
  ('re', Rect(273.1700134277344, 187.93994140625, 343.2740173339844, 202.5799560546875), 1)
  ('re', Rect(195.1699981689453, 188.9000244140625, 265.25, 201.6199951171875), 1)
  ('re', Rect(32.040000915527344, 187.93994140625, 187.22000122070312, 202.5799560546875), 1)
  ('re', Rect(27.84000015258789, 187.46002197265625, 28.31999969482422, 187.94000244140625), 1)
  ('re', Rect(28.31999969482422, 187.46002197265625, 190.97000122070312, 187.94000244140625), 1)
  ('re', Rect(190.97000122070312, 187.46002197265625, 191.4499969482422, 187.94000244140625), 1)
  ('re', Rect(191.4499969482422, 187.46002197265625, 268.8500061035156, 187.94000244140625), 1)
  ('re', Rect(268.8500061035156, 187.46002197265625, 269.33001708984375, 187.94000244140625), 1)
  ('re', Rect(269.3299865722656, 187.46002197265625, 346.8739929199219, 187.94000244140625), 1)
  ('re', Rect(346.8699951171875, 187.46002197265625, 347.3499755859375, 187.94000244140625), 1)
  ('re', Rect(347.3500061035156, 187.46002197265625, 559.0499877929688, 187.94000244140625), 1)
  ('re', Rect(559.0599975585938, 187.46002197265625, 559.5399780273438, 187.94000244140625), 1)
  ('re', Rect(27.84000015258789, 187.93994140625, 28.31999969482422, 202.5799560546875), 1)
  ('re', Rect(190.97000122070312, 187.93994140625, 191.4499969482422, 202.5799560546875), 1)
  ('re', Rect(268.8500061035156, 187.93994140625, 269.33001708984375, 202.5799560546875), 1)
  ('re', Rect(346.8699951171875, 187.93994140625, 347.3499755859375, 202.5799560546875), 1)
  ('re', Rect(559.0599975585938, 187.93994140625, 559.5399780273438, 202.5799560546875), 1)
  ('re', Rect(351.19000244140625, 203.0599365234375, 555.4500122070312, 217.5799560546875), 1)
  ('re', Rect(273.1700134277344, 203.0599365234375, 343.2740173339844, 217.5799560546875), 1)
  ('re', Rect(195.1699981689453, 204.02001953125, 265.25, 216.6199951171875), 1)
  ('re', Rect(32.040000915527344, 203.0599365234375, 187.22000122070312, 217.5799560546875), 1)
  ('re', Rect(27.84000015258789, 202.58001708984375, 28.31999969482422, 203.05999755859375), 1)
  ('re', Rect(28.31999969482422, 202.58001708984375, 190.97000122070312, 203.05999755859375), 1)
  ('re', Rect(190.97000122070312, 202.58001708984375, 191.4499969482422, 203.05999755859375), 1)
  ('re', Rect(191.4499969482422, 202.58001708984375, 268.8500061035156, 203.05999755859375), 1)
  ('re', Rect(268.8500061035156, 202.58001708984375, 269.33001708984375, 203.05999755859375), 1)
  ('re', Rect(269.3299865722656, 202.58001708984375, 346.8739929199219, 203.05999755859375), 1)
  ('re', Rect(346.8699951171875, 202.58001708984375, 347.3499755859375, 203.05999755859375), 1)
  ('re', Rect(347.3500061035156, 202.58001708984375, 559.0499877929688, 203.05999755859375), 1)
  ('re', Rect(559.0599975585938, 202.58001708984375, 559.5399780273438, 203.05999755859375), 1)
  ('re', Rect(27.84000015258789, 203.0599365234375, 28.31999969482422, 217.5799560546875), 1)
  ('re', Rect(190.97000122070312, 203.0599365234375, 191.4499969482422, 217.5799560546875), 1)
  ('re', Rect(268.8500061035156, 203.0599365234375, 269.33001708984375, 217.5799560546875), 1)
  ('re', Rect(346.8699951171875, 203.0599365234375, 347.3499755859375, 217.5799560546875), 1)
  ('re', Rect(559.0599975585938, 203.0599365234375, 559.5399780273438, 217.5799560546875), 1)
  ('re', Rect(195.2899932861328, 218.0599365234375, 555.4600219726562, 232.5799560546875), 1)
  ('re', Rect(32.040000915527344, 218.0599365234375, 187.22000122070312, 232.5799560546875), 1)
  ('re', Rect(27.84000015258789, 217.58001708984375, 28.31999969482422, 218.05999755859375), 1)
  ('re', Rect(28.31999969482422, 217.58001708984375, 190.97000122070312, 218.05999755859375), 1)
  ('re', Rect(190.97000122070312, 217.58001708984375, 191.4499969482422, 218.05999755859375), 1)
  ('re', Rect(191.4499969482422, 217.58001708984375, 268.8500061035156, 218.05999755859375), 1)
  ('re', Rect(268.8500061035156, 217.58001708984375, 269.33001708984375, 218.05999755859375), 1)
  ('re', Rect(269.3299865722656, 217.58001708984375, 346.8739929199219, 218.05999755859375), 1)
  ('re', Rect(346.8699951171875, 217.58001708984375, 347.3499755859375, 218.05999755859375), 1)
  ('re', Rect(347.3500061035156, 217.58001708984375, 559.0499877929688, 218.05999755859375), 1)
  ('re', Rect(559.0599975585938, 217.58001708984375, 559.5399780273438, 218.05999755859375), 1)
  ('re', Rect(27.84000015258789, 218.0599365234375, 28.31999969482422, 232.5799560546875), 1)
  ('re', Rect(27.84000015258789, 232.58001708984375, 28.31999969482422, 233.05999755859375), 1)
  ('re', Rect(27.84000015258789, 232.58001708984375, 28.31999969482422, 233.05999755859375), 1)
  ('re', Rect(28.31999969482422, 232.58001708984375, 190.97000122070312, 233.05999755859375), 1)
  ('re', Rect(190.97000122070312, 218.0599365234375, 191.4499969482422, 232.5799560546875), 1)
  ('re', Rect(190.97000122070312, 232.58001708984375, 191.4499969482422, 233.05999755859375), 1)
  ('re', Rect(191.4499969482422, 232.58001708984375, 559.0599975585938, 233.05999755859375), 1)
  ('re', Rect(559.0599975585938, 218.0599365234375, 559.5399780273438, 232.5799560546875), 1)
  ('re', Rect(559.0599975585938, 232.58001708984375, 559.5399780273438, 233.05999755859375), 1)
  ('re', Rect(559.0599975585938, 232.58001708984375, 559.5399780273438, 233.05999755859375), 1)
  ('re', Rect(457.5400085449219, 258.6259765625, 539.739990234375, 273.16998291015625), 1)
  ('re', Rect(351.07000732421875, 258.6259765625, 449.4940185546875, 273.16998291015625), 1)
  ('re', Rect(237.77000427246094, 258.6259765625, 343.27001953125, 273.16998291015625), 1)
  ('re', Rect(138.5, 258.6259765625, 229.843994140625, 273.16998291015625), 1)
  ('re', Rect(32.15999984741211, 258.6259765625, 130.58399963378906, 273.16998291015625), 1)
  ('re', Rect(27.84000015258789, 258.1400146484375, 28.31999969482422, 258.6199951171875), 1)
  ('re', Rect(27.84000015258789, 258.1400146484375, 28.31999969482422, 258.6199951171875), 1)
  ('re', Rect(28.31999969482422, 258.1400146484375, 134.17999267578125, 258.6199951171875), 1)
  ('re', Rect(134.17999267578125, 258.1400146484375, 134.6599884033203, 258.6199951171875), 1)
  ('re', Rect(134.66000366210938, 258.1400146484375, 233.44400024414062, 258.6199951171875), 1)
  ('re', Rect(233.4499969482422, 258.1400146484375, 233.9300079345703, 258.6199951171875), 1)
  ('re', Rect(233.92999267578125, 258.1400146484375, 346.8699951171875, 258.6199951171875), 1)
  ('re', Rect(346.8699951171875, 258.1400146484375, 347.3499755859375, 258.6199951171875), 1)
  ('re', Rect(347.3500061035156, 258.1400146484375, 453.21002197265625, 258.6199951171875), 1)
  ('re', Rect(453.2200012207031, 258.1400146484375, 453.70001220703125, 258.6199951171875), 1)
  ('re', Rect(453.70001220703125, 258.1400146484375, 559.0599975585938, 258.6199951171875), 1)
  ('re', Rect(559.0599975585938, 258.1400146484375, 559.5399780273438, 258.6199951171875), 1)
  ('re', Rect(559.0599975585938, 258.1400146484375, 559.5399780273438, 258.6199951171875), 1)
  ('re', Rect(27.84000015258789, 258.6259765625, 28.31999969482422, 273.16998291015625), 1)
  ('re', Rect(134.17999267578125, 258.6259765625, 134.6599884033203, 273.16998291015625), 1)
  ('re', Rect(233.4499969482422, 258.6259765625, 233.9300079345703, 273.16998291015625), 1)
  ('re', Rect(346.8699951171875, 258.6259765625, 347.3499755859375, 273.16998291015625), 1)
  ('re', Rect(453.2200012207031, 258.6259765625, 453.70001220703125, 273.16998291015625), 1)
  ('re', Rect(559.0599975585938, 258.6259765625, 559.5399780273438, 273.16998291015625), 1)
  ('re', Rect(457.5400085449219, 273.64996337890625, 555.4600219726562, 288.16998291015625), 1)
  ('re', Rect(457.5400085449219, 288.16998291015625, 555.4600219726562, 302.80999755859375), 1)
  ('re', Rect(457.5400085449219, 302.8099365234375, 555.4600219726562, 317.3299560546875), 1)
  ('re', Rect(457.5400085449219, 317.3299560546875, 555.4600219726562, 331.8499755859375), 1)
  ('re', Rect(351.07000732421875, 273.64996337890625, 449.4940185546875, 288.16998291015625), 1)
  ('re', Rect(351.07000732421875, 288.16998291015625, 449.4940185546875, 302.80999755859375), 1)
  ('re', Rect(351.07000732421875, 302.8099365234375, 449.4940185546875, 317.3299560546875), 1)
  ('re', Rect(351.07000732421875, 317.3299560546875, 449.4940185546875, 331.8499755859375), 1)
  ('re', Rect(237.77000427246094, 273.64996337890625, 343.27001953125, 288.16998291015625), 1)
  ('re', Rect(237.77000427246094, 288.16998291015625, 343.27001953125, 302.80999755859375), 1)
  ('re', Rect(237.77000427246094, 302.8099365234375, 343.27001953125, 317.3299560546875), 1)
  ('re', Rect(237.77000427246094, 317.3299560546875, 343.27001953125, 331.8499755859375), 1)
  ('re', Rect(138.5, 273.64996337890625, 229.843994140625, 288.16998291015625), 1)
  ('re', Rect(138.5, 288.16998291015625, 229.843994140625, 302.80999755859375), 1)
  ('re', Rect(138.5, 302.8099365234375, 229.843994140625, 317.3299560546875), 1)
  ('re', Rect(138.5, 317.3299560546875, 229.843994140625, 331.8499755859375), 1)
  ('re', Rect(32.15999984741211, 273.64996337890625, 130.58399963378906, 288.16998291015625), 1)
  ('re', Rect(32.15999984741211, 288.16998291015625, 130.58399963378906, 302.80999755859375), 1)
  ('re', Rect(32.15999984741211, 302.8099365234375, 130.58399963378906, 317.3299560546875), 1)
  ('re', Rect(32.15999984741211, 317.3299560546875, 130.58399963378906, 331.8499755859375), 1)
  ('re', Rect(27.84000015258789, 273.16998291015625, 28.31999969482422, 273.64996337890625), 1)
  ('re', Rect(28.31999969482422, 273.16998291015625, 134.17999267578125, 273.64996337890625), 1)
  ('re', Rect(134.17999267578125, 273.16998291015625, 134.6599884033203, 273.64996337890625), 1)
  ('re', Rect(134.66000366210938, 273.16998291015625, 233.44400024414062, 273.64996337890625), 1)
  ('re', Rect(233.4499969482422, 273.16998291015625, 233.9300079345703, 273.64996337890625), 1)
  ('re', Rect(233.92999267578125, 273.16998291015625, 346.8699951171875, 273.64996337890625), 1)
  ('re', Rect(346.8699951171875, 273.16998291015625, 347.3499755859375, 273.64996337890625), 1)
  ('re', Rect(347.3500061035156, 273.16998291015625, 453.21002197265625, 273.64996337890625), 1)
  ('re', Rect(453.2200012207031, 273.16998291015625, 453.70001220703125, 273.64996337890625), 1)
  ('re', Rect(453.70001220703125, 273.16998291015625, 559.0599975585938, 273.64996337890625), 1)
  ('re', Rect(559.0599975585938, 273.16998291015625, 559.5399780273438, 273.64996337890625), 1)
  ('re', Rect(27.84000015258789, 273.64996337890625, 28.31999969482422, 331.8499755859375), 1)
  ('re', Rect(134.17999267578125, 273.64996337890625, 134.6599884033203, 331.8499755859375), 1)
  ('re', Rect(233.4499969482422, 273.64996337890625, 233.9300079345703, 331.8499755859375), 1)
  ('re', Rect(346.8699951171875, 273.64996337890625, 347.3499755859375, 331.8499755859375), 1)
  ('re', Rect(453.2200012207031, 273.64996337890625, 453.70001220703125, 331.8499755859375), 1)
  ('re', Rect(559.0599975585938, 273.64996337890625, 559.5399780273438, 331.8499755859375), 1)
  ('re', Rect(457.5400085449219, 332.3299865722656, 555.4600219726562, 346.1299743652344), 1)
  ('re', Rect(351.07000732421875, 332.3299865722656, 449.4940185546875, 346.1299743652344), 1)
  ('re', Rect(237.77000427246094, 332.3299865722656, 343.27001953125, 345.04998779296875), 1)
  ('re', Rect(138.5, 332.3299865722656, 229.843994140625, 345.04998779296875), 1)
  ('re', Rect(32.15999984741211, 332.3299865722656, 130.58399963378906, 345.04998779296875), 1)
  ('re', Rect(27.84000015258789, 331.8499755859375, 28.31999969482422, 332.3299865722656), 1)
  ('re', Rect(28.31999969482422, 331.8499755859375, 134.17999267578125, 332.3299865722656), 1)
  ('re', Rect(134.17999267578125, 331.8499755859375, 134.6599884033203, 332.3299865722656), 1)
  ('re', Rect(134.66000366210938, 331.8499755859375, 233.44400024414062, 332.3299865722656), 1)
  ('re', Rect(233.4499969482422, 331.8499755859375, 233.9300079345703, 332.3299865722656), 1)
  ('re', Rect(233.92999267578125, 331.8499755859375, 346.8699951171875, 332.3299865722656), 1)
  ('re', Rect(346.8699951171875, 331.8499755859375, 347.3499755859375, 332.3299865722656), 1)
  ('re', Rect(347.3500061035156, 331.8499755859375, 453.21002197265625, 332.3299865722656), 1)
  ('re', Rect(453.2200012207031, 331.8499755859375, 453.70001220703125, 332.3299865722656), 1)
  ('re', Rect(453.70001220703125, 331.8499755859375, 559.0599975585938, 332.3299865722656), 1)
  ('re', Rect(559.0599975585938, 331.8499755859375, 559.5399780273438, 332.3299865722656), 1)
  ('re', Rect(27.84000015258789, 332.3299865722656, 28.31999969482422, 346.1299743652344), 1)
  ('re', Rect(27.84000015258789, 346.1299743652344, 28.31999969482422, 346.6099853515625), 1)
  ('re', Rect(27.84000015258789, 346.1299743652344, 28.31999969482422, 346.6099853515625), 1)
  ('re', Rect(28.31999969482422, 346.1299743652344, 134.17999267578125, 346.6099853515625), 1)
  ('re', Rect(134.17999267578125, 332.3299865722656, 134.6599884033203, 346.1299743652344), 1)
  ('re', Rect(134.17999267578125, 346.1299743652344, 134.6599884033203, 346.6099853515625), 1)
  ('re', Rect(134.66000366210938, 346.1299743652344, 233.44400024414062, 346.6099853515625), 1)
  ('re', Rect(233.4499969482422, 332.3299865722656, 233.9300079345703, 346.1299743652344), 1)
  ('re', Rect(233.4499969482422, 346.1299743652344, 233.9300079345703, 346.6099853515625), 1)
  ('re', Rect(233.92999267578125, 346.1299743652344, 346.8699951171875, 346.6099853515625), 1)
  ('re', Rect(346.8699951171875, 332.3299865722656, 347.3499755859375, 346.1299743652344), 1)
  ('re', Rect(346.8699951171875, 346.1299743652344, 347.3499755859375, 346.6099853515625), 1)
  ('re', Rect(347.3500061035156, 346.1299743652344, 453.21002197265625, 346.6099853515625), 1)
  ('re', Rect(453.2200012207031, 332.3299865722656, 453.70001220703125, 346.1299743652344), 1)
  ('re', Rect(453.2200012207031, 346.1299743652344, 453.70001220703125, 346.6099853515625), 1)
  ('re', Rect(453.70001220703125, 346.1299743652344, 559.0599975585938, 346.6099853515625), 1)
  ('re', Rect(559.0599975585938, 332.3299865722656, 559.5399780273438, 346.1299743652344), 1)
  ('re', Rect(559.0599975585938, 346.1299743652344, 559.5399780273438, 346.6099853515625), 1)
  ('re', Rect(559.0599975585938, 346.1299743652344, 559.5399780273438, 346.6099853515625), 1)
  ('re', Rect(26.639999389648438, 352.6099853515625, 547.2999877929688, 357.28997802734375), 1)
  ('re', Rect(32.15999984741211, 357.7699890136719, 229.85000610351562, 372.28997802734375), 1)
  ('re', Rect(27.84000015258789, 357.28997802734375, 28.31999969482422, 357.7699890136719), 1)
  ('re', Rect(27.84000015258789, 357.28997802734375, 28.31999969482422, 357.7699890136719), 1)
  ('re', Rect(28.31999969482422, 357.28997802734375, 233.45001220703125, 357.7699890136719), 1)
  ('re', Rect(233.4499969482422, 357.28997802734375, 233.9300079345703, 357.7699890136719), 1)
  ('re', Rect(233.92999267578125, 357.28997802734375, 559.5399780273438, 357.7699890136719), 1)
  ('re', Rect(559.5399780273438, 357.28997802734375, 560.0199584960938, 357.7699890136719), 1)
  ('re', Rect(559.5399780273438, 357.28997802734375, 560.0199584960938, 357.7699890136719), 1)
  ('re', Rect(27.84000015258789, 357.7699890136719, 28.31999969482422, 372.28997802734375), 1)
  ('re', Rect(27.84000015258789, 372.28997802734375, 28.31999969482422, 372.7699890136719), 1)
  ('re', Rect(27.84000015258789, 372.28997802734375, 28.31999969482422, 372.7699890136719), 1)
  ('re', Rect(28.31999969482422, 372.28997802734375, 233.45001220703125, 372.7699890136719), 1)
  ('re', Rect(233.4499969482422, 357.7699890136719, 233.9300079345703, 372.28997802734375), 1)
  ('re', Rect(233.4499969482422, 372.28997802734375, 233.9300079345703, 372.7699890136719), 1)
  ('re', Rect(233.92999267578125, 372.28997802734375, 559.5399780273438, 372.7699890136719), 1)
  ('re', Rect(559.5399780273438, 357.7699890136719, 560.0199584960938, 372.28997802734375), 1)
  ('re', Rect(559.5399780273438, 372.28997802734375, 560.0199584960938, 372.7699890136719), 1)
  ('re', Rect(559.5399780273438, 372.28997802734375, 560.0199584960938, 372.7699890136719), 1)
  ('re', Rect(26.639999389648438, 378.7699890136719, 561.2200317382812, 390.28997802734375), 1)
  ('re', Rect(28.079999923706055, 390.28997802734375, 559.780029296875, 408.8899841308594), 1)
  ('re', Rect(33.47999954223633, 390.28997802734375, 554.3800048828125, 408.8899841308594), 1)
  ('re', Rect(425.8299865722656, 415.25, 556.8900146484375, 431.0899963378906), 1)
  ('re', Rect(279.7699890136719, 415.8500061035156, 418.02996826171875, 430.3699951171875), 1)
  ('re', Rect(166.82000732421875, 415.8500061035156, 271.8399963378906, 430.3699951171875), 1)
  ('re', Rect(32.15999984741211, 415.8500061035156, 158.89999389648438, 430.3699951171875), 1)
  ('re', Rect(27.84000015258789, 414.6499938964844, 28.31999969482422, 415.1299743652344), 1)
  ('re', Rect(27.84000015258789, 414.6499938964844, 28.31999969482422, 415.1299743652344), 1)
  ('re', Rect(28.31999969482422, 414.6499938964844, 162.6199951171875, 415.1299743652344), 1)
  ('re', Rect(162.6199951171875, 414.6499938964844, 163.09999084472656, 415.1299743652344), 1)
  ('re', Rect(163.10000610351562, 414.6499938964844, 275.44000244140625, 415.1299743652344), 1)
  ('re', Rect(275.45001220703125, 414.6499938964844, 275.9300231933594, 415.1299743652344), 1)
  ('re', Rect(275.92999267578125, 414.6499938964844, 421.6300048828125, 415.1299743652344), 1)
  ('re', Rect(421.6300048828125, 414.6499938964844, 422.1100158691406, 415.1299743652344), 1)
  ('re', Rect(421.6300048828125, 414.6499938964844, 422.1100158691406, 415.1299743652344), 1)
  ('re', Rect(27.84000015258789, 415.1300048828125, 28.31999969482422, 431.0899963378906), 1)
  ('re', Rect(162.6199951171875, 415.1300048828125, 163.09999084472656, 431.0899963378906), 1)
  ('re', Rect(275.45001220703125, 415.1300048828125, 275.9300231933594, 431.0899963378906), 1)
  ('re', Rect(421.6300048828125, 415.1300048828125, 422.1100158691406, 431.0899963378906), 1)
  ('re', Rect(425.8299865722656, 433.60595703125, 556.8900146484375, 448.02996826171875), 1)
  ('re', Rect(279.7699890136719, 433.60595703125, 418.02996826171875, 448.02996826171875), 1)
  ('re', Rect(166.82000732421875, 433.60595703125, 271.8399963378906, 448.02996826171875), 1)
  ('re', Rect(32.15999984741211, 433.60595703125, 158.89999389648438, 448.02996826171875), 1)
  ('re', Rect(27.84000015258789, 431.0899963378906, 28.31999969482422, 431.5699768066406), 1)
  ('re', Rect(28.31999969482422, 431.0899963378906, 162.6199951171875, 431.5699768066406), 1)
  ('re', Rect(162.6199951171875, 431.0899963378906, 163.09999084472656, 431.5699768066406), 1)
  ('re', Rect(163.10000610351562, 431.0899963378906, 275.44000244140625, 431.5699768066406), 1)
  ('re', Rect(275.45001220703125, 431.0899963378906, 275.9300231933594, 431.5699768066406), 1)
  ('re', Rect(275.92999267578125, 431.0899963378906, 421.6300048828125, 431.5699768066406), 1)
  ('re', Rect(421.6300048828125, 431.0899963378906, 422.1100158691406, 431.5699768066406), 1)
  ('re', Rect(422.1099853515625, 431.0899963378906, 560.489990234375, 431.5699768066406), 1)
  ('re', Rect(560.5, 431.0899963378906, 560.97998046875, 431.5699768066406), 1)
  ('re', Rect(27.84000015258789, 431.56597900390625, 28.31999969482422, 450.1899719238281), 1)
  ('re', Rect(27.84000015258789, 450.19000244140625, 28.31999969482422, 450.66998291015625), 1)
  ('re', Rect(27.84000015258789, 450.19000244140625, 28.31999969482422, 450.66998291015625), 1)
  ('re', Rect(28.31999969482422, 450.19000244140625, 162.6199951171875, 450.66998291015625), 1)
  ('re', Rect(162.6199951171875, 431.56597900390625, 163.09999084472656, 450.1899719238281), 1)
  ('re', Rect(162.6199951171875, 450.19000244140625, 163.09999084472656, 450.66998291015625), 1)
  ('re', Rect(163.10000610351562, 450.19000244140625, 275.44000244140625, 450.66998291015625), 1)
  ('re', Rect(275.45001220703125, 431.56597900390625, 275.9300231933594, 450.1899719238281), 1)
  ('re', Rect(275.45001220703125, 450.19000244140625, 275.9300231933594, 450.66998291015625), 1)
  ('re', Rect(275.92999267578125, 450.19000244140625, 421.6300048828125, 450.66998291015625), 1)
  ('re', Rect(421.6300048828125, 431.56597900390625, 422.1100158691406, 450.1899719238281), 1)
  ('re', Rect(421.6300048828125, 450.19000244140625, 422.1100158691406, 450.66998291015625), 1)
  ('re', Rect(422.1099853515625, 450.19000244140625, 560.489990234375, 450.66998291015625), 1)
  ('re', Rect(560.5, 431.56597900390625, 560.97998046875, 450.1899719238281), 1)
  ('re', Rect(560.5, 450.19000244140625, 560.97998046875, 450.66998291015625), 1)
  ('re', Rect(560.5, 450.19000244140625, 560.97998046875, 450.66998291015625), 1)
  ('re', Rect(26.639999389648438, 456.66998291015625, 547.2999877929688, 463.5099792480469), 1)
  ('re', Rect(28.079999923706055, 463.5099792480469, 559.780029296875, 482.22998046875), 1)
  ('re', Rect(33.47999954223633, 463.5099792480469, 554.3800048828125, 482.22998046875), 1)
  ('re', Rect(26.639999389648438, 491.3500061035156, 561.2200317382812, 505.8699951171875), 1)
  ('re', Rect(27.84000015258789, 505.8699951171875, 28.31999969482422, 506.3499755859375), 1)
  ('re', Rect(27.84000015258789, 505.8699951171875, 28.31999969482422, 506.3499755859375), 1)
  ('re', Rect(28.31999969482422, 505.8699951171875, 153.01998901367188, 506.3499755859375), 1)
  ('re', Rect(153.02000427246094, 505.8699951171875, 153.5, 506.3499755859375), 1)
  ('re', Rect(153.5, 505.8699951171875, 221.44400024414062, 506.3499755859375), 1)
  ('re', Rect(221.4499969482422, 505.8699951171875, 221.9300079345703, 506.3499755859375), 1)
  ('re', Rect(221.92999267578125, 505.8699951171875, 342.42999267578125, 506.3499755859375), 1)
  ('re', Rect(342.42999267578125, 505.8699951171875, 342.9100036621094, 506.3499755859375), 1)
  ('re', Rect(342.42999267578125, 505.8699951171875, 342.9100036621094, 506.3499755859375), 1)
  ('re', Rect(27.84000015258789, 506.3500061035156, 28.31999969482422, 522.3099975585938), 1)
  ('re', Rect(153.02000427246094, 506.3500061035156, 153.5, 522.3099975585938), 1)
  ('re', Rect(221.4499969482422, 506.3500061035156, 221.9300079345703, 522.3099975585938), 1)
  ('re', Rect(342.42999267578125, 506.3500061035156, 342.9100036621094, 522.3099975585938), 1)
  ('re', Rect(27.84000015258789, 522.3099975585938, 28.31999969482422, 522.7899780273438), 1)
  ('re', Rect(28.31999969482422, 522.3099975585938, 153.01998901367188, 522.7899780273438), 1)
  ('re', Rect(153.02000427246094, 522.3099975585938, 153.5, 522.7899780273438), 1)
  ('re', Rect(153.5, 522.3099975585938, 221.44400024414062, 522.7899780273438), 1)
  ('re', Rect(221.4499969482422, 522.3099975585938, 221.9300079345703, 522.7899780273438), 1)
  ('re', Rect(221.92999267578125, 522.3099975585938, 342.42999267578125, 522.7899780273438), 1)
  ('re', Rect(342.42999267578125, 522.3099975585938, 342.9100036621094, 522.7899780273438), 1)
  ('re', Rect(342.9100036621094, 522.3099975585938, 559.530029296875, 522.7899780273438), 1)
  ('re', Rect(559.5399780273438, 522.3099975585938, 560.0199584960938, 522.7899780273438), 1)
  ('re', Rect(27.84000015258789, 522.7899780273438, 28.31999969482422, 539.469970703125), 1)
  ('re', Rect(153.02000427246094, 522.7899780273438, 153.5, 539.469970703125), 1)
  ('re', Rect(221.4499969482422, 522.7899780273438, 221.9300079345703, 539.469970703125), 1)
  ('re', Rect(342.42999267578125, 522.7899780273438, 342.9100036621094, 539.469970703125), 1)
  ('re', Rect(559.5399780273438, 522.7899780273438, 560.0199584960938, 539.469970703125), 1)
  ('re', Rect(27.84000015258789, 539.469970703125, 28.31999969482422, 539.949951171875), 1)
  ('re', Rect(28.31999969482422, 539.469970703125, 153.01998901367188, 539.949951171875), 1)
  ('re', Rect(153.02000427246094, 539.469970703125, 153.5, 539.949951171875), 1)
  ('re', Rect(153.5, 539.469970703125, 221.44400024414062, 539.949951171875), 1)
  ('re', Rect(221.4499969482422, 539.469970703125, 221.9300079345703, 539.949951171875), 1)
  ('re', Rect(221.92999267578125, 539.469970703125, 342.42999267578125, 539.949951171875), 1)
  ('re', Rect(342.42999267578125, 539.469970703125, 342.9100036621094, 539.949951171875), 1)
  ('re', Rect(342.9100036621094, 539.469970703125, 559.530029296875, 539.949951171875), 1)
  ('re', Rect(559.5399780273438, 539.469970703125, 560.0199584960938, 539.949951171875), 1)
  ('re', Rect(27.84000015258789, 539.949951171875, 28.31999969482422, 556.6300048828125), 1)
  ('re', Rect(153.02000427246094, 539.949951171875, 153.5, 556.6300048828125), 1)
  ('re', Rect(221.4499969482422, 539.949951171875, 221.9300079345703, 556.6300048828125), 1)
  ('re', Rect(342.42999267578125, 539.949951171875, 342.9100036621094, 556.6300048828125), 1)
  ('re', Rect(559.5399780273438, 539.949951171875, 560.0199584960938, 556.6300048828125), 1)
  ('re', Rect(27.84000015258789, 556.6300048828125, 28.31999969482422, 557.1099853515625), 1)
  ('re', Rect(28.31999969482422, 556.6300048828125, 153.01998901367188, 557.1099853515625), 1)
  ('re', Rect(153.02000427246094, 556.6300048828125, 153.5, 557.1099853515625), 1)
  ('re', Rect(153.5, 556.6300048828125, 221.44400024414062, 557.1099853515625), 1)
  ('re', Rect(221.4499969482422, 556.6300048828125, 221.9300079345703, 557.1099853515625), 1)
  ('re', Rect(221.92999267578125, 556.6300048828125, 342.42999267578125, 557.1099853515625), 1)
  ('re', Rect(342.42999267578125, 556.6300048828125, 342.9100036621094, 557.1099853515625), 1)
  ('re', Rect(342.9100036621094, 556.6300048828125, 559.530029296875, 557.1099853515625), 1)
  ('re', Rect(559.5399780273438, 556.6300048828125, 560.0199584960938, 557.1099853515625), 1)
  ('re', Rect(27.84000015258789, 557.1099853515625, 28.31999969482422, 573.7899780273438), 1)
  ('re', Rect(27.84000015258789, 573.7899169921875, 28.31999969482422, 574.27001953125), 1)
  ('re', Rect(27.84000015258789, 573.7899169921875, 28.31999969482422, 574.27001953125), 1)
  ('re', Rect(28.31999969482422, 573.7899169921875, 153.01998901367188, 574.27001953125), 1)
  ('re', Rect(153.02000427246094, 557.1099853515625, 153.5, 573.7899780273438), 1)
  ('re', Rect(153.02000427246094, 573.7899169921875, 153.5, 574.27001953125), 1)
  ('re', Rect(153.5, 573.7899169921875, 559.530029296875, 574.27001953125), 1)
  ('re', Rect(559.5399780273438, 557.1099853515625, 560.0199584960938, 573.7899780273438), 1)
  ('re', Rect(559.5399780273438, 573.7899169921875, 560.0199584960938, 574.27001953125), 1)
  ('re', Rect(559.5399780273438, 573.7899169921875, 560.0199584960938, 574.27001953125), 1)
  ('re', Rect(26.639999389648438, 574.27001953125, 511.29998779296875, 586.8699951171875), 1)
  ('re', Rect(26.639999389648438, 586.8699951171875, 561.2200317382812, 601.3900146484375), 1)
  ('re', Rect(27.84000015258789, 601.3900146484375, 28.31999969482422, 601.8699951171875), 1)
  ('re', Rect(27.84000015258789, 601.3900146484375, 28.31999969482422, 601.8699951171875), 1)
  ('re', Rect(28.31999969482422, 601.3900146484375, 153.01998901367188, 601.8699951171875), 1)
  ('re', Rect(153.02000427246094, 601.3900146484375, 153.5, 601.8699951171875), 1)
  ('re', Rect(153.5, 601.3900146484375, 221.44400024414062, 601.8699951171875), 1)
  ('re', Rect(221.4499969482422, 601.3900146484375, 221.9300079345703, 601.8699951171875), 1)
  ('re', Rect(221.92999267578125, 601.3900146484375, 342.42999267578125, 601.8699951171875), 1)
  ('re', Rect(342.42999267578125, 601.3900146484375, 342.9100036621094, 601.8699951171875), 1)
  ('re', Rect(342.42999267578125, 601.3900146484375, 342.9100036621094, 601.8699951171875), 1)
  ('re', Rect(27.84000015258789, 601.8699951171875, 28.31999969482422, 617.8299560546875), 1)
  ('re', Rect(153.02000427246094, 601.8699951171875, 153.5, 617.8299560546875), 1)
  ('re', Rect(221.4499969482422, 601.8699951171875, 221.9300079345703, 617.8299560546875), 1)
  ('re', Rect(342.42999267578125, 601.8699951171875, 342.9100036621094, 617.8299560546875), 1)
  ('re', Rect(27.84000015258789, 617.8300170898438, 28.31999969482422, 618.3099975585938), 1)
  ('re', Rect(28.31999969482422, 617.8300170898438, 153.01998901367188, 618.3099975585938), 1)
  ('re', Rect(153.02000427246094, 617.8300170898438, 153.5, 618.3099975585938), 1)
  ('re', Rect(153.5, 617.8300170898438, 221.44400024414062, 618.3099975585938), 1)
  ('re', Rect(221.4499969482422, 617.8300170898438, 221.9300079345703, 618.3099975585938), 1)
  ('re', Rect(221.92999267578125, 617.8300170898438, 342.42999267578125, 618.3099975585938), 1)
  ('re', Rect(342.42999267578125, 617.8300170898438, 342.9100036621094, 618.3099975585938), 1)
  ('re', Rect(342.9100036621094, 617.8300170898438, 559.530029296875, 618.3099975585938), 1)
  ('re', Rect(559.5399780273438, 617.8300170898438, 560.0199584960938, 618.3099975585938), 1)
  ('re', Rect(27.84000015258789, 618.3159790039062, 28.31999969482422, 635.02001953125), 1)
  ('re', Rect(153.02000427246094, 618.3159790039062, 153.5, 635.02001953125), 1)
  ('re', Rect(221.4499969482422, 618.3159790039062, 221.9300079345703, 635.02001953125), 1)
  ('re', Rect(342.42999267578125, 618.3159790039062, 342.9100036621094, 635.02001953125), 1)
  ('re', Rect(559.5399780273438, 618.3159790039062, 560.0199584960938, 635.02001953125), 1)
  ('re', Rect(27.84000015258789, 635.0199584960938, 28.31999969482422, 635.5), 1)
  ('re', Rect(28.31999969482422, 635.0199584960938, 153.01998901367188, 635.5), 1)
  ('re', Rect(153.02000427246094, 635.0199584960938, 153.5, 635.5), 1)
  ('re', Rect(153.5, 635.0199584960938, 221.44400024414062, 635.5), 1)
  ('re', Rect(221.4499969482422, 635.0199584960938, 221.9300079345703, 635.5), 1)
  ('re', Rect(221.92999267578125, 635.0199584960938, 342.42999267578125, 635.5), 1)
  ('re', Rect(342.42999267578125, 635.0199584960938, 342.9100036621094, 635.5), 1)
  ('re', Rect(342.9100036621094, 635.0199584960938, 559.530029296875, 635.5), 1)
  ('re', Rect(559.5399780273438, 635.0199584960938, 560.0199584960938, 635.5), 1)
  ('re', Rect(27.84000015258789, 635.5, 28.31999969482422, 652.1799926757812), 1)
  ('re', Rect(27.84000015258789, 652.1799926757812, 28.31999969482422, 652.6599731445312), 1)
  ('re', Rect(27.84000015258789, 652.1799926757812, 28.31999969482422, 652.6599731445312), 1)
  ('re', Rect(28.31999969482422, 652.1799926757812, 153.01998901367188, 652.6599731445312), 1)
  ('re', Rect(153.02000427246094, 635.5, 153.5, 652.1799926757812), 1)
  ('re', Rect(153.02000427246094, 652.1799926757812, 153.5, 652.6599731445312), 1)
  ('re', Rect(153.5, 652.1799926757812, 559.530029296875, 652.6599731445312), 1)
  ('re', Rect(559.5399780273438, 635.5, 560.0199584960938, 652.1799926757812), 1)
  ('re', Rect(559.5399780273438, 652.1799926757812, 560.0199584960938, 652.6599731445312), 1)
  ('re', Rect(559.5399780273438, 652.1799926757812, 560.0199584960938, 652.6599731445312), 1)
  ('re', Rect(26.639999389648438, 660.699951171875, 568.2999877929688, 669.699951171875), 1)
  ('re', Rect(26.639999389648438, 669.699951171875, 568.2999877929688, 678.699951171875), 1)
  ('re', Rect(26.639999389648438, 678.699951171875, 568.2999877929688, 687.5799560546875), 1)
  ('re', Rect(26.639999389648438, 687.5799560546875, 568.2999877929688, 696.5799560546875), 1)
  ('re', Rect(26.639999389648438, 696.5799560546875, 568.2999877929688, 705.5799560546875), 1)
  ('re', Rect(26.639999389648438, 705.5799560546875, 568.2999877929688, 714.5799560546875), 1)
  ('re', Rect(26.639999389648438, 714.5799560546875, 568.2999877929688, 723.5799560546875), 1)
  ('re', Rect(26.639999389648438, 723.5799560546875, 568.2999877929688, 732.5799560546875), 1)
  ('re', Rect(26.639999389648438, 732.5799560546875, 525.8200073242188, 740.6199951171875), 1)
  ('re', Rect(26.639999389648438, 740.615966796875, 525.8200073242188, 748.656005859375), 1)
  ('re', Rect(26.639999389648438, 748.656005859375, 525.8200073242188, 756.6959838867188), 1)
  ('re', Rect(26.639999389648438, 756.6959838867188, 525.8200073242188, 764.7359619140625), 1)
  ('re', Rect(26.639999389648438, 764.7359619140625, 568.2999877929688, 773.7359619140625), 1)
  ('re', Rect(26.639999389648438, 773.7359619140625, 568.2999877929688, 781.7760009765625), 1)
  ('re', Rect(26.639999389648438, 781.7760009765625, 568.2999877929688, 790.7760009765625), 1)
  ('re', Rect(26.639999389648438, 790.7760009765625, 568.2999877929688, 799.7760009765625), 1)
  ('re', Rect(26.639999389648438, 799.7760009765625, 568.2999877929688, 807.8399658203125), 1)
  ('re', Rect(26.639999389648438, 807.8399658203125, 511.29998779296875, 816.9599609375), 1)
=== PAGE 8 GRAPHICS ===
  ('re', Rect(26.639999389648438, 14.15997314453125, 561.2200317382812, 28.79998779296875), 1)
  ('re', Rect(27.84000015258789, 28.79998779296875, 28.31999969482422, 29.27996826171875), 1)
  ('re', Rect(27.84000015258789, 28.79998779296875, 28.31999969482422, 29.27996826171875), 1)
  ('re', Rect(28.31999969482422, 28.79998779296875, 153.01998901367188, 29.27996826171875), 1)
  ('re', Rect(153.02000427246094, 28.79998779296875, 153.5, 29.27996826171875), 1)
  ('re', Rect(153.5, 28.79998779296875, 221.44400024414062, 29.27996826171875), 1)
  ('re', Rect(221.4499969482422, 28.79998779296875, 221.9300079345703, 29.27996826171875), 1)
  ('re', Rect(221.92999267578125, 28.79998779296875, 342.42999267578125, 29.27996826171875), 1)
  ('re', Rect(342.42999267578125, 28.79998779296875, 342.9100036621094, 29.27996826171875), 1)
  ('re', Rect(342.42999267578125, 28.79998779296875, 342.9100036621094, 29.27996826171875), 1)
  ('re', Rect(27.84000015258789, 29.27996826171875, 28.31999969482422, 45.1199951171875), 1)
  ('re', Rect(153.02000427246094, 29.27996826171875, 153.5, 45.1199951171875), 1)
  ('re', Rect(221.4499969482422, 29.27996826171875, 221.9300079345703, 45.1199951171875), 1)
  ('re', Rect(342.42999267578125, 29.27996826171875, 342.9100036621094, 45.1199951171875), 1)
  ('re', Rect(157.22000122070312, 46.67999267578125, 217.7239990234375, 61.20001220703125), 1)
  ('re', Rect(27.84000015258789, 45.1199951171875, 28.31999969482422, 45.5999755859375), 1)
  ('re', Rect(28.31999969482422, 45.1199951171875, 153.01998901367188, 45.5999755859375), 1)
  ('re', Rect(153.02000427246094, 45.1199951171875, 153.5, 45.5999755859375), 1)
  ('re', Rect(153.5, 45.1199951171875, 221.44400024414062, 45.5999755859375), 1)
  ('re', Rect(221.4499969482422, 45.1199951171875, 221.9300079345703, 45.5999755859375), 1)
  ('re', Rect(221.92999267578125, 45.1199951171875, 342.42999267578125, 45.5999755859375), 1)
  ('re', Rect(342.42999267578125, 45.1199951171875, 342.9100036621094, 45.5999755859375), 1)
  ('re', Rect(342.9100036621094, 45.1199951171875, 559.530029296875, 45.5999755859375), 1)
  ('re', Rect(559.5399780273438, 45.1199951171875, 560.0199584960938, 45.5999755859375), 1)
  ('re', Rect(27.84000015258789, 45.5999755859375, 28.31999969482422, 62.27996826171875), 1)
  ('re', Rect(153.02000427246094, 45.5999755859375, 153.5, 62.27996826171875), 1)
  ('re', Rect(221.4499969482422, 45.5999755859375, 221.9300079345703, 62.27996826171875), 1)
  ('re', Rect(342.42999267578125, 45.5999755859375, 342.9100036621094, 62.27996826171875), 1)
  ('re', Rect(559.5399780273438, 45.5999755859375, 560.0199584960938, 62.27996826171875), 1)
  ('re', Rect(27.84000015258789, 62.280029296875, 28.31999969482422, 62.760009765625), 1)
  ('re', Rect(28.31999969482422, 62.280029296875, 153.01998901367188, 62.760009765625), 1)
  ('re', Rect(153.02000427246094, 62.280029296875, 153.5, 62.760009765625), 1)
  ('re', Rect(153.5, 62.280029296875, 221.44400024414062, 62.760009765625), 1)
  ('re', Rect(221.4499969482422, 62.280029296875, 221.9300079345703, 62.760009765625), 1)
  ('re', Rect(221.92999267578125, 62.280029296875, 342.42999267578125, 62.760009765625), 1)
  ('re', Rect(342.42999267578125, 62.280029296875, 342.9100036621094, 62.760009765625), 1)
  ('re', Rect(342.9100036621094, 62.280029296875, 559.530029296875, 62.760009765625), 1)
  ('re', Rect(559.5399780273438, 62.280029296875, 560.0199584960938, 62.760009765625), 1)
  ('re', Rect(27.84000015258789, 62.7559814453125, 28.31999969482422, 92.05999755859375), 1)
  ('re', Rect(153.02000427246094, 62.7559814453125, 153.5, 92.05999755859375), 1)
  ('re', Rect(221.4499969482422, 62.7559814453125, 221.9300079345703, 92.05999755859375), 1)
  ('re', Rect(342.42999267578125, 62.7559814453125, 342.9100036621094, 92.05999755859375), 1)
  ('re', Rect(559.5399780273438, 62.7559814453125, 560.0199584960938, 92.05999755859375), 1)
  ('re', Rect(27.84000015258789, 92.05999755859375, 28.31999969482422, 92.53997802734375), 1)
  ('re', Rect(28.31999969482422, 92.05999755859375, 153.01998901367188, 92.53997802734375), 1)
  ('re', Rect(153.02000427246094, 92.05999755859375, 153.5, 92.53997802734375), 1)
  ('re', Rect(153.5, 92.05999755859375, 221.44400024414062, 92.53997802734375), 1)
  ('re', Rect(221.4499969482422, 92.05999755859375, 221.9300079345703, 92.53997802734375), 1)
  ('re', Rect(221.92999267578125, 92.05999755859375, 342.42999267578125, 92.53997802734375), 1)
  ('re', Rect(342.42999267578125, 92.05999755859375, 342.9100036621094, 92.53997802734375), 1)
  ('re', Rect(342.9100036621094, 92.05999755859375, 559.530029296875, 92.53997802734375), 1)
  ('re', Rect(559.5399780273438, 92.05999755859375, 560.0199584960938, 92.53997802734375), 1)
  ('re', Rect(27.84000015258789, 92.53997802734375, 28.31999969482422, 109.219970703125), 1)
  ('re', Rect(27.84000015258789, 109.22003173828125, 28.31999969482422, 109.70001220703125), 1)
  ('re', Rect(27.84000015258789, 109.22003173828125, 28.31999969482422, 109.70001220703125), 1)
  ('re', Rect(28.31999969482422, 109.22003173828125, 153.01998901367188, 109.70001220703125), 1)
  ('re', Rect(153.02000427246094, 92.53997802734375, 153.5, 109.219970703125), 1)
  ('re', Rect(153.02000427246094, 109.22003173828125, 153.5, 109.70001220703125), 1)
  ('re', Rect(153.5, 109.22003173828125, 559.530029296875, 109.70001220703125), 1)
  ('re', Rect(559.5399780273438, 92.53997802734375, 560.0199584960938, 109.219970703125), 1)
  ('re', Rect(559.5399780273438, 109.22003173828125, 560.0199584960938, 109.70001220703125), 1)
  ('re', Rect(559.5399780273438, 109.22003173828125, 560.0199584960938, 109.70001220703125), 1)
  ('re', Rect(26.639999389648438, 115.70001220703125, 511.29998779296875, 124.94000244140625), 1)
  ('re', Rect(26.639999389648438, 124.93994140625, 561.2200317382812, 139.4599609375), 1)
  ('re', Rect(205.3699951171875, 139.94000244140625, 559.5400390625, 158.05999755859375), 1)
  ('re', Rect(210.77000427246094, 142.0999755859375, 554.3800048828125, 155.89996337890625), 1)
  ('re', Rect(209.4499969482422, 142.0999755859375, 555.9400024414062, 155.89996337890625), 1)
  ('re', Rect(28.31999969482422, 139.94000244140625, 205.1300048828125, 158.05999755859375), 1)
  ('re', Rect(33.47999954223633, 142.70001220703125, 199.97000122070312, 155.29998779296875), 1)
  ('re', Rect(32.15999984741211, 142.70001220703125, 201.52999877929688, 155.29998779296875), 1)
  ('re', Rect(27.84000015258789, 139.46002197265625, 28.31999969482422, 139.94000244140625), 1)
  ('re', Rect(27.84000015258789, 139.46002197265625, 28.31999969482422, 139.94000244140625), 1)
  ('re', Rect(28.31999969482422, 139.46002197265625, 205.1300048828125, 139.94000244140625), 1)
  ('re', Rect(205.1300048828125, 139.46002197265625, 205.61000061035156, 139.94000244140625), 1)
  ('re', Rect(205.1300048828125, 139.46002197265625, 205.61000061035156, 139.94000244140625), 1)
  ('re', Rect(205.61000061035156, 139.46002197265625, 559.780029296875, 139.94000244140625), 1)
  ('re', Rect(27.84000015258789, 139.94000244140625, 28.31999969482422, 158.05999755859375), 1)
  ('re', Rect(205.1300048828125, 139.94000244140625, 205.61000061035156, 158.05999755859375), 1)
  ('re', Rect(205.61000061035156, 158.53997802734375, 559.5399780273438, 171.13995361328125), 1)
  ('re', Rect(210.77000427246094, 158.53997802734375, 554.3800048828125, 171.13995361328125), 1)
  ('re', Rect(209.4499969482422, 158.53997802734375, 555.9400024414062, 171.13995361328125), 1)
  ('re', Rect(28.31999969482422, 158.53997802734375, 205.1300048828125, 171.13995361328125), 1)
  ('re', Rect(33.47999954223633, 158.53997802734375, 199.97000122070312, 171.13995361328125), 1)
  ('re', Rect(32.15999984741211, 158.53997802734375, 201.52999877929688, 171.13995361328125), 1)
  ('re', Rect(27.84000015258789, 158.05999755859375, 28.31999969482422, 158.53997802734375), 1)
  ('re', Rect(28.31999969482422, 158.05999755859375, 205.1300048828125, 158.53997802734375), 1)
  ('re', Rect(205.1300048828125, 158.05999755859375, 205.61000061035156, 158.53997802734375), 1)
  ('re', Rect(205.61000061035156, 158.05999755859375, 559.5399780273438, 158.53997802734375), 1)
  ('re', Rect(559.5399780273438, 158.05999755859375, 560.0199584960938, 158.53997802734375), 1)
  ('re', Rect(27.84000015258789, 158.53997802734375, 28.31999969482422, 171.13995361328125), 1)
  ('re', Rect(205.1300048828125, 158.53997802734375, 205.61000061035156, 171.13995361328125), 1)
  ('re', Rect(559.5399780273438, 158.53997802734375, 560.0199584960938, 171.13995361328125), 1)
  ('re', Rect(205.61000061035156, 171.1400146484375, 559.5399780273438, 183.8599853515625), 1)
  ('re', Rect(210.77000427246094, 171.1400146484375, 554.3800048828125, 183.8599853515625), 1)
  ('re', Rect(209.4499969482422, 171.1400146484375, 555.9400024414062, 183.8599853515625), 1)
  ('re', Rect(28.31999969482422, 171.1400146484375, 205.1300048828125, 183.8599853515625), 1)
  ('re', Rect(33.47999954223633, 171.1400146484375, 199.97000122070312, 183.8599853515625), 1)
  ('re', Rect(32.15999984741211, 171.1400146484375, 201.52999877929688, 183.8599853515625), 1)
  ('re', Rect(27.84000015258789, 171.1400146484375, 28.31999969482422, 183.8599853515625), 1)
  ('re', Rect(205.1300048828125, 171.1400146484375, 205.61000061035156, 183.8599853515625), 1)
  ('re', Rect(559.5399780273438, 171.1400146484375, 560.0199584960938, 183.8599853515625), 1)
  ('re', Rect(304.010009765625, 183.8599853515625, 559.780029296875, 197.65997314453125), 1)
  ('re', Rect(309.1700134277344, 183.8599853515625, 554.3800048828125, 197.65997314453125), 1)
  ('re', Rect(307.8500061035156, 183.8599853515625, 555.9400024414062, 197.65997314453125), 1)
  ('re', Rect(205.3699951171875, 183.8599853515625, 303.5299987792969, 197.65997314453125), 1)
  ('re', Rect(210.77000427246094, 183.8599853515625, 298.3699951171875, 196.4599609375), 1)
  ('re', Rect(209.4499969482422, 183.8599853515625, 299.92999267578125, 196.4599609375), 1)
  ('re', Rect(28.31999969482422, 183.8599853515625, 205.1300048828125, 197.65997314453125), 1)
  ('re', Rect(33.47999954223633, 183.8599853515625, 199.97000122070312, 196.4599609375), 1)
  ('re', Rect(32.15999984741211, 183.8599853515625, 201.52999877929688, 196.4599609375), 1)
  ('re', Rect(27.84000015258789, 183.8599853515625, 28.31999969482422, 197.65997314453125), 1)
  ('re', Rect(205.1300048828125, 183.8599853515625, 205.61000061035156, 197.65997314453125), 1)
  ('re', Rect(559.5399780273438, 183.8599853515625, 560.0199584960938, 197.65997314453125), 1)
  ('re', Rect(205.61000061035156, 198.1400146484375, 559.5399780273438, 211.70001220703125), 1)
  ('re', Rect(210.77000427246094, 198.1400146484375, 554.3800048828125, 211.70001220703125), 1)
  ('re', Rect(209.4499969482422, 198.1400146484375, 555.9400024414062, 211.70001220703125), 1)
  ('re', Rect(28.31999969482422, 198.1400146484375, 205.1300048828125, 211.70001220703125), 1)
  ('re', Rect(33.47999954223633, 198.1400146484375, 199.97000122070312, 210.739990234375), 1)
  ('re', Rect(32.15999984741211, 198.1400146484375, 201.52999877929688, 210.739990234375), 1)
  ('re', Rect(27.84000015258789, 197.65997314453125, 28.31999969482422, 198.13995361328125), 1)
  ('re', Rect(28.31999969482422, 197.65997314453125, 205.1300048828125, 198.13995361328125), 1)
  ('re', Rect(205.1300048828125, 197.65997314453125, 205.61000061035156, 198.13995361328125), 1)
  ('re', Rect(205.61000061035156, 197.65997314453125, 303.77001953125, 198.13995361328125), 1)
  ('re', Rect(303.7699890136719, 197.65997314453125, 304.25, 198.13995361328125), 1)
  ('re', Rect(304.25, 197.65997314453125, 559.5399780273438, 198.13995361328125), 1)
  ('re', Rect(559.5399780273438, 197.65997314453125, 560.0199584960938, 198.13995361328125), 1)
  ('re', Rect(27.84000015258789, 198.1400146484375, 28.31999969482422, 211.70001220703125), 1)
  ('re', Rect(205.1300048828125, 198.1400146484375, 205.61000061035156, 211.70001220703125), 1)
  ('re', Rect(559.5399780273438, 198.1400146484375, 560.0199584960938, 211.70001220703125), 1)
  ('re', Rect(205.61000061035156, 211.70001220703125, 559.5399780273438, 225.260009765625), 1)
  ('re', Rect(210.77000427246094, 211.70001220703125, 554.3800048828125, 225.260009765625), 1)
  ('re', Rect(209.4499969482422, 211.70001220703125, 555.9400024414062, 225.260009765625), 1)
  ('re', Rect(28.31999969482422, 211.70001220703125, 205.1300048828125, 225.260009765625), 1)
  ('re', Rect(33.47999954223633, 211.70001220703125, 199.97000122070312, 224.29998779296875), 1)
  ('re', Rect(32.15999984741211, 211.70001220703125, 201.52999877929688, 224.29998779296875), 1)
  ('re', Rect(27.84000015258789, 211.70001220703125, 28.31999969482422, 225.260009765625), 1)
  ('re', Rect(205.1300048828125, 211.70001220703125, 205.61000061035156, 225.260009765625), 1)
  ('re', Rect(559.5399780273438, 211.70001220703125, 560.0199584960938, 225.260009765625), 1)
  ('re', Rect(205.61000061035156, 225.25994873046875, 559.5399780273438, 242.77996826171875), 1)
  ('re', Rect(210.77000427246094, 225.260009765625, 554.3800048828125, 238.82000732421875), 1)
  ('re', Rect(209.4499969482422, 225.260009765625, 555.9400024414062, 238.82000732421875), 1)
  ('re', Rect(28.31999969482422, 225.25994873046875, 205.1300048828125, 242.77996826171875), 1)
  ('re', Rect(33.47999954223633, 225.260009765625, 199.97000122070312, 237.97998046875), 1)
  ('re', Rect(32.15999984741211, 225.260009765625, 201.52999877929688, 237.97998046875), 1)
  ('re', Rect(27.84000015258789, 225.25994873046875, 28.31999969482422, 242.89996337890625), 1)
  ('re', Rect(27.84000015258789, 242.9000244140625, 28.31999969482422, 243.3800048828125), 1)
  ('re', Rect(27.84000015258789, 242.9000244140625, 28.31999969482422, 243.3800048828125), 1)
  ('re', Rect(28.31999969482422, 242.9000244140625, 205.1300048828125, 243.3800048828125), 1)
  ('re', Rect(205.1300048828125, 225.25994873046875, 205.61000061035156, 242.89996337890625), 1)
  ('re', Rect(205.1300048828125, 242.9000244140625, 205.61000061035156, 243.3800048828125), 1)
  ('re', Rect(205.61000061035156, 242.9000244140625, 559.5399780273438, 243.3800048828125), 1)
  ('re', Rect(559.5399780273438, 225.25994873046875, 560.0199584960938, 242.89996337890625), 1)
  ('re', Rect(559.5399780273438, 242.9000244140625, 560.0199584960938, 243.3800048828125), 1)
  ('re', Rect(559.5399780273438, 242.9000244140625, 560.0199584960938, 243.3800048828125), 1)
  ('re', Rect(26.639999389648438, 249.3800048828125, 547.2999877929688, 257.41998291015625), 1)
  ('re', Rect(28.079999923706055, 257.42596435546875, 559.5400390625, 276.04998779296875), 1)
  ('re', Rect(33.47999954223633, 257.42596435546875, 554.1399536132812, 276.04998779296875), 1)
  ('re', Rect(471.70001220703125, 333.28997802734375, 555.9400024414062, 345.8899841308594), 1)
  ('re', Rect(344.1099853515625, 316.010009765625, 463.7699890136719, 328.6099853515625), 1)
  ('re', Rect(216.41000366210938, 316.010009765625, 336.19000244140625, 328.6099853515625), 1)
  ('re', Rect(86.66400146484375, 316.010009765625, 208.4840087890625, 328.6099853515625), 1)
  ('re', Rect(32.040000915527344, 320.69000244140625, 78.6240005493164, 333.28997802734375), 1)
  ('re', Rect(32.040000915527344, 333.28997802734375, 78.6240005493164, 345.8899841308594), 1)
  ('re', Rect(32.040000915527344, 345.8899841308594, 78.6240005493164, 358.6099853515625), 1)
  ('re', Rect(27.84000015258789, 312.16998291015625, 28.31999969482422, 312.64996337890625), 1)
  ('re', Rect(27.84000015258789, 312.16998291015625, 28.31999969482422, 312.64996337890625), 1)
  ('re', Rect(28.31999969482422, 312.16998291015625, 82.343994140625, 312.64996337890625), 1)
  ('re', Rect(82.34400177001953, 312.16998291015625, 82.82400512695312, 312.64996337890625), 1)
  ('re', Rect(82.8239974975586, 312.16998291015625, 212.083984375, 312.64996337890625), 1)
  ('re', Rect(212.08999633789062, 312.16998291015625, 212.57000732421875, 312.64996337890625), 1)
  ('re', Rect(212.57000732421875, 312.16998291015625, 339.7900085449219, 312.64996337890625), 1)
  ('re', Rect(339.7900085449219, 312.16998291015625, 340.27001953125, 312.64996337890625), 1)
  ('re', Rect(340.2699890136719, 312.16998291015625, 467.3699951171875, 312.64996337890625), 1)
  ('re', Rect(467.3800048828125, 312.16998291015625, 467.8600158691406, 312.64996337890625), 1)
  ('re', Rect(467.8599853515625, 312.16998291015625, 559.5399780273438, 312.64996337890625), 1)
  ('re', Rect(559.5399780273438, 312.16998291015625, 560.0199584960938, 312.64996337890625), 1)
  ('re', Rect(559.5399780273438, 312.16998291015625, 560.0199584960938, 312.64996337890625), 1)
  ('re', Rect(27.84000015258789, 312.64996337890625, 28.31999969482422, 331.969970703125), 1)
  ('re', Rect(82.34400177001953, 312.64996337890625, 82.82400512695312, 331.969970703125), 1)
  ('re', Rect(212.08999633789062, 312.64996337890625, 212.57000732421875, 331.969970703125), 1)
  ('re', Rect(339.7900085449219, 312.64996337890625, 340.27001953125, 331.969970703125), 1)
  ('re', Rect(467.3800048828125, 312.64996337890625, 467.8600158691406, 331.969970703125), 1)
  ('re', Rect(559.5399780273438, 312.64996337890625, 560.0199584960938, 331.969970703125), 1)
  ('re', Rect(436.3900146484375, 336.7699890136719, 463.7740173339844, 349.489990234375), 1)
  ('re', Rect(436.3900146484375, 349.489990234375, 463.7740173339844, 362.0899963378906), 1)
  ('re', Rect(393.7900085449219, 336.7699890136719, 428.4700012207031, 349.489990234375), 1)
  ('re', Rect(393.7900085449219, 349.489990234375, 428.4700012207031, 362.0899963378906), 1)
  ('re', Rect(344.1099853515625, 336.7699890136719, 385.8699951171875, 349.489990234375), 1)
  ('re', Rect(344.1099853515625, 349.489990234375, 385.8699951171875, 362.0899963378906), 1)
  ('re', Rect(308.69000244140625, 336.7699890136719, 336.1940002441406, 349.489990234375), 1)
  ('re', Rect(308.69000244140625, 349.489990234375, 336.1940002441406, 362.0899963378906), 1)
  ('re', Rect(266.0899963378906, 336.7699890136719, 300.7699890136719, 349.489990234375), 1)
  ('re', Rect(266.0899963378906, 349.489990234375, 300.7699890136719, 362.0899963378906), 1)
  ('re', Rect(216.2899932861328, 336.7699890136719, 258.16998291015625, 349.489990234375), 1)
  ('re', Rect(216.2899932861328, 349.489990234375, 258.16998291015625, 362.0899963378906), 1)
  ('re', Rect(180.97999572753906, 336.7699890136719, 208.48399353027344, 349.489990234375), 1)
  ('re', Rect(180.97999572753906, 349.489990234375, 208.48399353027344, 362.0899963378906), 1)
  ('re', Rect(138.3800048828125, 336.7699890136719, 173.05999755859375, 349.489990234375), 1)
  ('re', Rect(138.3800048828125, 349.489990234375, 173.05999755859375, 362.0899963378906), 1)
  ('re', Rect(86.54399871826172, 336.7699890136719, 130.4639892578125, 349.489990234375), 1)
  ('re', Rect(86.54399871826172, 349.489990234375, 130.4639892578125, 362.0899963378906), 1)
  ('re', Rect(27.84000015258789, 331.9700012207031, 28.31999969482422, 332.4499816894531), 1)
  ('re', Rect(82.34400177001953, 331.9700012207031, 82.82400512695312, 332.4499816894531), 1)
  ('re', Rect(82.8239974975586, 331.9700012207031, 134.06399536132812, 332.4499816894531), 1)
  ('re', Rect(134.05999755859375, 331.9700012207031, 134.54000854492188, 332.4499816894531), 1)
  ('re', Rect(134.5399932861328, 331.9700012207031, 176.6599884033203, 332.4499816894531), 1)
  ('re', Rect(176.66000366210938, 331.9700012207031, 177.13999938964844, 332.4499816894531), 1)
  ('re', Rect(177.13999938964844, 331.9700012207031, 212.08399963378906, 332.4499816894531), 1)
  ('re', Rect(212.08999633789062, 331.9700012207031, 212.57000732421875, 332.4499816894531), 1)
  ('re', Rect(212.57000732421875, 331.9700012207031, 261.8900146484375, 332.4499816894531), 1)
  ('re', Rect(261.8900146484375, 331.9700012207031, 262.3700256347656, 332.4499816894531), 1)
  ('re', Rect(262.3699951171875, 331.9700012207031, 304.3699951171875, 332.4499816894531), 1)
  ('re', Rect(304.3699951171875, 331.9700012207031, 304.8499755859375, 332.4499816894531), 1)
  ('re', Rect(304.8500061035156, 331.9700012207031, 339.79400634765625, 332.4499816894531), 1)
  ('re', Rect(339.7900085449219, 331.9700012207031, 340.27001953125, 332.4499816894531), 1)
  ('re', Rect(340.2699890136719, 331.9700012207031, 389.4700012207031, 332.4499816894531), 1)
  ('re', Rect(389.4700012207031, 331.9700012207031, 389.9499816894531, 332.4499816894531), 1)
  ('re', Rect(389.95001220703125, 331.9700012207031, 432.07000732421875, 332.4499816894531), 1)
  ('re', Rect(432.07000732421875, 331.9700012207031, 432.5500183105469, 332.4499816894531), 1)
  ('re', Rect(432.54998779296875, 331.9700012207031, 467.3739929199219, 332.4499816894531), 1)
  ('re', Rect(467.3800048828125, 331.9700012207031, 467.8600158691406, 332.4499816894531), 1)
  ('re', Rect(559.5399780273438, 331.9700012207031, 560.0199584960938, 332.4499816894531), 1)
  ('re', Rect(27.84000015258789, 332.449951171875, 28.31999969482422, 366.52996826171875), 1)
  ('re', Rect(82.34400177001953, 332.449951171875, 82.82400512695312, 366.52996826171875), 1)
  ('re', Rect(134.05999755859375, 332.449951171875, 134.54000854492188, 366.52996826171875), 1)
  ('re', Rect(176.66000366210938, 332.449951171875, 177.13999938964844, 366.52996826171875), 1)
  ('re', Rect(212.08999633789062, 332.449951171875, 212.57000732421875, 366.52996826171875), 1)
  ('re', Rect(261.8900146484375, 332.449951171875, 262.3700256347656, 366.52996826171875), 1)
  ('re', Rect(304.3699951171875, 332.449951171875, 304.8499755859375, 366.52996826171875), 1)
  ('re', Rect(339.7900085449219, 332.449951171875, 340.27001953125, 366.52996826171875), 1)
  ('re', Rect(389.4700012207031, 332.449951171875, 389.9499816894531, 366.52996826171875), 1)
  ('re', Rect(432.07000732421875, 332.449951171875, 432.5500183105469, 366.52996826171875), 1)
  ('re', Rect(467.3800048828125, 332.449951171875, 467.8600158691406, 366.52996826171875), 1)
  ('re', Rect(559.5399780273438, 332.449951171875, 560.0199584960938, 366.52996826171875), 1)
  ('re', Rect(471.70001220703125, 367.0099792480469, 555.9400024414062, 379.6099853515625), 1)
  ('re', Rect(436.3900146484375, 367.0099792480469, 463.7740173339844, 379.6099853515625), 1)
  ('re', Rect(393.7900085449219, 367.0099792480469, 428.4700012207031, 379.6099853515625), 1)
  ('re', Rect(344.1099853515625, 367.0099792480469, 385.8699951171875, 379.6099853515625), 1)
  ('re', Rect(308.69000244140625, 367.0099792480469, 336.1940002441406, 379.6099853515625), 1)
  ('re', Rect(266.0899963378906, 367.0099792480469, 300.7699890136719, 379.6099853515625), 1)
  ('re', Rect(216.2899932861328, 367.0099792480469, 258.16998291015625, 379.6099853515625), 1)
  ('re', Rect(180.97999572753906, 367.0099792480469, 208.48399353027344, 379.6099853515625), 1)
  ('re', Rect(138.3800048828125, 367.0099792480469, 173.05999755859375, 379.6099853515625), 1)
  ('re', Rect(86.54399871826172, 367.0099792480469, 130.4639892578125, 379.6099853515625), 1)
  ('re', Rect(32.040000915527344, 367.0099792480469, 78.6240005493164, 379.6099853515625), 1)
  ('re', Rect(27.84000015258789, 366.5299987792969, 28.31999969482422, 367.0099792480469), 1)
  ('re', Rect(28.31999969482422, 366.5299987792969, 82.343994140625, 367.0099792480469), 1)
  ('re', Rect(82.34400177001953, 366.5299987792969, 82.82400512695312, 367.0099792480469), 1)
  ('re', Rect(82.8239974975586, 366.5299987792969, 134.06399536132812, 367.0099792480469), 1)
  ('re', Rect(134.05999755859375, 366.5299987792969, 134.54000854492188, 367.0099792480469), 1)
  ('re', Rect(134.5399932861328, 366.5299987792969, 176.6599884033203, 367.0099792480469), 1)
  ('re', Rect(176.66000366210938, 366.5299987792969, 177.13999938964844, 367.0099792480469), 1)
  ('re', Rect(177.13999938964844, 366.5299987792969, 212.08399963378906, 367.0099792480469), 1)
  ('re', Rect(212.08999633789062, 366.5299987792969, 212.57000732421875, 367.0099792480469), 1)
  ('re', Rect(212.57000732421875, 366.5299987792969, 261.8900146484375, 367.0099792480469), 1)
  ('re', Rect(261.8900146484375, 366.5299987792969, 262.3700256347656, 367.0099792480469), 1)
  ('re', Rect(262.3699951171875, 366.5299987792969, 304.3699951171875, 367.0099792480469), 1)
  ('re', Rect(304.3699951171875, 366.5299987792969, 304.8499755859375, 367.0099792480469), 1)
  ('re', Rect(304.8500061035156, 366.5299987792969, 339.79400634765625, 367.0099792480469), 1)
  ('re', Rect(339.7900085449219, 366.5299987792969, 340.27001953125, 367.0099792480469), 1)
  ('re', Rect(340.2699890136719, 366.5299987792969, 389.4700012207031, 367.0099792480469), 1)
  ('re', Rect(389.4700012207031, 366.5299987792969, 389.9499816894531, 367.0099792480469), 1)
  ('re', Rect(389.95001220703125, 366.5299987792969, 432.07000732421875, 367.0099792480469), 1)
  ('re', Rect(432.07000732421875, 366.5299987792969, 432.5500183105469, 367.0099792480469), 1)
  ('re', Rect(432.54998779296875, 366.5299987792969, 467.3739929199219, 367.0099792480469), 1)
  ('re', Rect(467.3800048828125, 366.5299987792969, 467.8600158691406, 367.0099792480469), 1)
  ('re', Rect(467.8599853515625, 366.5299987792969, 559.5399780273438, 367.0099792480469), 1)
  ('re', Rect(559.5399780273438, 366.5299987792969, 560.0199584960938, 367.0099792480469), 1)
  ('re', Rect(27.84000015258789, 367.0099792480469, 28.31999969482422, 379.6099853515625), 1)
  ('re', Rect(82.34400177001953, 367.0099792480469, 82.82400512695312, 379.6099853515625), 1)
  ('re', Rect(134.05999755859375, 367.0099792480469, 134.54000854492188, 379.6099853515625), 1)
  ('re', Rect(176.66000366210938, 367.0099792480469, 177.13999938964844, 379.6099853515625), 1)
  ('re', Rect(212.08999633789062, 367.0099792480469, 212.57000732421875, 379.6099853515625), 1)
  ('re', Rect(261.8900146484375, 367.0099792480469, 262.3700256347656, 379.6099853515625), 1)
  ('re', Rect(304.3699951171875, 367.0099792480469, 304.8499755859375, 379.6099853515625), 1)
  ('re', Rect(339.7900085449219, 367.0099792480469, 340.27001953125, 379.6099853515625), 1)
  ('re', Rect(389.4700012207031, 367.0099792480469, 389.9499816894531, 379.6099853515625), 1)
  ('re', Rect(432.07000732421875, 367.0099792480469, 432.5500183105469, 379.6099853515625), 1)
  ('re', Rect(467.3800048828125, 367.0099792480469, 467.8600158691406, 379.6099853515625), 1)
  ('re', Rect(559.5399780273438, 367.0099792480469, 560.0199584960938, 379.6099853515625), 1)
  ('re', Rect(471.70001220703125, 379.6099853515625, 555.9400024414062, 392.3299865722656), 1)
  ('re', Rect(436.3900146484375, 379.6099853515625, 463.7740173339844, 392.3299865722656), 1)
  ('re', Rect(393.7900085449219, 379.6099853515625, 428.4700012207031, 392.3299865722656), 1)
  ('re', Rect(344.1099853515625, 379.6099853515625, 385.8699951171875, 392.3299865722656), 1)
  ('re', Rect(308.69000244140625, 379.6099853515625, 336.1940002441406, 392.3299865722656), 1)
  ('re', Rect(266.0899963378906, 379.6099853515625, 300.7699890136719, 392.3299865722656), 1)
  ('re', Rect(216.2899932861328, 379.6099853515625, 258.16998291015625, 392.3299865722656), 1)
  ('re', Rect(180.97999572753906, 379.6099853515625, 208.48399353027344, 392.3299865722656), 1)
  ('re', Rect(138.3800048828125, 379.6099853515625, 173.05999755859375, 392.3299865722656), 1)
  ('re', Rect(86.54399871826172, 379.6099853515625, 130.4639892578125, 392.3299865722656), 1)
  ('re', Rect(32.040000915527344, 379.6099853515625, 78.6240005493164, 392.3299865722656), 1)
  ('re', Rect(27.84000015258789, 379.6099853515625, 28.31999969482422, 392.3299865722656), 1)
  ('re', Rect(82.34400177001953, 379.6099853515625, 82.82400512695312, 392.3299865722656), 1)
  ('re', Rect(134.05999755859375, 379.6099853515625, 134.54000854492188, 392.3299865722656), 1)
  ('re', Rect(176.66000366210938, 379.6099853515625, 177.13999938964844, 392.3299865722656), 1)
  ('re', Rect(212.08999633789062, 379.6099853515625, 212.57000732421875, 392.3299865722656), 1)
  ('re', Rect(261.8900146484375, 379.6099853515625, 262.3700256347656, 392.3299865722656), 1)
  ('re', Rect(304.3699951171875, 379.6099853515625, 304.8499755859375, 392.3299865722656), 1)
  ('re', Rect(339.7900085449219, 379.6099853515625, 340.27001953125, 392.3299865722656), 1)
  ('re', Rect(389.4700012207031, 379.6099853515625, 389.9499816894531, 392.3299865722656), 1)
  ('re', Rect(432.07000732421875, 379.6099853515625, 432.5500183105469, 392.3299865722656), 1)
  ('re', Rect(467.3800048828125, 379.6099853515625, 467.8600158691406, 392.3299865722656), 1)
  ('re', Rect(559.5399780273438, 379.6099853515625, 560.0199584960938, 392.3299865722656), 1)
  ('re', Rect(471.70001220703125, 393.16998291015625, 555.9400024414062, 405.7699890136719), 1)
  ('re', Rect(436.3900146484375, 393.16998291015625, 463.7740173339844, 405.7699890136719), 1)
  ('re', Rect(393.7900085449219, 393.16998291015625, 428.4700012207031, 405.7699890136719), 1)
  ('re', Rect(344.1099853515625, 393.16998291015625, 385.8699951171875, 405.7699890136719), 1)
  ('re', Rect(308.69000244140625, 393.16998291015625, 336.1940002441406, 405.7699890136719), 1)
  ('re', Rect(266.0899963378906, 393.16998291015625, 300.7699890136719, 405.7699890136719), 1)
  ('re', Rect(216.2899932861328, 393.16998291015625, 258.16998291015625, 405.7699890136719), 1)
  ('re', Rect(180.97999572753906, 393.16998291015625, 208.48399353027344, 405.7699890136719), 1)
  ('re', Rect(138.3800048828125, 393.16998291015625, 173.05999755859375, 405.7699890136719), 1)
  ('re', Rect(86.54399871826172, 393.16998291015625, 130.4639892578125, 405.7699890136719), 1)
  ('re', Rect(32.040000915527344, 393.16998291015625, 78.6240005493164, 405.7699890136719), 1)
  ('re', Rect(27.84000015258789, 392.3299865722656, 28.31999969482422, 406.6099853515625), 1)
  ('re', Rect(82.34400177001953, 392.3299865722656, 82.82400512695312, 406.6099853515625), 1)
  ('re', Rect(134.05999755859375, 392.3299865722656, 134.54000854492188, 406.6099853515625), 1)
  ('re', Rect(176.66000366210938, 392.3299865722656, 177.13999938964844, 406.6099853515625), 1)
  ('re', Rect(212.08999633789062, 392.3299865722656, 212.57000732421875, 406.6099853515625), 1)
  ('re', Rect(261.8900146484375, 392.3299865722656, 262.3700256347656, 406.6099853515625), 1)
  ('re', Rect(304.3699951171875, 392.3299865722656, 304.8499755859375, 406.6099853515625), 1)
  ('re', Rect(339.7900085449219, 392.3299865722656, 340.27001953125, 406.6099853515625), 1)
  ('re', Rect(389.4700012207031, 392.3299865722656, 389.9499816894531, 406.6099853515625), 1)
  ('re', Rect(432.07000732421875, 392.3299865722656, 432.5500183105469, 406.6099853515625), 1)
  ('re', Rect(467.3800048828125, 392.3299865722656, 467.8600158691406, 406.6099853515625), 1)
  ('re', Rect(559.5399780273438, 392.3299865722656, 560.0199584960938, 406.6099853515625), 1)
  ('re', Rect(471.70001220703125, 406.6099853515625, 555.9400024414062, 419.2099914550781), 1)
  ('re', Rect(436.3900146484375, 406.6099853515625, 463.7740173339844, 419.2099914550781), 1)
  ('re', Rect(393.7900085449219, 406.6099853515625, 428.4700012207031, 419.2099914550781), 1)
  ('re', Rect(344.1099853515625, 406.6099853515625, 385.8699951171875, 419.2099914550781), 1)
  ('re', Rect(308.69000244140625, 406.6099853515625, 336.1940002441406, 419.2099914550781), 1)
  ('re', Rect(266.0899963378906, 406.6099853515625, 300.7699890136719, 419.2099914550781), 1)
  ('re', Rect(216.2899932861328, 406.6099853515625, 258.16998291015625, 419.2099914550781), 1)
  ('re', Rect(180.97999572753906, 406.6099853515625, 208.48399353027344, 419.2099914550781), 1)
  ('re', Rect(138.3800048828125, 406.6099853515625, 173.05999755859375, 419.2099914550781), 1)
  ('re', Rect(86.54399871826172, 406.6099853515625, 130.4639892578125, 419.2099914550781), 1)
  ('re', Rect(32.040000915527344, 406.6099853515625, 78.6240005493164, 419.2099914550781), 1)
  ('re', Rect(27.84000015258789, 406.6099853515625, 28.31999969482422, 419.2099914550781), 1)
  ('re', Rect(82.34400177001953, 406.6099853515625, 82.82400512695312, 419.2099914550781), 1)
  ('re', Rect(134.05999755859375, 406.6099853515625, 134.54000854492188, 419.2099914550781), 1)
  ('re', Rect(176.66000366210938, 406.6099853515625, 177.13999938964844, 419.2099914550781), 1)
  ('re', Rect(212.08999633789062, 406.6099853515625, 212.57000732421875, 419.2099914550781), 1)
  ('re', Rect(261.8900146484375, 406.6099853515625, 262.3700256347656, 419.2099914550781), 1)
  ('re', Rect(304.3699951171875, 406.6099853515625, 304.8499755859375, 419.2099914550781), 1)
  ('re', Rect(339.7900085449219, 406.6099853515625, 340.27001953125, 419.2099914550781), 1)
  ('re', Rect(389.4700012207031, 406.6099853515625, 389.9499816894531, 419.2099914550781), 1)
  ('re', Rect(432.07000732421875, 406.6099853515625, 432.5500183105469, 419.2099914550781), 1)
  ('re', Rect(467.3800048828125, 406.6099853515625, 467.8600158691406, 419.2099914550781), 1)
  ('re', Rect(559.5399780273438, 406.6099853515625, 560.0199584960938, 419.2099914550781), 1)
  ('re', Rect(471.70001220703125, 419.2099914550781, 555.9400024414062, 431.92999267578125), 1)
  ('re', Rect(436.3900146484375, 419.2099914550781, 463.7740173339844, 431.92999267578125), 1)
  ('re', Rect(393.7900085449219, 419.2099914550781, 428.4700012207031, 431.92999267578125), 1)
  ('re', Rect(344.1099853515625, 419.2099914550781, 385.8699951171875, 431.92999267578125), 1)
  ('re', Rect(308.69000244140625, 419.2099914550781, 336.1940002441406, 431.92999267578125), 1)
  ('re', Rect(266.0899963378906, 419.2099914550781, 300.7699890136719, 431.92999267578125), 1)
  ('re', Rect(216.2899932861328, 419.2099914550781, 258.16998291015625, 431.92999267578125), 1)
  ('re', Rect(180.97999572753906, 419.2099914550781, 208.48399353027344, 431.92999267578125), 1)
  ('re', Rect(138.3800048828125, 419.2099914550781, 173.05999755859375, 431.92999267578125), 1)
  ('re', Rect(86.54399871826172, 419.2099914550781, 130.4639892578125, 431.92999267578125), 1)
  ('re', Rect(32.040000915527344, 419.2099914550781, 78.6240005493164, 431.92999267578125), 1)
  ('re', Rect(27.84000015258789, 419.2099914550781, 28.31999969482422, 431.92999267578125), 1)
  ('re', Rect(82.34400177001953, 419.2099914550781, 82.82400512695312, 431.92999267578125), 1)
  ('re', Rect(134.05999755859375, 419.2099914550781, 134.54000854492188, 431.92999267578125), 1)
  ('re', Rect(176.66000366210938, 419.2099914550781, 177.13999938964844, 431.92999267578125), 1)
  ('re', Rect(212.08999633789062, 419.2099914550781, 212.57000732421875, 431.92999267578125), 1)
  ('re', Rect(261.8900146484375, 419.2099914550781, 262.3700256347656, 431.92999267578125), 1)
  ('re', Rect(304.3699951171875, 419.2099914550781, 304.8499755859375, 431.92999267578125), 1)
  ('re', Rect(339.7900085449219, 419.2099914550781, 340.27001953125, 431.92999267578125), 1)
  ('re', Rect(389.4700012207031, 419.2099914550781, 389.9499816894531, 431.92999267578125), 1)
  ('re', Rect(432.07000732421875, 419.2099914550781, 432.5500183105469, 431.92999267578125), 1)
  ('re', Rect(467.3800048828125, 419.2099914550781, 467.8600158691406, 431.92999267578125), 1)
  ('re', Rect(559.5399780273438, 419.2099914550781, 560.0199584960938, 431.92999267578125), 1)
  ('re', Rect(32.15999984741211, 432.4059753417969, 555.9400024414062, 446.22998046875), 1)
  ('re', Rect(32.15999984741211, 446.22998046875, 555.9400024414062, 458.8299865722656), 1)
  ('re', Rect(32.15999984741211, 458.8299865722656, 555.9400024414062, 472.6299743652344), 1)
  ('re', Rect(315.6499938964844, 482.5899658203125, 385.7539978027344, 495.1899719238281), 1)
  ('re', Rect(315.6499938964844, 495.1899719238281, 385.7539978027344, 507.78997802734375), 1)
  ('re', Rect(244.85000610351562, 475.26995849609375, 307.7300109863281, 487.7499694824219), 1)
  ('re', Rect(166.82000732421875, 481.5099792480469, 236.92401123046875, 494.1099853515625), 1)
  ('re', Rect(27.84000015258789, 472.6300048828125, 28.31999969482422, 473.1099853515625), 1)
  ('re', Rect(27.84000015258789, 472.6300048828125, 28.31999969482422, 473.1099853515625), 1)
  ('re', Rect(28.31999969482422, 472.6300048828125, 98.78399658203125, 473.1099853515625), 1)
  ('re', Rect(98.78399658203125, 472.6300048828125, 99.26399993896484, 473.1099853515625), 1)
  ('re', Rect(99.26399993896484, 472.6300048828125, 162.62399291992188, 473.1099853515625), 1)
  ('re', Rect(162.6199951171875, 472.6300048828125, 163.09999084472656, 473.1099853515625), 1)
  ('re', Rect(163.10000610351562, 472.6300048828125, 240.52401733398438, 473.1099853515625), 1)
  ('re', Rect(240.52999877929688, 472.6300048828125, 241.00999450683594, 473.1099853515625), 1)
  ('re', Rect(241.00999450683594, 472.6300048828125, 311.45001220703125, 473.1099853515625), 1)
  ('re', Rect(311.45001220703125, 472.6300048828125, 311.9300231933594, 473.1099853515625), 1)
  ('re', Rect(311.92999267578125, 472.6300048828125, 389.4739990234375, 473.1099853515625), 1)
  ('re', Rect(389.4700012207031, 472.6300048828125, 389.9499816894531, 473.1099853515625), 1)
  ('re', Rect(389.95001220703125, 472.6300048828125, 559.530029296875, 473.1099853515625), 1)
  ('re', Rect(559.5399780273438, 472.6300048828125, 560.0199584960938, 473.1099853515625), 1)
  ('re', Rect(559.5399780273438, 472.6300048828125, 560.0199584960938, 473.1099853515625), 1)
  ('re', Rect(27.84000015258789, 473.1099853515625, 28.31999969482422, 517.1500244140625), 1)
  ('re', Rect(98.78399658203125, 473.1099853515625, 99.26399993896484, 517.1500244140625), 1)
  ('re', Rect(162.6199951171875, 473.1099853515625, 163.09999084472656, 517.1500244140625), 1)
  ('re', Rect(240.52999877929688, 473.1099853515625, 241.00999450683594, 517.1500244140625), 1)
  ('re', Rect(311.45001220703125, 473.1099853515625, 311.9300231933594, 517.1500244140625), 1)
  ('re', Rect(389.4700012207031, 473.1099853515625, 389.9499816894531, 517.1500244140625), 1)
  ('re', Rect(559.5399780273438, 473.1099853515625, 560.0199584960938, 517.1500244140625), 1)
  ('re', Rect(27.84000015258789, 517.14990234375, 28.31999969482422, 517.6300048828125), 1)
  ('re', Rect(28.31999969482422, 517.14990234375, 98.78399658203125, 517.6300048828125), 1)
  ('re', Rect(98.78399658203125, 517.14990234375, 99.26399993896484, 517.6300048828125), 1)
  ('re', Rect(99.26399993896484, 517.14990234375, 162.62399291992188, 517.6300048828125), 1)
  ('re', Rect(162.6199951171875, 517.14990234375, 163.09999084472656, 517.6300048828125), 1)
  ('re', Rect(163.10000610351562, 517.14990234375, 240.52401733398438, 517.6300048828125), 1)
  ('re', Rect(240.52999877929688, 517.14990234375, 241.00999450683594, 517.6300048828125), 1)
  ('re', Rect(241.00999450683594, 517.14990234375, 311.45001220703125, 517.6300048828125), 1)
  ('re', Rect(311.45001220703125, 517.14990234375, 311.9300231933594, 517.6300048828125), 1)
  ('re', Rect(311.92999267578125, 517.14990234375, 389.4739990234375, 517.6300048828125), 1)
  ('re', Rect(389.4700012207031, 517.14990234375, 389.9499816894531, 517.6300048828125), 1)
  ('re', Rect(389.95001220703125, 517.14990234375, 559.530029296875, 517.6300048828125), 1)
  ('re', Rect(559.5399780273438, 517.14990234375, 560.0199584960938, 517.6300048828125), 1)
  ('re', Rect(27.84000015258789, 517.6300048828125, 28.31999969482422, 534.3099975585938), 1)
  ('re', Rect(98.78399658203125, 517.6300048828125, 99.26399993896484, 534.3099975585938), 1)
  ('re', Rect(162.6199951171875, 517.6300048828125, 163.09999084472656, 534.3099975585938), 1)
  ('re', Rect(240.52999877929688, 517.6300048828125, 241.00999450683594, 534.3099975585938), 1)
  ('re', Rect(311.45001220703125, 517.6300048828125, 311.9300231933594, 534.3099975585938), 1)
  ('re', Rect(389.4700012207031, 517.6300048828125, 389.9499816894531, 534.3099975585938), 1)
  ('re', Rect(559.5399780273438, 517.6300048828125, 560.0199584960938, 534.3099975585938), 1)
  ('re', Rect(27.84000015258789, 534.3099975585938, 28.31999969482422, 550.8699951171875), 1)
  ('re', Rect(98.78399658203125, 534.3099975585938, 99.26399993896484, 550.8699951171875), 1)
  ('re', Rect(162.6199951171875, 534.3099975585938, 163.09999084472656, 550.8699951171875), 1)
  ('re', Rect(240.52999877929688, 534.3099975585938, 241.00999450683594, 550.8699951171875), 1)
  ('re', Rect(311.45001220703125, 534.3099975585938, 311.9300231933594, 550.8699951171875), 1)
  ('re', Rect(389.4700012207031, 534.3099975585938, 389.9499816894531, 550.8699951171875), 1)
  ('re', Rect(559.5399780273438, 534.3099975585938, 560.0199584960938, 550.8699951171875), 1)
  ('re', Rect(27.84000015258789, 550.8699951171875, 28.31999969482422, 580.27001953125), 1)
  ('re', Rect(98.78399658203125, 550.8699951171875, 99.26399993896484, 580.27001953125), 1)
  ('re', Rect(162.6199951171875, 550.8699951171875, 163.09999084472656, 580.27001953125), 1)
  ('re', Rect(240.52999877929688, 550.8699951171875, 241.00999450683594, 580.27001953125), 1)
  ('re', Rect(311.45001220703125, 550.8699951171875, 311.9300231933594, 580.27001953125), 1)
  ('re', Rect(389.4700012207031, 550.8699951171875, 389.9499816894531, 580.27001953125), 1)
  ('re', Rect(559.5399780273438, 550.8699951171875, 560.0199584960938, 580.27001953125), 1)
  ('re', Rect(27.84000015258789, 580.27001953125, 28.31999969482422, 596.8299560546875), 1)
  ('re', Rect(98.78399658203125, 580.27001953125, 99.26399993896484, 596.8299560546875), 1)
  ('re', Rect(162.6199951171875, 580.27001953125, 163.09999084472656, 596.8299560546875), 1)
  ('re', Rect(240.52999877929688, 580.27001953125, 241.00999450683594, 596.8299560546875), 1)
  ('re', Rect(311.45001220703125, 580.27001953125, 311.9300231933594, 596.8299560546875), 1)
  ('re', Rect(389.4700012207031, 580.27001953125, 389.9499816894531, 596.8299560546875), 1)
  ('re', Rect(559.5399780273438, 580.27001953125, 560.0199584960938, 596.8299560546875), 1)
  ('re', Rect(27.84000015258789, 596.8299560546875, 28.31999969482422, 613.510009765625), 1)
  ('re', Rect(98.78399658203125, 596.8299560546875, 99.26399993896484, 613.510009765625), 1)
  ('re', Rect(162.6199951171875, 596.8299560546875, 163.09999084472656, 613.510009765625), 1)
  ('re', Rect(240.52999877929688, 596.8299560546875, 241.00999450683594, 613.510009765625), 1)
  ('re', Rect(311.45001220703125, 596.8299560546875, 311.9300231933594, 613.510009765625), 1)
  ('re', Rect(389.4700012207031, 596.8299560546875, 389.9499816894531, 613.510009765625), 1)
  ('re', Rect(559.5399780273438, 596.8299560546875, 560.0199584960938, 613.510009765625), 1)
  ('re', Rect(27.84000015258789, 613.5159912109375, 28.31999969482422, 630.219970703125), 1)
  ('re', Rect(98.78399658203125, 613.5159912109375, 99.26399993896484, 630.219970703125), 1)
  ('re', Rect(162.6199951171875, 613.5159912109375, 163.09999084472656, 630.219970703125), 1)
  ('re', Rect(240.52999877929688, 613.5159912109375, 241.00999450683594, 630.219970703125), 1)
  ('re', Rect(311.45001220703125, 613.5159912109375, 311.9300231933594, 630.219970703125), 1)
  ('re', Rect(389.4700012207031, 613.5159912109375, 389.9499816894531, 630.219970703125), 1)
  ('re', Rect(559.5399780273438, 613.5159912109375, 560.0199584960938, 630.219970703125), 1)
  ('re', Rect(27.84000015258789, 630.219970703125, 28.31999969482422, 646.8999633789062), 1)
  ('re', Rect(98.78399658203125, 630.219970703125, 99.26399993896484, 646.8999633789062), 1)
  ('re', Rect(162.6199951171875, 630.219970703125, 163.09999084472656, 646.8999633789062), 1)
  ('re', Rect(240.52999877929688, 630.219970703125, 241.00999450683594, 646.8999633789062), 1)
  ('re', Rect(311.45001220703125, 630.219970703125, 311.9300231933594, 646.8999633789062), 1)
  ('re', Rect(389.4700012207031, 630.219970703125, 389.9499816894531, 646.8999633789062), 1)
  ('re', Rect(559.5399780273438, 630.219970703125, 560.0199584960938, 646.8999633789062), 1)
  ('re', Rect(27.84000015258789, 646.8999633789062, 28.31999969482422, 663.4599609375), 1)
  ('re', Rect(98.78399658203125, 646.8999633789062, 99.26399993896484, 663.4599609375), 1)
  ('re', Rect(162.6199951171875, 646.8999633789062, 163.09999084472656, 663.4599609375), 1)
  ('re', Rect(240.52999877929688, 646.8999633789062, 241.00999450683594, 663.4599609375), 1)
  ('re', Rect(311.45001220703125, 646.8999633789062, 311.9300231933594, 663.4599609375), 1)
  ('re', Rect(389.4700012207031, 646.8999633789062, 389.9499816894531, 663.4599609375), 1)
  ('re', Rect(559.5399780273438, 646.8999633789062, 560.0199584960938, 663.4599609375), 1)
  ('re', Rect(27.84000015258789, 663.4599609375, 28.31999969482422, 680.97998046875), 1)
  ('re', Rect(98.78399658203125, 663.4599609375, 99.26399993896484, 680.97998046875), 1)
  ('re', Rect(162.6199951171875, 663.4599609375, 163.09999084472656, 680.97998046875), 1)
  ('re', Rect(240.52999877929688, 663.4599609375, 241.00999450683594, 680.97998046875), 1)
  ('re', Rect(311.45001220703125, 663.4599609375, 311.9300231933594, 680.97998046875), 1)
  ('re', Rect(389.4700012207031, 663.4599609375, 389.9499816894531, 680.97998046875), 1)
  ('re', Rect(559.5399780273438, 663.4599609375, 560.0199584960938, 680.97998046875), 1)
  ('re', Rect(27.84000015258789, 680.97998046875, 28.31999969482422, 710.97998046875), 1)
  ('re', Rect(98.78399658203125, 680.97998046875, 99.26399993896484, 710.97998046875), 1)
  ('re', Rect(162.6199951171875, 680.97998046875, 163.09999084472656, 710.97998046875), 1)
  ('re', Rect(240.52999877929688, 680.97998046875, 241.00999450683594, 710.97998046875), 1)
  ('re', Rect(311.45001220703125, 680.97998046875, 311.9300231933594, 710.97998046875), 1)
  ('re', Rect(389.4700012207031, 680.97998046875, 389.9499816894531, 710.97998046875), 1)
  ('re', Rect(559.5399780273438, 680.97998046875, 560.0199584960938, 710.97998046875), 1)
  ('re', Rect(27.84000015258789, 710.97998046875, 28.31999969482422, 728.5), 1)
  ('re', Rect(98.78399658203125, 710.97998046875, 99.26399993896484, 728.5), 1)
  ('re', Rect(162.6199951171875, 710.97998046875, 163.09999084472656, 728.5), 1)
  ('re', Rect(240.52999877929688, 710.97998046875, 241.00999450683594, 728.5), 1)
  ('re', Rect(311.45001220703125, 710.97998046875, 311.9300231933594, 728.5), 1)
  ('re', Rect(389.4700012207031, 710.97998046875, 389.9499816894531, 728.5), 1)
  ('re', Rect(559.5399780273438, 710.97998046875, 560.0199584960938, 728.5), 1)
  ('re', Rect(393.6700134277344, 731.0159912109375, 555.9299926757812, 743.615966796875), 1)
  ('re', Rect(27.84000015258789, 728.5, 28.31999969482422, 728.97998046875), 1)
  ('re', Rect(28.31999969482422, 728.5, 98.78399658203125, 728.97998046875), 1)
  ('re', Rect(98.78399658203125, 728.5, 99.26399993896484, 728.97998046875), 1)
  ('re', Rect(99.26399993896484, 728.5, 162.62399291992188, 728.97998046875), 1)
  ('re', Rect(162.6199951171875, 728.5, 163.09999084472656, 728.97998046875), 1)
  ('re', Rect(163.10000610351562, 728.5, 240.52401733398438, 728.97998046875), 1)
  ('re', Rect(240.52999877929688, 728.5, 241.00999450683594, 728.97998046875), 1)
  ('re', Rect(241.00999450683594, 728.5, 311.45001220703125, 728.97998046875), 1)
  ('re', Rect(311.45001220703125, 728.5, 311.9300231933594, 728.97998046875), 1)
  ('re', Rect(311.92999267578125, 728.5, 389.4739990234375, 728.97998046875), 1)
  ('re', Rect(389.4700012207031, 728.5, 389.9499816894531, 728.97998046875), 1)
  ('re', Rect(389.95001220703125, 728.5, 559.530029296875, 728.97998046875), 1)
  ('re', Rect(559.5399780273438, 728.5, 560.0199584960938, 728.97998046875), 1)
  ('re', Rect(27.84000015258789, 728.9759521484375, 28.31999969482422, 745.656005859375), 1)
  ('re', Rect(27.84000015258789, 745.656005859375, 28.31999969482422, 746.135986328125), 1)
  ('re', Rect(27.84000015258789, 745.656005859375, 28.31999969482422, 746.135986328125), 1)
  ('re', Rect(28.31999969482422, 745.656005859375, 98.78399658203125, 746.135986328125), 1)
  ('re', Rect(98.78399658203125, 728.9759521484375, 99.26399993896484, 745.656005859375), 1)
  ('re', Rect(98.78399658203125, 745.656005859375, 99.26399993896484, 746.135986328125), 1)
  ('re', Rect(99.26399993896484, 745.656005859375, 162.62399291992188, 746.135986328125), 1)
  ('re', Rect(162.6199951171875, 728.9759521484375, 163.09999084472656, 745.656005859375), 1)
  ('re', Rect(162.6199951171875, 745.656005859375, 163.09999084472656, 746.135986328125), 1)
  ('re', Rect(163.10000610351562, 745.656005859375, 240.52401733398438, 746.135986328125), 1)
  ('re', Rect(240.52999877929688, 728.9759521484375, 241.00999450683594, 745.656005859375), 1)
  ('re', Rect(240.52999877929688, 745.656005859375, 241.00999450683594, 746.135986328125), 1)
  ('re', Rect(241.00999450683594, 745.656005859375, 311.45001220703125, 746.135986328125), 1)
  ('re', Rect(311.45001220703125, 728.9759521484375, 311.9300231933594, 745.656005859375), 1)
  ('re', Rect(311.45001220703125, 745.656005859375, 311.9300231933594, 746.135986328125), 1)
  ('re', Rect(311.92999267578125, 745.656005859375, 389.4739990234375, 746.135986328125), 1)
  ('re', Rect(389.4700012207031, 728.9759521484375, 389.9499816894531, 745.656005859375), 1)
  ('re', Rect(389.4700012207031, 745.656005859375, 389.9499816894531, 746.135986328125), 1)
  ('re', Rect(389.95001220703125, 745.656005859375, 559.530029296875, 746.135986328125), 1)
  ('re', Rect(559.5399780273438, 728.9759521484375, 560.0199584960938, 745.656005859375), 1)
  ('re', Rect(559.5399780273438, 745.656005859375, 560.0199584960938, 746.135986328125), 1)
  ('re', Rect(559.5399780273438, 745.656005859375, 560.0199584960938, 746.135986328125), 1)
  ('re', Rect(27.84000015258789, 431.92999267578125, 28.31999969482422, 432.40997314453125), 1)
  ('re', Rect(27.84000015258789, 431.92999267578125, 28.31999969482422, 432.40997314453125), 1)
  ('re', Rect(28.31999969482422, 431.92999267578125, 28.799999237060547, 432.40997314453125), 1)
  ('re', Rect(28.799999237060547, 431.92999267578125, 82.343994140625, 432.40997314453125), 1)
  ('re', Rect(82.34400177001953, 431.92999267578125, 82.82400512695312, 432.40997314453125), 1)
  ('re', Rect(82.8239974975586, 431.92999267578125, 134.06399536132812, 432.40997314453125), 1)
  ('re', Rect(134.05999755859375, 431.92999267578125, 134.54000854492188, 432.40997314453125), 1)
  ('re', Rect(134.5399932861328, 431.92999267578125, 176.6599884033203, 432.40997314453125), 1)
  ('re', Rect(176.66000366210938, 431.92999267578125, 177.13999938964844, 432.40997314453125), 1)
  ('re', Rect(177.13999938964844, 431.92999267578125, 212.08399963378906, 432.40997314453125), 1)
  ('re', Rect(212.08999633789062, 431.92999267578125, 212.57000732421875, 432.40997314453125), 1)
  ('re', Rect(212.57000732421875, 431.92999267578125, 261.8900146484375, 432.40997314453125), 1)
  ('re', Rect(261.8900146484375, 431.92999267578125, 262.3700256347656, 432.40997314453125), 1)
  ('re', Rect(262.3699951171875, 431.92999267578125, 304.3699951171875, 432.40997314453125), 1)
  ('re', Rect(304.3699951171875, 431.92999267578125, 304.8499755859375, 432.40997314453125), 1)
  ('re', Rect(304.8500061035156, 431.92999267578125, 339.79400634765625, 432.40997314453125), 1)
  ('re', Rect(339.7900085449219, 431.92999267578125, 340.27001953125, 432.40997314453125), 1)
  ('re', Rect(340.2699890136719, 431.92999267578125, 389.4700012207031, 432.40997314453125), 1)
  ('re', Rect(389.4700012207031, 431.92999267578125, 389.9499816894531, 432.40997314453125), 1)
  ('re', Rect(389.95001220703125, 431.92999267578125, 432.07000732421875, 432.40997314453125), 1)
  ('re', Rect(432.07000732421875, 431.92999267578125, 432.5500183105469, 432.40997314453125), 1)
  ('re', Rect(432.54998779296875, 431.92999267578125, 467.3739929199219, 432.40997314453125), 1)
  ('re', Rect(467.3800048828125, 431.92999267578125, 467.8600158691406, 432.40997314453125), 1)
  ('re', Rect(467.8599853515625, 431.92999267578125, 559.5399780273438, 432.40997314453125), 1)
  ('re', Rect(559.5399780273438, 431.92999267578125, 560.0199584960938, 432.40997314453125), 1)
  ('re', Rect(26.639999389648438, 752.135986328125, 547.2999877929688, 761.2559814453125), 1)
  ('re', Rect(26.639999389648438, 769.2959594726562, 568.2999877929688, 778.5360107421875), 1)
  ('re', Rect(26.639999389648438, 778.5360107421875, 568.2999877929688, 787.7760009765625), 1)
  ('re', Rect(26.639999389648438, 787.7760009765625, 568.2999877929688, 796.89599609375), 1)
  ('re', Rect(26.639999389648438, 796.89599609375, 568.2999877929688, 806.1599731445312), 1)
  ('re', Rect(26.639999389648438, 806.1599731445312, 547.2999877929688, 815.3999633789062), 1)
  ('re', Rect(280.20001220703125, 283.67999267578125, 295.20001220703125, 303.239990234375), 1)
  ('re', Rect(295.20001220703125, 283.67999267578125, 310.08001708984375, 303.239990234375), 1)
  ('re', Rect(250.32000732421875, 283.67999267578125, 265.20001220703125, 303.239990234375), 1)
  ('re', Rect(265.20001220703125, 283.67999267578125, 280.20001220703125, 303.239990234375), 1)
=== PAGE 9 GRAPHICS ===
  ('re', Rect(26.639999389648438, 14.15997314453125, 547.2999877929688, 23.39996337890625), 1)
  ('re', Rect(26.639999389648438, 23.39996337890625, 547.2999877929688, 32.63995361328125), 1)
  ('re', Rect(26.639999389648438, 32.6400146484375, 547.2999877929688, 41.760009765625), 1)
  ('re', Rect(229.25, 42.239990234375, 555.4599609375, 56.03997802734375), 1)
  ('re', Rect(229.25, 56.03997802734375, 555.4599609375, 87.719970703125), 1)
  ('re', Rect(32.040000915527344, 42.239990234375, 221.32998657226562, 56.03997802734375), 1)
  ('re', Rect(32.040000915527344, 56.03997802734375, 221.32998657226562, 75.1199951171875), 1)
  ('re', Rect(32.040000915527344, 75.115966796875, 221.32998657226562, 94.0999755859375), 1)
  ('re', Rect(27.84000015258789, 41.760009765625, 28.31999969482422, 42.239990234375), 1)
  ('re', Rect(27.84000015258789, 41.760009765625, 28.31999969482422, 42.239990234375), 1)
  ('re', Rect(28.31999969482422, 41.760009765625, 225.04998779296875, 42.239990234375), 1)
  ('re', Rect(225.0500030517578, 41.760009765625, 225.52999877929688, 42.239990234375), 1)
  ('re', Rect(225.52999877929688, 41.760009765625, 559.1799926757812, 42.239990234375), 1)
  ('re', Rect(559.1799926757812, 41.760009765625, 559.6599731445312, 42.239990234375), 1)
  ('re', Rect(559.1799926757812, 41.760009765625, 559.6599731445312, 42.239990234375), 1)
  ('re', Rect(27.84000015258789, 42.23602294921875, 28.31999969482422, 96.3800048828125), 1)
  ('re', Rect(225.0500030517578, 42.23602294921875, 225.52999877929688, 96.3800048828125), 1)
  ('re', Rect(559.1799926757812, 42.23602294921875, 559.6599731445312, 96.3800048828125), 1)
  ('re', Rect(229.25, 96.3800048828125, 555.4599609375, 109.0999755859375), 1)
  ('re', Rect(32.040000915527344, 96.3800048828125, 221.32998657226562, 130.94000244140625), 1)
  ('re', Rect(27.84000015258789, 96.3800048828125, 28.31999969482422, 130.94000244140625), 1)
  ('re', Rect(225.0500030517578, 96.3800048828125, 225.52999877929688, 130.94000244140625), 1)
  ('re', Rect(559.1799926757812, 96.3800048828125, 559.6599731445312, 130.94000244140625), 1)
  ('re', Rect(229.25, 130.94000244140625, 555.4599609375, 143.53997802734375), 1)
  ('re', Rect(32.040000915527344, 130.94000244140625, 221.32998657226562, 162.5), 1)
  ('re', Rect(27.84000015258789, 130.94000244140625, 28.31999969482422, 162.5), 1)
  ('re', Rect(225.0500030517578, 130.94000244140625, 225.52999877929688, 162.5), 1)
  ('re', Rect(559.1799926757812, 130.94000244140625, 559.6599731445312, 162.5), 1)
  ('re', Rect(229.25, 162.5, 555.4599609375, 187.82000732421875), 1)
  ('re', Rect(32.040000915527344, 162.5, 221.32998657226562, 190.0999755859375), 1)
  ('re', Rect(27.84000015258789, 162.5, 28.31999969482422, 190.0999755859375), 1)
  ('re', Rect(225.0500030517578, 162.5, 225.52999877929688, 190.0999755859375), 1)
  ('re', Rect(559.1799926757812, 162.5, 559.6599731445312, 190.0999755859375), 1)
  ('re', Rect(229.25, 190.0999755859375, 555.4599609375, 215.41998291015625), 1)
  ('re', Rect(32.040000915527344, 190.0999755859375, 221.32998657226562, 215.41998291015625), 1)
  ('re', Rect(27.84000015258789, 190.0999755859375, 28.31999969482422, 217.219970703125), 1)
  ('re', Rect(225.0500030517578, 190.0999755859375, 225.52999877929688, 217.219970703125), 1)
  ('re', Rect(559.1799926757812, 190.0999755859375, 559.6599731445312, 217.219970703125), 1)
  ('re', Rect(229.25, 217.219970703125, 555.4599609375, 231.01995849609375), 1)
  ('re', Rect(32.040000915527344, 217.219970703125, 221.32998657226562, 231.01995849609375), 1)
  ('re', Rect(27.84000015258789, 217.219970703125, 28.31999969482422, 231.01995849609375), 1)
  ('re', Rect(27.84000015258789, 231.02001953125, 28.31999969482422, 231.5), 1)
  ('re', Rect(27.84000015258789, 231.02001953125, 28.31999969482422, 231.5), 1)
  ('re', Rect(28.31999969482422, 231.02001953125, 225.04998779296875, 231.5), 1)
  ('re', Rect(225.0500030517578, 217.219970703125, 225.52999877929688, 231.01995849609375), 1)
  ('re', Rect(225.0500030517578, 231.02001953125, 225.52999877929688, 231.5), 1)
  ('re', Rect(225.52999877929688, 231.02001953125, 559.1799926757812, 231.5), 1)
  ('re', Rect(559.1799926757812, 217.219970703125, 559.6599731445312, 231.01995849609375), 1)
  ('re', Rect(559.1799926757812, 231.02001953125, 559.6599731445312, 231.5), 1)
  ('re', Rect(559.1799926757812, 231.02001953125, 559.6599731445312, 231.5), 1)
  ('re', Rect(26.639999389648438, 237.49993896484375, 547.2999877929688, 249.01995849609375), 1)
  ('re', Rect(26.639999389648438, 249.0260009765625, 547.2999877929688, 267.40997314453125), 1)
  ('re', Rect(26.639999389648438, 267.4100341796875, 547.2999877929688, 280.010009765625), 1)
  ('re', Rect(26.639999389648438, 280.010009765625, 529.2999877929688, 293.80999755859375), 1)
  ('re', Rect(26.639999389648438, 293.80999755859375, 547.2999877929688, 307.6099853515625), 1)
  ('re', Rect(516.0999755859375, 314.69000244140625, 558.699951171875, 327.40997314453125), 1)
  ('re', Rect(516.0999755859375, 327.40997314453125, 558.699951171875, 340.0099792480469), 1)
  ('re', Rect(516.0999755859375, 340.0099792480469, 558.699951171875, 352.72998046875), 1)
  ('re', Rect(354.07000732421875, 308.21002197265625, 511.8900146484375, 320.80999755859375), 1)
  ('re', Rect(192.1699981689453, 308.21002197265625, 349.989990234375, 320.80999755859375), 1)
  ('re', Rect(30.239999771118164, 308.21002197265625, 187.94000244140625, 320.80999755859375), 1)
  ('re', Rect(27.84000015258789, 307.6099853515625, 28.31999969482422, 308.0899658203125), 1)
  ('re', Rect(27.84000015258789, 307.6099853515625, 28.31999969482422, 308.0899658203125), 1)
  ('re', Rect(28.31999969482422, 307.6099853515625, 189.6199951171875, 308.0899658203125), 1)
  ('re', Rect(189.6199951171875, 307.6099853515625, 190.09999084472656, 308.0899658203125), 1)
  ('re', Rect(190.10000610351562, 307.6099853515625, 351.6700134277344, 308.0899658203125), 1)
  ('re', Rect(351.6700134277344, 307.6099853515625, 352.1500244140625, 308.0899658203125), 1)
  ('re', Rect(352.1499938964844, 307.6099853515625, 513.6900024414062, 308.0899658203125), 1)
  ('re', Rect(513.7000122070312, 307.6099853515625, 514.1800537109375, 308.0899658203125), 1)
  ('re', Rect(514.1799926757812, 307.6099853515625, 560.3800048828125, 308.0899658203125), 1)
  ('re', Rect(560.3800048828125, 307.6099853515625, 560.8600463867188, 308.0899658203125), 1)
  ('re', Rect(560.3800048828125, 307.6099853515625, 560.8600463867188, 308.0899658203125), 1)
  ('re', Rect(27.84000015258789, 308.09002685546875, 28.31999969482422, 320.80999755859375), 1)
  ('re', Rect(189.6199951171875, 308.09002685546875, 190.09999084472656, 320.80999755859375), 1)
  ('re', Rect(351.6700134277344, 308.09002685546875, 352.1500244140625, 320.80999755859375), 1)
  ('re', Rect(513.7000122070312, 308.09002685546875, 514.1800537109375, 320.80999755859375), 1)
  ('re', Rect(560.3800048828125, 308.09002685546875, 560.8600463867188, 320.80999755859375), 1)
  ('re', Rect(462.4599914550781, 334.0099792480469, 511.8999938964844, 346.6099853515625), 1)
  ('re', Rect(408.54998779296875, 327.64996337890625, 458.3739929199219, 340.2499694824219), 1)
  ('re', Rect(408.54998779296875, 340.2499694824219, 458.3739929199219, 352.969970703125), 1)
  ('re', Rect(354.07000732421875, 334.0099792480469, 404.4700012207031, 346.6099853515625), 1)
  ('re', Rect(300.5299987792969, 334.0099792480469, 349.9939880371094, 346.6099853515625), 1)
  ('re', Rect(246.52999877929688, 327.64996337890625, 296.3299865722656, 340.2499694824219), 1)
  ('re', Rect(246.52999877929688, 340.2499694824219, 296.3299865722656, 352.969970703125), 1)
  ('re', Rect(192.0500030517578, 334.0099792480469, 242.45001220703125, 346.6099853515625), 1)
  ('re', Rect(138.6199951171875, 327.64996337890625, 187.94000244140625, 340.2499694824219), 1)
  ('re', Rect(138.6199951171875, 340.2499694824219, 187.94000244140625, 352.969970703125), 1)
  ('re', Rect(84.6240005493164, 321.28997802734375, 134.4239959716797, 334.0099792480469), 1)
  ('re', Rect(84.6240005493164, 334.0099792480469, 134.4239959716797, 346.6099853515625), 1)
  ('re', Rect(84.6240005493164, 346.6099853515625, 134.4239959716797, 359.2099914550781), 1)
  ('re', Rect(30.239999771118164, 334.0099792480469, 80.54399871826172, 346.6099853515625), 1)
  ('re', Rect(27.84000015258789, 320.80999755859375, 28.31999969482422, 321.28997802734375), 1)
  ('re', Rect(28.31999969482422, 320.80999755859375, 82.343994140625, 321.28997802734375), 1)
  ('re', Rect(82.34400177001953, 320.80999755859375, 82.82400512695312, 321.28997802734375), 1)
  ('re', Rect(82.8239974975586, 320.80999755859375, 136.2239990234375, 321.28997802734375), 1)
  ('re', Rect(136.22000122070312, 320.80999755859375, 136.6999969482422, 321.28997802734375), 1)
  ('re', Rect(136.6999969482422, 320.80999755859375, 189.6199951171875, 321.28997802734375), 1)
  ('re', Rect(189.6199951171875, 320.80999755859375, 190.09999084472656, 321.28997802734375), 1)
  ('re', Rect(190.10000610351562, 320.80999755859375, 244.24400329589844, 321.28997802734375), 1)
  ('re', Rect(244.25, 320.80999755859375, 244.72999572753906, 321.28997802734375), 1)
  ('re', Rect(244.72999572753906, 320.80999755859375, 298.1300048828125, 321.28997802734375), 1)
  ('re', Rect(298.1300048828125, 320.80999755859375, 298.6100158691406, 321.28997802734375), 1)
  ('re', Rect(298.6099853515625, 320.80999755859375, 351.6739807128906, 321.28997802734375), 1)
  ('re', Rect(351.6700134277344, 320.80999755859375, 352.1500244140625, 321.28997802734375), 1)
  ('re', Rect(352.1499938964844, 320.80999755859375, 406.1499938964844, 321.28997802734375), 1)
  ('re', Rect(406.1499938964844, 320.80999755859375, 406.6299743652344, 321.28997802734375), 1)
  ('re', Rect(406.6300048828125, 320.80999755859375, 460.05401611328125, 321.28997802734375), 1)
  ('re', Rect(460.05999755859375, 320.80999755859375, 460.5400085449219, 321.28997802734375), 1)
  ('re', Rect(460.5400085449219, 320.80999755859375, 513.7000122070312, 321.28997802734375), 1)
  ('re', Rect(513.7000122070312, 320.80999755859375, 514.1800537109375, 321.28997802734375), 1)
  ('re', Rect(560.3800048828125, 320.80999755859375, 560.8600463867188, 321.28997802734375), 1)
  ('re', Rect(27.84000015258789, 321.28997802734375, 28.31999969482422, 359.2099914550781), 1)
  ('re', Rect(82.34400177001953, 321.28997802734375, 82.82400512695312, 359.2099914550781), 1)
  ('re', Rect(136.22000122070312, 321.28997802734375, 136.6999969482422, 359.2099914550781), 1)
  ('re', Rect(189.6199951171875, 321.28997802734375, 190.09999084472656, 359.2099914550781), 1)
  ('re', Rect(244.25, 321.28997802734375, 244.72999572753906, 359.2099914550781), 1)
  ('re', Rect(298.1300048828125, 321.28997802734375, 298.6100158691406, 359.2099914550781), 1)
  ('re', Rect(351.6700134277344, 321.28997802734375, 352.1500244140625, 359.2099914550781), 1)
  ('re', Rect(406.1499938964844, 321.28997802734375, 406.6299743652344, 359.2099914550781), 1)
  ('re', Rect(460.05999755859375, 321.28997802734375, 460.5400085449219, 359.2099914550781), 1)
  ('re', Rect(513.7000122070312, 321.28997802734375, 514.1800537109375, 359.2099914550781), 1)
  ('re', Rect(560.3800048828125, 321.28997802734375, 560.8600463867188, 359.2099914550781), 1)
  ('re', Rect(516.0999755859375, 362.69000244140625, 558.699951171875, 376.489990234375), 1)
  ('re', Rect(462.4599914550781, 362.69000244140625, 511.8999938964844, 376.489990234375), 1)
  ('re', Rect(408.54998779296875, 362.69000244140625, 458.3739929199219, 376.489990234375), 1)
  ('re', Rect(354.07000732421875, 362.69000244140625, 404.4700012207031, 376.489990234375), 1)
  ('re', Rect(300.5299987792969, 362.69000244140625, 349.9939880371094, 376.489990234375), 1)
  ('re', Rect(246.52999877929688, 362.69000244140625, 296.3299865722656, 376.489990234375), 1)
  ('re', Rect(192.0500030517578, 362.69000244140625, 242.45001220703125, 376.489990234375), 1)
  ('re', Rect(138.6199951171875, 362.69000244140625, 187.94000244140625, 376.489990234375), 1)
  ('re', Rect(84.6240005493164, 362.69000244140625, 134.4239959716797, 376.489990234375), 1)
  ('re', Rect(30.239999771118164, 362.69000244140625, 80.54399871826172, 376.489990234375), 1)
  ('re', Rect(27.84000015258789, 359.2099914550781, 28.31999969482422, 359.6899719238281), 1)
  ('re', Rect(28.31999969482422, 359.2099914550781, 82.343994140625, 359.6899719238281), 1)
  ('re', Rect(82.34400177001953, 359.2099914550781, 82.82400512695312, 359.6899719238281), 1)
  ('re', Rect(82.8239974975586, 359.2099914550781, 136.2239990234375, 359.6899719238281), 1)
  ('re', Rect(136.22000122070312, 359.2099914550781, 136.6999969482422, 359.6899719238281), 1)
  ('re', Rect(136.6999969482422, 359.2099914550781, 189.6199951171875, 359.6899719238281), 1)
  ('re', Rect(189.6199951171875, 359.2099914550781, 190.09999084472656, 359.6899719238281), 1)
  ('re', Rect(190.10000610351562, 359.2099914550781, 244.24400329589844, 359.6899719238281), 1)
  ('re', Rect(244.25, 359.2099914550781, 244.72999572753906, 359.6899719238281), 1)
  ('re', Rect(244.72999572753906, 359.2099914550781, 298.1300048828125, 359.6899719238281), 1)
  ('re', Rect(298.1300048828125, 359.2099914550781, 298.6100158691406, 359.6899719238281), 1)
  ('re', Rect(298.6099853515625, 359.2099914550781, 351.6739807128906, 359.6899719238281), 1)
  ('re', Rect(351.6700134277344, 359.2099914550781, 352.1500244140625, 359.6899719238281), 1)
  ('re', Rect(352.1499938964844, 359.2099914550781, 406.1499938964844, 359.6899719238281), 1)
  ('re', Rect(406.1499938964844, 359.2099914550781, 406.6299743652344, 359.6899719238281), 1)
  ('re', Rect(406.6300048828125, 359.2099914550781, 460.05401611328125, 359.6899719238281), 1)
  ('re', Rect(460.05999755859375, 359.2099914550781, 460.5400085449219, 359.6899719238281), 1)
  ('re', Rect(460.5400085449219, 359.2099914550781, 513.7000122070312, 359.6899719238281), 1)
  ('re', Rect(513.7000122070312, 359.2099914550781, 514.1800537109375, 359.6899719238281), 1)
  ('re', Rect(514.1799926757812, 359.2099914550781, 560.3800048828125, 359.6899719238281), 1)
  ('re', Rect(560.3800048828125, 359.2099914550781, 560.8600463867188, 359.6899719238281), 1)
  ('re', Rect(27.84000015258789, 359.69000244140625, 28.31999969482422, 379.3699951171875), 1)
  ('re', Rect(82.34400177001953, 359.69000244140625, 82.82400512695312, 379.3699951171875), 1)
  ('re', Rect(136.22000122070312, 359.69000244140625, 136.6999969482422, 379.3699951171875), 1)
  ('re', Rect(189.6199951171875, 359.69000244140625, 190.09999084472656, 379.3699951171875), 1)
  ('re', Rect(244.25, 359.69000244140625, 244.72999572753906, 379.3699951171875), 1)
  ('re', Rect(298.1300048828125, 359.69000244140625, 298.6100158691406, 379.3699951171875), 1)
  ('re', Rect(351.6700134277344, 359.69000244140625, 352.1500244140625, 379.3699951171875), 1)
  ('re', Rect(406.1499938964844, 359.69000244140625, 406.6299743652344, 379.3699951171875), 1)
  ('re', Rect(460.05999755859375, 359.69000244140625, 460.5400085449219, 379.3699951171875), 1)
  ('re', Rect(513.7000122070312, 359.69000244140625, 514.1800537109375, 379.3699951171875), 1)
  ('re', Rect(560.3800048828125, 359.69000244140625, 560.8600463867188, 379.3699951171875), 1)
  ('re', Rect(516.0999755859375, 382.72998046875, 558.699951171875, 396.52996826171875), 1)
  ('re', Rect(462.4599914550781, 382.72998046875, 511.8999938964844, 396.52996826171875), 1)
  ('re', Rect(408.54998779296875, 382.72998046875, 458.3739929199219, 396.52996826171875), 1)
  ('re', Rect(354.07000732421875, 382.72998046875, 404.4700012207031, 396.52996826171875), 1)
  ('re', Rect(300.5299987792969, 382.72998046875, 349.9939880371094, 396.52996826171875), 1)
  ('re', Rect(246.52999877929688, 382.72998046875, 296.3299865722656, 396.52996826171875), 1)
  ('re', Rect(192.0500030517578, 382.72998046875, 242.45001220703125, 396.52996826171875), 1)
  ('re', Rect(138.6199951171875, 382.72998046875, 187.94000244140625, 396.52996826171875), 1)
  ('re', Rect(84.6240005493164, 382.72998046875, 134.4239959716797, 396.52996826171875), 1)
  ('re', Rect(30.239999771118164, 382.72998046875, 80.54399871826172, 396.52996826171875), 1)
  ('re', Rect(27.84000015258789, 379.3699951171875, 28.31999969482422, 379.8499755859375), 1)
  ('re', Rect(28.31999969482422, 379.3699951171875, 82.343994140625, 379.8499755859375), 1)
  ('re', Rect(82.34400177001953, 379.3699951171875, 82.82400512695312, 379.8499755859375), 1)
  ('re', Rect(82.8239974975586, 379.3699951171875, 136.2239990234375, 379.8499755859375), 1)
  ('re', Rect(136.22000122070312, 379.3699951171875, 136.6999969482422, 379.8499755859375), 1)
  ('re', Rect(136.6999969482422, 379.3699951171875, 189.6199951171875, 379.8499755859375), 1)
  ('re', Rect(189.6199951171875, 379.3699951171875, 190.09999084472656, 379.8499755859375), 1)
  ('re', Rect(190.10000610351562, 379.3699951171875, 244.24400329589844, 379.8499755859375), 1)
  ('re', Rect(244.25, 379.3699951171875, 244.72999572753906, 379.8499755859375), 1)
  ('re', Rect(244.72999572753906, 379.3699951171875, 298.1300048828125, 379.8499755859375), 1)
  ('re', Rect(298.1300048828125, 379.3699951171875, 298.6100158691406, 379.8499755859375), 1)
  ('re', Rect(298.6099853515625, 379.3699951171875, 351.6739807128906, 379.8499755859375), 1)
  ('re', Rect(351.6700134277344, 379.3699951171875, 352.1500244140625, 379.8499755859375), 1)
  ('re', Rect(352.1499938964844, 379.3699951171875, 406.1499938964844, 379.8499755859375), 1)
  ('re', Rect(406.1499938964844, 379.3699951171875, 406.6299743652344, 379.8499755859375), 1)
  ('re', Rect(406.6300048828125, 379.3699951171875, 460.05401611328125, 379.8499755859375), 1)
  ('re', Rect(460.05999755859375, 379.3699951171875, 460.5400085449219, 379.8499755859375), 1)
  ('re', Rect(460.5400085449219, 379.3699951171875, 513.7000122070312, 379.8499755859375), 1)
  ('re', Rect(513.7000122070312, 379.3699951171875, 514.1800537109375, 379.8499755859375), 1)
  ('re', Rect(514.1799926757812, 379.3699951171875, 560.3800048828125, 379.8499755859375), 1)
  ('re', Rect(560.3800048828125, 379.3699951171875, 560.8600463867188, 379.8499755859375), 1)
  ('re', Rect(27.84000015258789, 379.8499755859375, 28.31999969482422, 399.40997314453125), 1)
  ('re', Rect(82.34400177001953, 379.8499755859375, 82.82400512695312, 399.40997314453125), 1)
  ('re', Rect(136.22000122070312, 379.8499755859375, 136.6999969482422, 399.40997314453125), 1)
  ('re', Rect(189.6199951171875, 379.8499755859375, 190.09999084472656, 399.40997314453125), 1)
  ('re', Rect(244.25, 379.8499755859375, 244.72999572753906, 399.40997314453125), 1)
  ('re', Rect(298.1300048828125, 379.8499755859375, 298.6100158691406, 399.40997314453125), 1)
  ('re', Rect(351.6700134277344, 379.8499755859375, 352.1500244140625, 399.40997314453125), 1)
  ('re', Rect(406.1499938964844, 379.8499755859375, 406.6299743652344, 399.40997314453125), 1)
  ('re', Rect(460.05999755859375, 379.8499755859375, 460.5400085449219, 399.40997314453125), 1)
  ('re', Rect(513.7000122070312, 379.8499755859375, 514.1800537109375, 399.40997314453125), 1)
  ('re', Rect(560.3800048828125, 379.8499755859375, 560.8600463867188, 399.40997314453125), 1)
  ('re', Rect(516.0999755859375, 402.8899841308594, 558.699951171875, 416.6899719238281), 1)
  ('re', Rect(462.4599914550781, 402.8899841308594, 511.8999938964844, 416.6899719238281), 1)
  ('re', Rect(408.54998779296875, 402.8899841308594, 458.3739929199219, 416.6899719238281), 1)
  ('re', Rect(354.07000732421875, 402.8899841308594, 404.4700012207031, 416.6899719238281), 1)
  ('re', Rect(300.5299987792969, 402.8899841308594, 349.9939880371094, 416.6899719238281), 1)
  ('re', Rect(246.52999877929688, 402.8899841308594, 296.3299865722656, 416.6899719238281), 1)
  ('re', Rect(192.0500030517578, 402.8899841308594, 242.45001220703125, 416.6899719238281), 1)
  ('re', Rect(138.6199951171875, 402.8899841308594, 187.94000244140625, 416.6899719238281), 1)
  ('re', Rect(84.6240005493164, 402.8899841308594, 134.4239959716797, 416.6899719238281), 1)
  ('re', Rect(30.239999771118164, 402.8899841308594, 80.54399871826172, 416.6899719238281), 1)
  ('re', Rect(27.84000015258789, 399.40997314453125, 28.31999969482422, 399.8899841308594), 1)
  ('re', Rect(28.31999969482422, 399.40997314453125, 82.343994140625, 399.8899841308594), 1)
  ('re', Rect(82.34400177001953, 399.40997314453125, 82.82400512695312, 399.8899841308594), 1)
  ('re', Rect(82.8239974975586, 399.40997314453125, 136.2239990234375, 399.8899841308594), 1)
  ('re', Rect(136.22000122070312, 399.40997314453125, 136.6999969482422, 399.8899841308594), 1)
  ('re', Rect(136.6999969482422, 399.40997314453125, 189.6199951171875, 399.8899841308594), 1)
  ('re', Rect(189.6199951171875, 399.40997314453125, 190.09999084472656, 399.8899841308594), 1)
  ('re', Rect(190.10000610351562, 399.40997314453125, 244.24400329589844, 399.8899841308594), 1)
  ('re', Rect(244.25, 399.40997314453125, 244.72999572753906, 399.8899841308594), 1)
  ('re', Rect(244.72999572753906, 399.40997314453125, 298.1300048828125, 399.8899841308594), 1)
  ('re', Rect(298.1300048828125, 399.40997314453125, 298.6100158691406, 399.8899841308594), 1)
  ('re', Rect(298.6099853515625, 399.40997314453125, 351.6739807128906, 399.8899841308594), 1)
  ('re', Rect(351.6700134277344, 399.40997314453125, 352.1500244140625, 399.8899841308594), 1)
  ('re', Rect(352.1499938964844, 399.40997314453125, 406.1499938964844, 399.8899841308594), 1)
  ('re', Rect(406.1499938964844, 399.40997314453125, 406.6299743652344, 399.8899841308594), 1)
  ('re', Rect(406.6300048828125, 399.40997314453125, 460.05401611328125, 399.8899841308594), 1)
  ('re', Rect(460.05999755859375, 399.40997314453125, 460.5400085449219, 399.8899841308594), 1)
  ('re', Rect(460.5400085449219, 399.40997314453125, 513.7000122070312, 399.8899841308594), 1)
  ('re', Rect(513.7000122070312, 399.40997314453125, 514.1800537109375, 399.8899841308594), 1)
  ('re', Rect(514.1799926757812, 399.40997314453125, 560.3800048828125, 399.8899841308594), 1)
  ('re', Rect(560.3800048828125, 399.40997314453125, 560.8600463867188, 399.8899841308594), 1)
  ('re', Rect(27.84000015258789, 399.8899841308594, 28.31999969482422, 419.5699768066406), 1)
  ('re', Rect(82.34400177001953, 399.8899841308594, 82.82400512695312, 419.5699768066406), 1)
  ('re', Rect(136.22000122070312, 399.8899841308594, 136.6999969482422, 419.5699768066406), 1)
  ('re', Rect(189.6199951171875, 399.8899841308594, 190.09999084472656, 419.5699768066406), 1)
  ('re', Rect(244.25, 399.8899841308594, 244.72999572753906, 419.5699768066406), 1)
  ('re', Rect(298.1300048828125, 399.8899841308594, 298.6100158691406, 419.5699768066406), 1)
  ('re', Rect(351.6700134277344, 399.8899841308594, 352.1500244140625, 419.5699768066406), 1)
  ('re', Rect(406.1499938964844, 399.8899841308594, 406.6299743652344, 419.5699768066406), 1)
  ('re', Rect(460.05999755859375, 399.8899841308594, 460.5400085449219, 419.5699768066406), 1)
  ('re', Rect(513.7000122070312, 399.8899841308594, 514.1800537109375, 419.5699768066406), 1)
  ('re', Rect(560.3800048828125, 399.8899841308594, 560.8600463867188, 419.5699768066406), 1)
  ('re', Rect(516.0999755859375, 423.52996826171875, 558.699951171875, 436.1299743652344), 1)
  ('re', Rect(462.4599914550781, 422.92999267578125, 511.8999938964844, 436.72998046875), 1)
  ('re', Rect(408.54998779296875, 422.92999267578125, 458.3739929199219, 436.72998046875), 1)
  ('re', Rect(354.07000732421875, 422.92999267578125, 404.4700012207031, 436.72998046875), 1)
  ('re', Rect(300.5299987792969, 422.92999267578125, 349.9939880371094, 436.72998046875), 1)
  ('re', Rect(246.52999877929688, 422.92999267578125, 296.3299865722656, 436.72998046875), 1)
  ('re', Rect(192.0500030517578, 422.92999267578125, 242.45001220703125, 436.72998046875), 1)
  ('re', Rect(138.6199951171875, 422.92999267578125, 187.94000244140625, 436.72998046875), 1)
  ('re', Rect(84.6240005493164, 422.92999267578125, 134.4239959716797, 436.72998046875), 1)
  ('re', Rect(30.239999771118164, 422.92999267578125, 80.54399871826172, 436.72998046875), 1)
  ('re', Rect(27.84000015258789, 419.5699768066406, 28.31999969482422, 420.04998779296875), 1)
  ('re', Rect(28.31999969482422, 419.5699768066406, 82.343994140625, 420.04998779296875), 1)
  ('re', Rect(82.34400177001953, 419.5699768066406, 82.82400512695312, 420.04998779296875), 1)
  ('re', Rect(82.8239974975586, 419.5699768066406, 136.2239990234375, 420.04998779296875), 1)
  ('re', Rect(136.22000122070312, 419.5699768066406, 136.6999969482422, 420.04998779296875), 1)
  ('re', Rect(136.6999969482422, 419.5699768066406, 189.6199951171875, 420.04998779296875), 1)
  ('re', Rect(189.6199951171875, 419.5699768066406, 190.09999084472656, 420.04998779296875), 1)
  ('re', Rect(190.10000610351562, 419.5699768066406, 244.24400329589844, 420.04998779296875), 1)
  ('re', Rect(244.25, 419.5699768066406, 244.72999572753906, 420.04998779296875), 1)
  ('re', Rect(244.72999572753906, 419.5699768066406, 298.1300048828125, 420.04998779296875), 1)
  ('re', Rect(298.1300048828125, 419.5699768066406, 298.6100158691406, 420.04998779296875), 1)
  ('re', Rect(298.6099853515625, 419.5699768066406, 351.6739807128906, 420.04998779296875), 1)
  ('re', Rect(351.6700134277344, 419.5699768066406, 352.1500244140625, 420.04998779296875), 1)
  ('re', Rect(352.1499938964844, 419.5699768066406, 406.1499938964844, 420.04998779296875), 1)
  ('re', Rect(406.1499938964844, 419.5699768066406, 406.6299743652344, 420.04998779296875), 1)
  ('re', Rect(406.6300048828125, 419.5699768066406, 460.05401611328125, 420.04998779296875), 1)
  ('re', Rect(460.05999755859375, 419.5699768066406, 460.5400085449219, 420.04998779296875), 1)
  ('re', Rect(460.5400085449219, 419.5699768066406, 513.7000122070312, 420.04998779296875), 1)
  ('re', Rect(513.7000122070312, 419.5699768066406, 514.1800537109375, 420.04998779296875), 1)
  ('re', Rect(514.1799926757812, 419.5699768066406, 560.3800048828125, 420.04998779296875), 1)
  ('re', Rect(560.3800048828125, 419.5699768066406, 560.8600463867188, 420.04998779296875), 1)
  ('re', Rect(27.84000015258789, 420.04998779296875, 28.31999969482422, 439.72998046875), 1)
  ('re', Rect(27.84000015258789, 439.72998046875, 28.31999969482422, 440.2099914550781), 1)
  ('re', Rect(27.84000015258789, 439.72998046875, 28.31999969482422, 440.2099914550781), 1)
  ('re', Rect(28.31999969482422, 439.72998046875, 82.343994140625, 440.2099914550781), 1)
  ('re', Rect(82.34400177001953, 420.04998779296875, 82.82400512695312, 439.72998046875), 1)
  ('re', Rect(82.34400177001953, 439.72998046875, 82.82400512695312, 440.2099914550781), 1)
  ('re', Rect(82.8239974975586, 439.72998046875, 136.2239990234375, 440.2099914550781), 1)
  ('re', Rect(136.22000122070312, 420.04998779296875, 136.6999969482422, 439.72998046875), 1)
  ('re', Rect(136.22000122070312, 439.72998046875, 136.6999969482422, 440.2099914550781), 1)
  ('re', Rect(136.6999969482422, 439.72998046875, 189.6199951171875, 440.2099914550781), 1)
  ('re', Rect(189.6199951171875, 420.04998779296875, 190.09999084472656, 439.72998046875), 1)
  ('re', Rect(189.6199951171875, 439.72998046875, 190.09999084472656, 440.2099914550781), 1)
  ('re', Rect(190.10000610351562, 439.72998046875, 244.24400329589844, 440.2099914550781), 1)
  ('re', Rect(244.25, 420.04998779296875, 244.72999572753906, 439.72998046875), 1)
  ('re', Rect(244.25, 439.72998046875, 244.72999572753906, 440.2099914550781), 1)
  ('re', Rect(244.72999572753906, 439.72998046875, 298.1300048828125, 440.2099914550781), 1)
  ('re', Rect(298.1300048828125, 420.04998779296875, 298.6100158691406, 439.72998046875), 1)
  ('re', Rect(298.1300048828125, 439.72998046875, 298.6100158691406, 440.2099914550781), 1)
  ('re', Rect(298.6099853515625, 439.72998046875, 351.6739807128906, 440.2099914550781), 1)
  ('re', Rect(351.6700134277344, 420.04998779296875, 352.1500244140625, 439.72998046875), 1)
  ('re', Rect(351.6700134277344, 439.72998046875, 352.1500244140625, 440.2099914550781), 1)
  ('re', Rect(352.1499938964844, 439.72998046875, 406.1499938964844, 440.2099914550781), 1)
  ('re', Rect(406.1499938964844, 420.04998779296875, 406.6299743652344, 439.72998046875), 1)
  ('re', Rect(406.1499938964844, 439.72998046875, 406.6299743652344, 440.2099914550781), 1)
  ('re', Rect(406.6300048828125, 439.72998046875, 460.05401611328125, 440.2099914550781), 1)
  ('re', Rect(460.05999755859375, 420.04998779296875, 460.5400085449219, 439.72998046875), 1)
  ('re', Rect(460.05999755859375, 439.72998046875, 460.5400085449219, 440.2099914550781), 1)
  ('re', Rect(460.5400085449219, 439.72998046875, 513.7000122070312, 440.2099914550781), 1)
  ('re', Rect(513.7000122070312, 420.04998779296875, 514.1800537109375, 439.72998046875), 1)
  ('re', Rect(513.7000122070312, 439.72998046875, 514.1800537109375, 440.2099914550781), 1)
  ('re', Rect(514.1799926757812, 439.72998046875, 560.3800048828125, 440.2099914550781), 1)
  ('re', Rect(560.3800048828125, 420.04998779296875, 560.8600463867188, 439.72998046875), 1)
  ('re', Rect(560.3800048828125, 439.72998046875, 560.8600463867188, 440.2099914550781), 1)
  ('re', Rect(560.3800048828125, 439.72998046875, 560.8600463867188, 440.2099914550781), 1)
  ('re', Rect(26.639999389648438, 446.22998046875, 522.9400024414062, 458.8299865722656), 1)
  ('re', Rect(26.639999389648438, 458.8299865722656, 529.2999877929688, 472.6299743652344), 1)
  ('re', Rect(26.639999389648438, 472.6300048828125, 547.2999877929688, 486.42999267578125), 1)
  ('re', Rect(475.29998779296875, 496.14996337890625, 567.0999755859375, 508.7499694824219), 1)
  ('re', Rect(88.10399627685547, 489.54998779296875, 471.2139892578125, 502.1499938964844), 1)
  ('re', Rect(30.239999771118164, 489.78997802734375, 84.02400207519531, 502.3899841308594), 1)
  ('re', Rect(30.239999771118164, 502.3899841308594, 84.02400207519531, 515.1099853515625), 1)
  ('re', Rect(27.84000015258789, 486.4299621582031, 28.31999969482422, 486.90997314453125), 1)
  ('re', Rect(27.84000015258789, 486.4299621582031, 28.31999969482422, 486.90997314453125), 1)
  ('re', Rect(28.31999969482422, 486.4299621582031, 85.70399475097656, 486.90997314453125), 1)
  ('re', Rect(85.7040023803711, 486.4299621582031, 86.18400573730469, 486.90997314453125), 1)
  ('re', Rect(86.18399810791016, 486.4299621582031, 472.89398193359375, 486.90997314453125), 1)
  ('re', Rect(472.8999938964844, 486.4299621582031, 473.3800048828125, 486.90997314453125), 1)
  ('re', Rect(473.3800048828125, 486.4299621582031, 568.780029296875, 486.90997314453125), 1)
  ('re', Rect(568.780029296875, 486.4299621582031, 569.260009765625, 486.90997314453125), 1)
  ('re', Rect(568.780029296875, 486.4299621582031, 569.260009765625, 486.90997314453125), 1)
  ('re', Rect(27.84000015258789, 486.90997314453125, 28.31999969482422, 504.78997802734375), 1)
  ('re', Rect(85.7040023803711, 486.90997314453125, 86.18400573730469, 504.78997802734375), 1)
  ('re', Rect(472.8999938964844, 486.90997314453125, 473.3800048828125, 504.78997802734375), 1)
  ('re', Rect(568.780029296875, 486.90997314453125, 569.260009765625, 504.78997802734375), 1)
  ('re', Rect(404.5899963378906, 505.2699890136719, 471.2139892578125, 517.989990234375), 1)
  ('re', Rect(326.95001220703125, 505.2699890136719, 402.4300231933594, 517.989990234375), 1)
  ('re', Rect(254.57000732421875, 505.2699890136719, 322.8740234375, 517.989990234375), 1)
  ('re', Rect(171.13999938964844, 505.2699890136719, 250.4840087890625, 517.989990234375), 1)
  ('re', Rect(88.10399627685547, 505.2699890136719, 166.94400024414062, 517.989990234375), 1)
  ('re', Rect(27.84000015258789, 504.78997802734375, 28.31999969482422, 505.2699890136719), 1)
  ('re', Rect(85.7040023803711, 504.78997802734375, 86.18400573730469, 505.2699890136719), 1)
  ('re', Rect(86.18399810791016, 504.78997802734375, 168.74398803710938, 505.2699890136719), 1)
  ('re', Rect(168.74000549316406, 504.78997802734375, 169.22000122070312, 505.2699890136719), 1)
  ('re', Rect(169.22000122070312, 504.78997802734375, 252.16400146484375, 505.2699890136719), 1)
  ('re', Rect(252.1699981689453, 504.78997802734375, 252.64999389648438, 505.2699890136719), 1)
  ('re', Rect(252.64999389648438, 504.78997802734375, 324.5539855957031, 505.2699890136719), 1)
  ('re', Rect(324.54998779296875, 504.78997802734375, 325.0299987792969, 505.2699890136719), 1)
  ('re', Rect(325.0299987792969, 504.78997802734375, 404.1099853515625, 505.2699890136719), 1)
  ('re', Rect(404.1099853515625, 504.78997802734375, 404.5899963378906, 505.2699890136719), 1)
  ('re', Rect(404.5899963378906, 504.78997802734375, 472.89398193359375, 505.2699890136719), 1)
  ('re', Rect(472.8999938964844, 504.78997802734375, 473.3800048828125, 505.2699890136719), 1)
  ('re', Rect(568.780029296875, 504.78997802734375, 569.260009765625, 505.2699890136719), 1)
  ('re', Rect(27.84000015258789, 505.2699890136719, 28.31999969482422, 517.989990234375), 1)
  ('re', Rect(85.7040023803711, 505.2699890136719, 86.18400573730469, 517.989990234375), 1)
  ('re', Rect(168.74000549316406, 505.2699890136719, 169.22000122070312, 517.989990234375), 1)
  ('re', Rect(252.1699981689453, 505.2699890136719, 252.64999389648438, 517.989990234375), 1)
  ('re', Rect(324.54998779296875, 505.2699890136719, 325.0299987792969, 517.989990234375), 1)
  ('re', Rect(404.1099853515625, 505.2699890136719, 404.5899963378906, 517.989990234375), 1)
  ('re', Rect(472.8999938964844, 505.2699890136719, 473.3800048828125, 517.989990234375), 1)
  ('re', Rect(568.780029296875, 505.2699890136719, 569.260009765625, 517.989990234375), 1)
  ('re', Rect(475.29998779296875, 521.3499755859375, 567.0999755859375, 535.1500244140625), 1)
  ('re', Rect(406.6300048828125, 521.3499755859375, 471.2139892578125, 535.1500244140625), 1)
  ('re', Rect(326.95001220703125, 521.3499755859375, 402.4300231933594, 535.1500244140625), 1)
  ('re', Rect(252.64999389648438, 521.3499755859375, 322.8739929199219, 535.1500244140625), 1)
  ('re', Rect(169.22000122070312, 521.3499755859375, 250.4840087890625, 535.1500244140625), 1)
  ('re', Rect(86.18399810791016, 521.3499755859375, 166.94400024414062, 535.1500244140625), 1)
  ('re', Rect(30.239999771118164, 521.3499755859375, 84.02400207519531, 535.1500244140625), 1)
  ('re', Rect(27.84000015258789, 517.989990234375, 28.31999969482422, 518.469970703125), 1)
  ('re', Rect(28.31999969482422, 517.989990234375, 85.70399475097656, 518.469970703125), 1)
  ('re', Rect(85.7040023803711, 517.989990234375, 86.18400573730469, 518.469970703125), 1)
  ('re', Rect(86.18399810791016, 517.989990234375, 168.74398803710938, 518.469970703125), 1)
  ('re', Rect(168.74000549316406, 517.989990234375, 169.22000122070312, 518.469970703125), 1)
  ('re', Rect(169.22000122070312, 517.989990234375, 252.16400146484375, 518.469970703125), 1)
  ('re', Rect(252.1699981689453, 517.989990234375, 252.64999389648438, 518.469970703125), 1)
  ('re', Rect(252.64999389648438, 517.989990234375, 324.5539855957031, 518.469970703125), 1)
  ('re', Rect(324.54998779296875, 517.989990234375, 325.0299987792969, 518.469970703125), 1)
  ('re', Rect(325.0299987792969, 517.989990234375, 404.1099853515625, 518.469970703125), 1)
  ('re', Rect(404.1099853515625, 517.989990234375, 404.5899963378906, 518.469970703125), 1)
  ('re', Rect(404.5899963378906, 517.989990234375, 472.89398193359375, 518.469970703125), 1)
  ('re', Rect(472.8999938964844, 517.989990234375, 473.3800048828125, 518.469970703125), 1)
  ('re', Rect(473.3800048828125, 517.989990234375, 568.780029296875, 518.469970703125), 1)
  ('re', Rect(568.780029296875, 517.989990234375, 569.260009765625, 518.469970703125), 1)
  ('re', Rect(27.84000015258789, 518.469970703125, 28.31999969482422, 538.0299682617188), 1)
  ('re', Rect(85.7040023803711, 518.469970703125, 86.18400573730469, 538.0299682617188), 1)
  ('re', Rect(168.74000549316406, 518.469970703125, 169.22000122070312, 538.0299682617188), 1)
  ('re', Rect(252.1699981689453, 518.469970703125, 252.64999389648438, 538.0299682617188), 1)
  ('re', Rect(324.54998779296875, 518.469970703125, 325.0299987792969, 538.0299682617188), 1)
  ('re', Rect(404.1099853515625, 518.469970703125, 404.5899963378906, 538.0299682617188), 1)
  ('re', Rect(472.8999938964844, 518.469970703125, 473.3800048828125, 538.0299682617188), 1)
  ('re', Rect(568.780029296875, 518.469970703125, 569.260009765625, 538.0299682617188), 1)
  ('re', Rect(475.29998779296875, 541.3900146484375, 567.0999755859375, 555.18994140625), 1)
  ('re', Rect(406.6300048828125, 541.3900146484375, 471.2139892578125, 555.18994140625), 1)
  ('re', Rect(326.95001220703125, 541.3900146484375, 402.4300231933594, 555.18994140625), 1)
  ('re', Rect(252.64999389648438, 541.3900146484375, 322.8739929199219, 555.18994140625), 1)
  ('re', Rect(169.22000122070312, 541.3900146484375, 250.4840087890625, 555.18994140625), 1)
  ('re', Rect(86.18399810791016, 541.3900146484375, 166.94400024414062, 555.18994140625), 1)
  ('re', Rect(30.239999771118164, 541.3900146484375, 84.02400207519531, 555.18994140625), 1)
  ('re', Rect(27.84000015258789, 538.0299072265625, 28.31999969482422, 538.510009765625), 1)
  ('re', Rect(28.31999969482422, 538.0299072265625, 85.70399475097656, 538.510009765625), 1)
  ('re', Rect(85.7040023803711, 538.0299072265625, 86.18400573730469, 538.510009765625), 1)
  ('re', Rect(86.18399810791016, 538.0299072265625, 168.74398803710938, 538.510009765625), 1)
  ('re', Rect(168.74000549316406, 538.0299072265625, 169.22000122070312, 538.510009765625), 1)
  ('re', Rect(169.22000122070312, 538.0299072265625, 252.16400146484375, 538.510009765625), 1)
  ('re', Rect(252.1699981689453, 538.0299072265625, 252.64999389648438, 538.510009765625), 1)
  ('re', Rect(252.64999389648438, 538.0299072265625, 324.5539855957031, 538.510009765625), 1)
  ('re', Rect(324.54998779296875, 538.0299072265625, 325.0299987792969, 538.510009765625), 1)
  ('re', Rect(325.0299987792969, 538.0299072265625, 404.1099853515625, 538.510009765625), 1)
  ('re', Rect(404.1099853515625, 538.0299072265625, 404.5899963378906, 538.510009765625), 1)
  ('re', Rect(404.5899963378906, 538.0299072265625, 472.89398193359375, 538.510009765625), 1)
  ('re', Rect(472.8999938964844, 538.0299072265625, 473.3800048828125, 538.510009765625), 1)
  ('re', Rect(473.3800048828125, 538.0299072265625, 568.780029296875, 538.510009765625), 1)
  ('re', Rect(568.780029296875, 538.0299072265625, 569.260009765625, 538.510009765625), 1)
  ('re', Rect(27.84000015258789, 538.510009765625, 28.31999969482422, 558.0699462890625), 1)
  ('re', Rect(85.7040023803711, 538.510009765625, 86.18400573730469, 558.0699462890625), 1)
  ('re', Rect(168.74000549316406, 538.510009765625, 169.22000122070312, 558.0699462890625), 1)
  ('re', Rect(252.1699981689453, 538.510009765625, 252.64999389648438, 558.0699462890625), 1)
  ('re', Rect(324.54998779296875, 538.510009765625, 325.0299987792969, 558.0699462890625), 1)
  ('re', Rect(404.1099853515625, 538.510009765625, 404.5899963378906, 558.0699462890625), 1)
  ('re', Rect(472.8999938964844, 538.510009765625, 473.3800048828125, 558.0699462890625), 1)
  ('re', Rect(568.780029296875, 538.510009765625, 569.260009765625, 558.0699462890625), 1)
  ('re', Rect(475.29998779296875, 561.4299926757812, 567.0999755859375, 575.22998046875), 1)
  ('re', Rect(406.6300048828125, 561.4299926757812, 471.2139892578125, 575.22998046875), 1)
  ('re', Rect(326.95001220703125, 561.4299926757812, 402.4300231933594, 575.22998046875), 1)
  ('re', Rect(252.64999389648438, 561.4299926757812, 322.8739929199219, 575.22998046875), 1)
  ('re', Rect(169.22000122070312, 561.4299926757812, 250.4840087890625, 575.22998046875), 1)
  ('re', Rect(86.18399810791016, 561.4299926757812, 166.94400024414062, 575.22998046875), 1)
  ('re', Rect(30.239999771118164, 561.4299926757812, 84.02400207519531, 575.22998046875), 1)
  ('re', Rect(27.84000015258789, 558.0700073242188, 28.31999969482422, 558.5499877929688), 1)
  ('re', Rect(28.31999969482422, 558.0700073242188, 85.70399475097656, 558.5499877929688), 1)
  ('re', Rect(85.7040023803711, 558.0700073242188, 86.18400573730469, 558.5499877929688), 1)
  ('re', Rect(86.18399810791016, 558.0700073242188, 168.74398803710938, 558.5499877929688), 1)
  ('re', Rect(168.74000549316406, 558.0700073242188, 169.22000122070312, 558.5499877929688), 1)
  ('re', Rect(169.22000122070312, 558.0700073242188, 252.16400146484375, 558.5499877929688), 1)
  ('re', Rect(252.1699981689453, 558.0700073242188, 252.64999389648438, 558.5499877929688), 1)
  ('re', Rect(252.64999389648438, 558.0700073242188, 324.5539855957031, 558.5499877929688), 1)
  ('re', Rect(324.54998779296875, 558.0700073242188, 325.0299987792969, 558.5499877929688), 1)
  ('re', Rect(325.0299987792969, 558.0700073242188, 404.1099853515625, 558.5499877929688), 1)
  ('re', Rect(404.1099853515625, 558.0700073242188, 404.5899963378906, 558.5499877929688), 1)
  ('re', Rect(404.5899963378906, 558.0700073242188, 472.89398193359375, 558.5499877929688), 1)
  ('re', Rect(472.8999938964844, 558.0700073242188, 473.3800048828125, 558.5499877929688), 1)
  ('re', Rect(473.3800048828125, 558.0700073242188, 568.780029296875, 558.5499877929688), 1)
  ('re', Rect(568.780029296875, 558.0700073242188, 569.260009765625, 558.5499877929688), 1)
  ('re', Rect(27.84000015258789, 558.5499877929688, 28.31999969482422, 578.1099853515625), 1)
  ('re', Rect(85.7040023803711, 558.5499877929688, 86.18400573730469, 578.1099853515625), 1)
  ('re', Rect(168.74000549316406, 558.5499877929688, 169.22000122070312, 578.1099853515625), 1)
  ('re', Rect(252.1699981689453, 558.5499877929688, 252.64999389648438, 578.1099853515625), 1)
  ('re', Rect(324.54998779296875, 558.5499877929688, 325.0299987792969, 578.1099853515625), 1)
  ('re', Rect(404.1099853515625, 558.5499877929688, 404.5899963378906, 578.1099853515625), 1)
  ('re', Rect(472.8999938964844, 558.5499877929688, 473.3800048828125, 578.1099853515625), 1)
  ('re', Rect(568.780029296875, 558.5499877929688, 569.260009765625, 578.1099853515625), 1)
  ('re', Rect(475.29998779296875, 582.0699462890625, 567.0999755859375, 594.6699829101562), 1)
  ('re', Rect(406.6300048828125, 581.469970703125, 471.2139892578125, 595.27001953125), 1)
  ('re', Rect(326.95001220703125, 581.469970703125, 402.4300231933594, 595.27001953125), 1)
  ('re', Rect(252.64999389648438, 581.469970703125, 322.8739929199219, 595.27001953125), 1)
  ('re', Rect(169.22000122070312, 581.469970703125, 250.4840087890625, 595.27001953125), 1)
  ('re', Rect(86.18399810791016, 581.469970703125, 166.94400024414062, 595.27001953125), 1)
  ('re', Rect(30.239999771118164, 581.469970703125, 84.02400207519531, 595.27001953125), 1)
  ('re', Rect(27.84000015258789, 578.1099853515625, 28.31999969482422, 578.5899658203125), 1)
  ('re', Rect(28.31999969482422, 578.1099853515625, 85.70399475097656, 578.5899658203125), 1)
  ('re', Rect(85.7040023803711, 578.1099853515625, 86.18400573730469, 578.5899658203125), 1)
  ('re', Rect(86.18399810791016, 578.1099853515625, 168.74398803710938, 578.5899658203125), 1)
  ('re', Rect(168.74000549316406, 578.1099853515625, 169.22000122070312, 578.5899658203125), 1)
  ('re', Rect(169.22000122070312, 578.1099853515625, 252.16400146484375, 578.5899658203125), 1)
  ('re', Rect(252.1699981689453, 578.1099853515625, 252.64999389648438, 578.5899658203125), 1)
  ('re', Rect(252.64999389648438, 578.1099853515625, 324.5539855957031, 578.5899658203125), 1)
  ('re', Rect(324.54998779296875, 578.1099853515625, 325.0299987792969, 578.5899658203125), 1)
  ('re', Rect(325.0299987792969, 578.1099853515625, 404.1099853515625, 578.5899658203125), 1)
  ('re', Rect(404.1099853515625, 578.1099853515625, 404.5899963378906, 578.5899658203125), 1)
  ('re', Rect(404.5899963378906, 578.1099853515625, 472.89398193359375, 578.5899658203125), 1)
  ('re', Rect(472.8999938964844, 578.1099853515625, 473.3800048828125, 578.5899658203125), 1)
  ('re', Rect(473.3800048828125, 578.1099853515625, 568.780029296875, 578.5899658203125), 1)
  ('re', Rect(568.780029296875, 578.1099853515625, 569.260009765625, 578.5899658203125), 1)
  ('re', Rect(27.84000015258789, 578.5899658203125, 28.31999969482422, 598.1499633789062), 1)
  ('re', Rect(27.84000015258789, 598.1499633789062, 28.31999969482422, 598.6300048828125), 1)
  ('re', Rect(27.84000015258789, 598.1499633789062, 28.31999969482422, 598.6300048828125), 1)
  ('re', Rect(28.31999969482422, 598.1499633789062, 85.70399475097656, 598.6300048828125), 1)
  ('re', Rect(85.7040023803711, 578.5899658203125, 86.18400573730469, 598.1499633789062), 1)
  ('re', Rect(85.7040023803711, 598.1499633789062, 86.18400573730469, 598.6300048828125), 1)
  ('re', Rect(86.18399810791016, 598.1499633789062, 168.74398803710938, 598.6300048828125), 1)
  ('re', Rect(168.74000549316406, 578.5899658203125, 169.22000122070312, 598.1499633789062), 1)
  ('re', Rect(168.74000549316406, 598.1499633789062, 169.22000122070312, 598.6300048828125), 1)
  ('re', Rect(169.22000122070312, 598.1499633789062, 252.16400146484375, 598.6300048828125), 1)
  ('re', Rect(252.1699981689453, 578.5899658203125, 252.64999389648438, 598.1499633789062), 1)
  ('re', Rect(252.1699981689453, 598.1499633789062, 252.64999389648438, 598.6300048828125), 1)
  ('re', Rect(252.64999389648438, 598.1499633789062, 324.5539855957031, 598.6300048828125), 1)
  ('re', Rect(324.54998779296875, 578.5899658203125, 325.0299987792969, 598.1499633789062), 1)
  ('re', Rect(324.54998779296875, 598.1499633789062, 325.0299987792969, 598.6300048828125), 1)
  ('re', Rect(325.0299987792969, 598.1499633789062, 404.1099853515625, 598.6300048828125), 1)
  ('re', Rect(404.1099853515625, 578.5899658203125, 404.5899963378906, 598.1499633789062), 1)
  ('re', Rect(404.1099853515625, 598.1499633789062, 404.5899963378906, 598.6300048828125), 1)
  ('re', Rect(404.5899963378906, 598.1499633789062, 472.89398193359375, 598.6300048828125), 1)
  ('re', Rect(472.8999938964844, 578.5899658203125, 473.3800048828125, 598.1499633789062), 1)
  ('re', Rect(472.8999938964844, 598.1499633789062, 473.3800048828125, 598.6300048828125), 1)
  ('re', Rect(473.3800048828125, 598.1499633789062, 568.780029296875, 598.6300048828125), 1)
  ('re', Rect(568.780029296875, 578.5899658203125, 569.260009765625, 598.1499633789062), 1)
  ('re', Rect(568.780029296875, 598.1499633789062, 569.260009765625, 598.6300048828125), 1)
  ('re', Rect(568.780029296875, 598.1499633789062, 569.260009765625, 598.6300048828125), 1)
  ('re', Rect(26.639999389648438, 604.6300048828125, 546.9400024414062, 615.0699462890625), 1)
  ('re', Rect(26.639999389648438, 615.0759887695312, 547.0599975585938, 625.4199829101562), 1)
  ('re', Rect(26.639999389648438, 625.4199829101562, 547.0599975585938, 635.739990234375), 1)
  ('re', Rect(26.639999389648438, 635.739990234375, 547.0599975585938, 646.0599975585938), 1)
  ('re', Rect(26.639999389648438, 646.0599975585938, 547.0599975585938, 656.5), 1)
  ('re', Rect(26.639999389648438, 656.5, 547.0599975585938, 666.8199462890625), 1)
  ('re', Rect(26.639999389648438, 666.8199462890625, 547.0599975585938, 677.1400146484375), 1)
  ('re', Rect(26.639999389648438, 677.1400146484375, 547.0599975585938, 687.4599609375), 1)
  ('re', Rect(26.639999389648438, 687.4599609375, 547.0599975585938, 697.8999633789062), 1)
  ('re', Rect(26.639999389648438, 697.9000244140625, 547.0599975585938, 708.219970703125), 1)
  ('re', Rect(26.639999389648438, 708.219970703125, 547.0599975585938, 718.5399780273438), 1)
  ('re', Rect(26.639999389648438, 718.5399780273438, 547.0599975585938, 728.8599853515625), 1)
  ('re', Rect(26.639999389648438, 736.89599609375, 568.2999877929688, 746.135986328125), 1)
  ('re', Rect(26.639999389648438, 749.135986328125, 554.1400146484375, 758.3759765625), 1)
  ('re', Rect(26.639999389648438, 761.3759765625, 568.2999877929688, 773.4959716796875), 1)
  ('re', Rect(26.639999389648438, 773.4959716796875, 568.2999877929688, 785.7359619140625), 1)
  ('re', Rect(26.639999389648438, 785.7359619140625, 568.2999877929688, 794.9759521484375), 1)
  ('re', Rect(26.639999389648438, 797.9759521484375, 511.41998291015625, 812.8800048828125), 1)
  ('re', Rect(456.3599853515625, 96.0, 474.8399963378906, 111.239990234375), 1)
  ('re', Rect(438.0, 96.0, 456.4800109863281, 111.239990234375), 1)
  ('re', Rect(419.6400146484375, 96.0, 438.2400207519531, 111.239990234375), 1)
  ('re', Rect(401.2799987792969, 96.0, 419.8800048828125, 111.239990234375), 1)
  ('re', Rect(383.0400085449219, 96.0, 401.52001953125, 111.239990234375), 1)
  ('re', Rect(364.67999267578125, 96.0, 383.1600036621094, 111.239990234375), 1)
  ('re', Rect(346.32000732421875, 96.0, 364.8000183105469, 111.239990234375), 1)
  ('re', Rect(327.9599914550781, 96.0, 346.55999755859375, 111.239990234375), 1)
  ('re', Rect(233.8800048828125, 49.91998291015625, 250.0800018310547, 65.15997314453125), 1)
  ('re', Rect(315.3599853515625, 51.1199951171875, 333.3599853515625, 66.3599853515625), 1)
  ('re', Rect(333.1199951171875, 51.1199951171875, 351.1199951171875, 66.3599853515625), 1)
  ('re', Rect(350.8800048828125, 51.1199951171875, 368.8800048828125, 66.3599853515625), 1)
  ('re', Rect(438.9599914550781, 137.27996826171875, 457.67999267578125, 152.51995849609375), 1)
  ('re', Rect(457.55999755859375, 137.27996826171875, 476.2799987792969, 152.51995849609375), 1)
  ('re', Rect(392.6400146484375, 137.27996826171875, 411.3600158691406, 152.51995849609375), 1)
  ('re', Rect(411.239990234375, 137.27996826171875, 429.9599914550781, 152.51995849609375), 1)
  ('re', Rect(346.32000732421875, 137.27996826171875, 365.0400085449219, 152.51995849609375), 1)
  ('re', Rect(364.9200134277344, 137.27996826171875, 383.6400146484375, 152.51995849609375), 1)
  ('re', Rect(309.3599853515625, 137.27996826171875, 328.0799865722656, 152.51995849609375), 1)
  ('re', Rect(327.8399963378906, 137.27996826171875, 346.55999755859375, 152.51995849609375), 1)
=== PAGE 10 GRAPHICS ===
  ('re', Rect(26.639999389648438, 14.15997314453125, 511.41998291015625, 29.15997314453125), 1)
  ('re', Rect(26.639999389648438, 29.15997314453125, 511.41998291015625, 44.03997802734375), 1)
  ('re', Rect(26.639999389648438, 44.03997802734375, 511.41998291015625, 59.03997802734375), 1)
  ('re', Rect(26.639999389648438, 59.03997802734375, 511.41998291015625, 74.03997802734375), 1)
  ('re', Rect(26.639999389648438, 74.03997802734375, 547.2999877929688, 78.5999755859375), 1)
  ('re', Rect(26.639999389648438, 78.59600830078125, 541.6600341796875, 92.41998291015625), 1)
  ('re', Rect(26.639999389648438, 92.41998291015625, 505.65997314453125, 106.219970703125), 1)
  ('re', Rect(26.639999389648438, 106.22003173828125, 525.8200073242188, 118.82000732421875), 1)
  ('re', Rect(26.639999389648438, 118.8199462890625, 525.8200073242188, 130.3399658203125), 1)
  ('re', Rect(26.639999389648438, 130.3399658203125, 511.65997314453125, 134.89996337890625), 1)
  ('re', Rect(26.639999389648438, 134.9000244140625, 525.8200073242188, 147.6199951171875), 1)
  ('re', Rect(500.0199890136719, 171.61993408203125, 566.6199951171875, 183.13995361328125), 1)
  ('re', Rect(500.0199890136719, 183.13995361328125, 566.6199951171875, 194.65997314453125), 1)
  ('re', Rect(500.0199890136719, 194.65997314453125, 566.6199951171875, 206.05999755859375), 1)
  ('re', Rect(457.5400085449219, 177.37994384765625, 492.1000061035156, 188.89996337890625), 1)
  ('re', Rect(457.5400085449219, 188.89996337890625, 492.1000061035156, 200.29998779296875), 1)
  ('re', Rect(414.9100036621094, 165.8599853515625, 449.614013671875, 177.3800048828125), 1)
  ('re', Rect(414.9100036621094, 177.37994384765625, 449.614013671875, 188.89996337890625), 1)
  ('re', Rect(414.9100036621094, 188.89996337890625, 449.614013671875, 200.29998779296875), 1)
  ('re', Rect(414.9100036621094, 200.29998779296875, 449.614013671875, 211.82000732421875), 1)
  ('re', Rect(308.57000732421875, 171.61993408203125, 406.9940185546875, 183.13995361328125), 1)
  ('re', Rect(308.57000732421875, 183.13995361328125, 406.9940185546875, 194.65997314453125), 1)
  ('re', Rect(308.57000732421875, 194.65997314453125, 406.9940185546875, 206.05999755859375), 1)
  ('re', Rect(230.57000732421875, 160.0999755859375, 300.6500244140625, 171.6199951171875), 1)
  ('re', Rect(230.57000732421875, 171.61993408203125, 300.6500244140625, 183.13995361328125), 1)
  ('re', Rect(230.57000732421875, 183.13995361328125, 300.6500244140625, 194.65997314453125), 1)
  ('re', Rect(230.57000732421875, 194.65997314453125, 300.6500244140625, 206.05999755859375), 1)
  ('re', Rect(230.57000732421875, 206.0599365234375, 300.6500244140625, 217.5799560546875), 1)
  ('re', Rect(166.82000732421875, 165.8599853515625, 222.76400756835938, 177.3800048828125), 1)
  ('re', Rect(166.82000732421875, 177.37994384765625, 222.76400756835938, 188.89996337890625), 1)
  ('re', Rect(166.82000732421875, 188.89996337890625, 222.76400756835938, 200.29998779296875), 1)
  ('re', Rect(166.82000732421875, 200.29998779296875, 222.76400756835938, 211.82000732421875), 1)
  ('re', Rect(88.8239974975586, 165.8599853515625, 158.90399169921875, 177.3800048828125), 1)
  ('re', Rect(88.8239974975586, 177.37994384765625, 158.90399169921875, 188.89996337890625), 1)
  ('re', Rect(88.8239974975586, 188.89996337890625, 158.90399169921875, 200.29998779296875), 1)
  ('re', Rect(88.8239974975586, 200.29998779296875, 158.90399169921875, 211.82000732421875), 1)
  ('re', Rect(32.15999984741211, 171.61993408203125, 81.02400207519531, 183.13995361328125), 1)
  ('re', Rect(32.15999984741211, 183.13995361328125, 81.02400207519531, 194.65997314453125), 1)
  ('re', Rect(32.15999984741211, 194.65997314453125, 81.02400207519531, 206.05999755859375), 1)
  ('re', Rect(27.84000015258789, 159.6199951171875, 28.31999969482422, 160.0999755859375), 1)
  ('re', Rect(27.84000015258789, 159.6199951171875, 28.31999969482422, 160.0999755859375), 1)
  ('re', Rect(28.31999969482422, 159.6199951171875, 84.6240005493164, 160.0999755859375), 1)
  ('re', Rect(84.6240005493164, 159.6199951171875, 85.10400390625, 160.0999755859375), 1)
  ('re', Rect(85.10399627685547, 159.6199951171875, 162.62399291992188, 160.0999755859375), 1)
  ('re', Rect(162.6199951171875, 159.6199951171875, 163.09999084472656, 160.0999755859375), 1)
  ('re', Rect(163.10000610351562, 159.6199951171875, 226.364013671875, 160.0999755859375), 1)
  ('re', Rect(226.3699951171875, 159.6199951171875, 226.85000610351562, 160.0999755859375), 1)
  ('re', Rect(226.85000610351562, 159.6199951171875, 304.3699951171875, 160.0999755859375), 1)
  ('re', Rect(304.3699951171875, 159.6199951171875, 304.8499755859375, 160.0999755859375), 1)
  ('re', Rect(304.8500061035156, 159.6199951171875, 410.71002197265625, 160.0999755859375), 1)
  ('re', Rect(410.7099914550781, 159.6199951171875, 411.19000244140625, 160.0999755859375), 1)
  ('re', Rect(411.19000244140625, 159.6199951171875, 453.2139892578125, 160.0999755859375), 1)
  ('re', Rect(453.2200012207031, 159.6199951171875, 453.70001220703125, 160.0999755859375), 1)
  ('re', Rect(453.70001220703125, 159.6199951171875, 495.70001220703125, 160.0999755859375), 1)
  ('re', Rect(495.70001220703125, 159.6199951171875, 496.17999267578125, 160.0999755859375), 1)
  ('re', Rect(496.17999267578125, 159.6199951171875, 570.3399658203125, 160.0999755859375), 1)
  ('re', Rect(570.3400268554688, 159.6199951171875, 570.8440551757812, 160.0999755859375), 1)
  ('re', Rect(570.3400268554688, 159.6199951171875, 570.8440551757812, 160.0999755859375), 1)
  ('re', Rect(27.84000015258789, 160.0999755859375, 28.31999969482422, 217.5799560546875), 1)
  ('re', Rect(84.6240005493164, 160.0999755859375, 85.10400390625, 217.5799560546875), 1)
  ('re', Rect(162.6199951171875, 160.0999755859375, 163.09999084472656, 217.5799560546875), 1)
  ('re', Rect(226.3699951171875, 160.0999755859375, 226.85000610351562, 217.5799560546875), 1)
  ('re', Rect(304.3699951171875, 160.0999755859375, 304.8499755859375, 217.5799560546875), 1)
  ('re', Rect(410.7099914550781, 160.0999755859375, 411.19000244140625, 217.5799560546875), 1)
  ('re', Rect(453.2200012207031, 160.0999755859375, 453.70001220703125, 217.5799560546875), 1)
  ('re', Rect(495.70001220703125, 160.0999755859375, 496.17999267578125, 217.5799560546875), 1)
  ('re', Rect(570.3400268554688, 160.0999755859375, 570.8440551757812, 217.5799560546875), 1)
  ('re', Rect(500.0199890136719, 246.25994873046875, 566.6199951171875, 257.65997314453125), 1)
  ('re', Rect(457.5400085449219, 225.13995361328125, 492.1000061035156, 236.65997314453125), 1)
  ('re', Rect(414.9100036621094, 225.13995361328125, 449.614013671875, 236.65997314453125), 1)
  ('re', Rect(308.57000732421875, 225.13995361328125, 406.9940185546875, 236.65997314453125), 1)
  ('re', Rect(230.57000732421875, 225.13995361328125, 300.6500244140625, 236.65997314453125), 1)
  ('re', Rect(166.82000732421875, 225.13995361328125, 222.76400756835938, 236.65997314453125), 1)
  ('re', Rect(88.8239974975586, 225.13995361328125, 158.90399169921875, 236.65997314453125), 1)
  ('re', Rect(32.15999984741211, 225.13995361328125, 81.02400207519531, 236.65997314453125), 1)
  ('re', Rect(27.84000015258789, 217.58001708984375, 28.31999969482422, 218.05999755859375), 1)
  ('re', Rect(28.31999969482422, 217.58001708984375, 84.6240005493164, 218.05999755859375), 1)
  ('re', Rect(84.6240005493164, 217.58001708984375, 85.10400390625, 218.05999755859375), 1)
  ('re', Rect(85.10399627685547, 217.58001708984375, 162.62399291992188, 218.05999755859375), 1)
  ('re', Rect(162.6199951171875, 217.58001708984375, 163.09999084472656, 218.05999755859375), 1)
  ('re', Rect(163.10000610351562, 217.58001708984375, 226.364013671875, 218.05999755859375), 1)
  ('re', Rect(226.3699951171875, 217.58001708984375, 226.85000610351562, 218.05999755859375), 1)
  ('re', Rect(226.85000610351562, 217.58001708984375, 304.3699951171875, 218.05999755859375), 1)
  ('re', Rect(304.3699951171875, 217.58001708984375, 304.8499755859375, 218.05999755859375), 1)
  ('re', Rect(304.8500061035156, 217.58001708984375, 410.71002197265625, 218.05999755859375), 1)
  ('re', Rect(410.7099914550781, 217.58001708984375, 411.19000244140625, 218.05999755859375), 1)
  ('re', Rect(411.19000244140625, 217.58001708984375, 453.2139892578125, 218.05999755859375), 1)
  ('re', Rect(453.2200012207031, 217.58001708984375, 453.70001220703125, 218.05999755859375), 1)
  ('re', Rect(453.70001220703125, 217.58001708984375, 495.70001220703125, 218.05999755859375), 1)
  ('re', Rect(495.70001220703125, 217.58001708984375, 496.17999267578125, 218.05999755859375), 1)
  ('re', Rect(496.17999267578125, 217.58001708984375, 570.3399658203125, 218.05999755859375), 1)
  ('re', Rect(570.3400268554688, 217.58001708984375, 570.8440551757812, 218.05999755859375), 1)
  ('re', Rect(27.84000015258789, 218.05999755859375, 28.31999969482422, 243.6199951171875), 1)
  ('re', Rect(84.6240005493164, 218.05999755859375, 85.10400390625, 243.6199951171875), 1)
  ('re', Rect(162.6199951171875, 218.05999755859375, 163.09999084472656, 243.6199951171875), 1)
  ('re', Rect(226.3699951171875, 218.05999755859375, 226.85000610351562, 243.6199951171875), 1)
  ('re', Rect(304.3699951171875, 218.05999755859375, 304.8499755859375, 243.6199951171875), 1)
  ('re', Rect(410.7099914550781, 218.05999755859375, 411.19000244140625, 243.6199951171875), 1)
  ('re', Rect(453.2200012207031, 218.05999755859375, 453.70001220703125, 243.6199951171875), 1)
  ('re', Rect(495.70001220703125, 218.05999755859375, 496.17999267578125, 243.6199951171875), 1)
  ('re', Rect(570.3400268554688, 218.05999755859375, 570.8440551757812, 243.6199951171875), 1)
  ('re', Rect(457.5400085449219, 248.53997802734375, 492.1000061035156, 260.05999755859375), 1)
  ('re', Rect(414.9100036621094, 248.53997802734375, 449.614013671875, 260.05999755859375), 1)
  ('re', Rect(308.57000732421875, 248.53997802734375, 406.9940185546875, 260.05999755859375), 1)
  ('re', Rect(230.57000732421875, 248.53997802734375, 300.6500244140625, 260.05999755859375), 1)
  ('re', Rect(166.82000732421875, 248.53997802734375, 222.76400756835938, 260.05999755859375), 1)
  ('re', Rect(88.8239974975586, 248.53997802734375, 158.90399169921875, 260.05999755859375), 1)
  ('re', Rect(32.15999984741211, 248.53997802734375, 81.02400207519531, 260.05999755859375), 1)
  ('re', Rect(27.84000015258789, 243.6199951171875, 28.31999969482422, 244.0999755859375), 1)
  ('re', Rect(28.31999969482422, 243.6199951171875, 84.6240005493164, 244.0999755859375), 1)
  ('re', Rect(84.6240005493164, 243.6199951171875, 85.10400390625, 244.0999755859375), 1)
  ('re', Rect(85.10399627685547, 243.6199951171875, 162.62399291992188, 244.0999755859375), 1)
  ('re', Rect(162.6199951171875, 243.6199951171875, 163.09999084472656, 244.0999755859375), 1)
  ('re', Rect(163.10000610351562, 243.6199951171875, 226.364013671875, 244.0999755859375), 1)
  ('re', Rect(226.3699951171875, 243.6199951171875, 226.85000610351562, 244.0999755859375), 1)
  ('re', Rect(226.85000610351562, 243.6199951171875, 304.3699951171875, 244.0999755859375), 1)
  ('re', Rect(304.3699951171875, 243.6199951171875, 304.8499755859375, 244.0999755859375), 1)
  ('re', Rect(304.8500061035156, 243.6199951171875, 410.71002197265625, 244.0999755859375), 1)
  ('re', Rect(410.7099914550781, 243.6199951171875, 411.19000244140625, 244.0999755859375), 1)
  ('re', Rect(411.19000244140625, 243.6199951171875, 453.2139892578125, 244.0999755859375), 1)
  ('re', Rect(453.2200012207031, 243.6199951171875, 453.70001220703125, 244.0999755859375), 1)
  ('re', Rect(453.70001220703125, 243.6199951171875, 495.70001220703125, 244.0999755859375), 1)
  ('re', Rect(495.70001220703125, 243.6199951171875, 496.17999267578125, 244.0999755859375), 1)
  ('re', Rect(570.3400268554688, 243.6199951171875, 570.8440551757812, 244.0999755859375), 1)
  ('re', Rect(27.84000015258789, 244.0999755859375, 28.31999969482422, 264.5), 1)
  ('re', Rect(84.6240005493164, 244.0999755859375, 85.10400390625, 264.5), 1)
  ('re', Rect(162.6199951171875, 244.0999755859375, 163.09999084472656, 264.5), 1)
  ('re', Rect(226.3699951171875, 244.0999755859375, 226.85000610351562, 264.5), 1)
  ('re', Rect(304.3699951171875, 244.0999755859375, 304.8499755859375, 264.5), 1)
  ('re', Rect(410.7099914550781, 244.0999755859375, 411.19000244140625, 264.5), 1)
  ('re', Rect(453.2200012207031, 244.0999755859375, 453.70001220703125, 264.5), 1)
  ('re', Rect(495.70001220703125, 244.0999755859375, 496.17999267578125, 264.5), 1)
  ('re', Rect(570.3400268554688, 244.0999755859375, 570.8440551757812, 264.5), 1)
  ('re', Rect(457.5400085449219, 269.68994140625, 492.1000061035156, 281.2099609375), 1)
  ('re', Rect(414.9100036621094, 269.68994140625, 449.614013671875, 281.2099609375), 1)
  ('re', Rect(308.57000732421875, 269.68994140625, 406.9940185546875, 281.2099609375), 1)
  ('re', Rect(230.57000732421875, 269.68994140625, 300.6500244140625, 281.2099609375), 1)
  ('re', Rect(166.82000732421875, 269.68994140625, 222.76400756835938, 281.2099609375), 1)
  ('re', Rect(88.8239974975586, 269.68994140625, 158.90399169921875, 281.2099609375), 1)
  ('re', Rect(32.15999984741211, 269.68994140625, 81.02400207519531, 281.2099609375), 1)
  ('re', Rect(27.84000015258789, 264.5, 28.31999969482422, 264.97998046875), 1)
  ('re', Rect(28.31999969482422, 264.5, 84.6240005493164, 264.97998046875), 1)
  ('re', Rect(84.6240005493164, 264.5, 85.10400390625, 264.97998046875), 1)
  ('re', Rect(85.10399627685547, 264.5, 162.62399291992188, 264.97998046875), 1)
  ('re', Rect(162.6199951171875, 264.5, 163.09999084472656, 264.97998046875), 1)
  ('re', Rect(163.10000610351562, 264.5, 226.364013671875, 264.97998046875), 1)
  ('re', Rect(226.3699951171875, 264.5, 226.85000610351562, 264.97998046875), 1)
  ('re', Rect(226.85000610351562, 264.5, 304.3699951171875, 264.97998046875), 1)
  ('re', Rect(304.3699951171875, 264.5, 304.8499755859375, 264.97998046875), 1)
  ('re', Rect(304.8500061035156, 264.5, 410.71002197265625, 264.97998046875), 1)
  ('re', Rect(410.7099914550781, 264.5, 411.19000244140625, 264.97998046875), 1)
  ('re', Rect(411.19000244140625, 264.5, 453.2139892578125, 264.97998046875), 1)
  ('re', Rect(453.2200012207031, 264.5, 453.70001220703125, 264.97998046875), 1)
  ('re', Rect(453.70001220703125, 264.5, 495.70001220703125, 264.97998046875), 1)
  ('re', Rect(495.70001220703125, 264.5, 496.17999267578125, 264.97998046875), 1)
  ('re', Rect(570.3400268554688, 264.5, 570.8440551757812, 264.97998046875), 1)
  ('re', Rect(27.84000015258789, 264.9859619140625, 28.31999969482422, 285.88995361328125), 1)
  ('re', Rect(84.6240005493164, 264.9859619140625, 85.10400390625, 285.88995361328125), 1)
  ('re', Rect(162.6199951171875, 264.9859619140625, 163.09999084472656, 285.88995361328125), 1)
  ('re', Rect(226.3699951171875, 264.9859619140625, 226.85000610351562, 285.88995361328125), 1)
  ('re', Rect(304.3699951171875, 264.9859619140625, 304.8499755859375, 285.88995361328125), 1)
  ('re', Rect(410.7099914550781, 264.9859619140625, 411.19000244140625, 285.88995361328125), 1)
  ('re', Rect(453.2200012207031, 264.9859619140625, 453.70001220703125, 285.88995361328125), 1)
  ('re', Rect(495.70001220703125, 264.9859619140625, 496.17999267578125, 285.88995361328125), 1)
  ('re', Rect(570.3400268554688, 264.9859619140625, 570.8440551757812, 285.88995361328125), 1)
  ('re', Rect(308.57000732421875, 289.36993408203125, 566.6199951171875, 300.88995361328125), 1)
  ('re', Rect(230.57000732421875, 289.36993408203125, 300.6500244140625, 300.88995361328125), 1)
  ('re', Rect(166.82000732421875, 289.36993408203125, 222.76400756835938, 300.88995361328125), 1)
  ('re', Rect(88.8239974975586, 289.36993408203125, 158.90399169921875, 300.88995361328125), 1)
  ('re', Rect(32.15999984741211, 289.36993408203125, 81.02400207519531, 300.88995361328125), 1)
  ('re', Rect(27.84000015258789, 285.8900146484375, 28.31999969482422, 286.3699951171875), 1)
  ('re', Rect(28.31999969482422, 285.8900146484375, 84.6240005493164, 286.3699951171875), 1)
  ('re', Rect(84.6240005493164, 285.8900146484375, 85.10400390625, 286.3699951171875), 1)
  ('re', Rect(85.10399627685547, 285.8900146484375, 162.62399291992188, 286.3699951171875), 1)
  ('re', Rect(162.6199951171875, 285.8900146484375, 163.09999084472656, 286.3699951171875), 1)
  ('re', Rect(163.10000610351562, 285.8900146484375, 226.364013671875, 286.3699951171875), 1)
  ('re', Rect(226.3699951171875, 285.8900146484375, 226.85000610351562, 286.3699951171875), 1)
  ('re', Rect(226.85000610351562, 285.8900146484375, 304.3699951171875, 286.3699951171875), 1)
  ('re', Rect(304.3699951171875, 285.8900146484375, 304.8499755859375, 286.3699951171875), 1)
  ('re', Rect(304.8500061035156, 285.8900146484375, 410.71002197265625, 286.3699951171875), 1)
  ('re', Rect(410.7099914550781, 285.8900146484375, 411.19000244140625, 286.3699951171875), 1)
  ('re', Rect(411.19000244140625, 285.8900146484375, 453.2139892578125, 286.3699951171875), 1)
  ('re', Rect(453.2200012207031, 285.8900146484375, 453.70001220703125, 286.3699951171875), 1)
  ('re', Rect(453.70001220703125, 285.8900146484375, 495.70001220703125, 286.3699951171875), 1)
  ('re', Rect(495.70001220703125, 285.8900146484375, 496.17999267578125, 286.3699951171875), 1)
  ('re', Rect(496.17999267578125, 285.8900146484375, 570.3399658203125, 286.3699951171875), 1)
  ('re', Rect(570.3400268554688, 285.8900146484375, 570.8440551757812, 286.3699951171875), 1)
  ('re', Rect(27.84000015258789, 286.3699951171875, 28.31999969482422, 304.010009765625), 1)
  ('re', Rect(84.6240005493164, 286.3699951171875, 85.10400390625, 304.010009765625), 1)
  ('re', Rect(162.6199951171875, 286.3699951171875, 163.09999084472656, 304.010009765625), 1)
  ('re', Rect(226.3699951171875, 286.3699951171875, 226.85000610351562, 304.010009765625), 1)
  ('re', Rect(304.3699951171875, 286.3699951171875, 304.8499755859375, 304.010009765625), 1)
  ('re', Rect(570.3400268554688, 286.3699951171875, 570.8440551757812, 304.010009765625), 1)
  ('re', Rect(500.0199890136719, 336.4100036621094, 566.6199951171875, 347.80999755859375), 1)
  ('re', Rect(457.5400085449219, 311.449951171875, 492.1000061035156, 322.969970703125), 1)
  ('re', Rect(414.9100036621094, 311.449951171875, 449.614013671875, 322.969970703125), 1)
  ('re', Rect(308.57000732421875, 311.449951171875, 406.9940185546875, 322.969970703125), 1)
  ('re', Rect(230.57000732421875, 311.449951171875, 300.6500244140625, 322.969970703125), 1)
  ('re', Rect(166.82000732421875, 311.449951171875, 222.76400756835938, 322.969970703125), 1)
  ('re', Rect(88.8239974975586, 311.449951171875, 158.90399169921875, 322.969970703125), 1)
  ('re', Rect(32.15999984741211, 311.449951171875, 81.02400207519531, 322.969970703125), 1)
  ('re', Rect(27.84000015258789, 304.010009765625, 28.31999969482422, 304.489990234375), 1)
  ('re', Rect(28.31999969482422, 304.010009765625, 84.6240005493164, 304.489990234375), 1)
  ('re', Rect(84.6240005493164, 304.010009765625, 85.10400390625, 304.489990234375), 1)
  ('re', Rect(85.10399627685547, 304.010009765625, 162.62399291992188, 304.489990234375), 1)
  ('re', Rect(162.6199951171875, 304.010009765625, 163.09999084472656, 304.489990234375), 1)
  ('re', Rect(163.10000610351562, 304.010009765625, 226.364013671875, 304.489990234375), 1)
  ('re', Rect(226.3699951171875, 304.010009765625, 226.85000610351562, 304.489990234375), 1)
  ('re', Rect(226.85000610351562, 304.010009765625, 304.3699951171875, 304.489990234375), 1)
  ('re', Rect(304.3699951171875, 304.010009765625, 304.8499755859375, 304.489990234375), 1)
  ('re', Rect(304.8500061035156, 304.010009765625, 410.71002197265625, 304.489990234375), 1)
  ('re', Rect(410.7099914550781, 304.010009765625, 411.19000244140625, 304.489990234375), 1)
  ('re', Rect(411.19000244140625, 304.010009765625, 453.2139892578125, 304.489990234375), 1)
  ('re', Rect(453.2200012207031, 304.010009765625, 453.70001220703125, 304.489990234375), 1)
  ('re', Rect(453.70001220703125, 304.010009765625, 495.70001220703125, 304.489990234375), 1)
  ('re', Rect(495.70001220703125, 304.010009765625, 496.17999267578125, 304.489990234375), 1)
  ('re', Rect(496.17999267578125, 304.010009765625, 570.3399658203125, 304.489990234375), 1)
  ('re', Rect(570.3400268554688, 304.010009765625, 570.8440551757812, 304.489990234375), 1)
  ('re', Rect(27.84000015258789, 304.489990234375, 28.31999969482422, 329.92999267578125), 1)
  ('re', Rect(84.6240005493164, 304.489990234375, 85.10400390625, 329.92999267578125), 1)
  ('re', Rect(162.6199951171875, 304.489990234375, 163.09999084472656, 329.92999267578125), 1)
  ('re', Rect(226.3699951171875, 304.489990234375, 226.85000610351562, 329.92999267578125), 1)
  ('re', Rect(304.3699951171875, 304.489990234375, 304.8499755859375, 329.92999267578125), 1)
  ('re', Rect(410.7099914550781, 304.489990234375, 411.19000244140625, 329.92999267578125), 1)
  ('re', Rect(453.2200012207031, 304.489990234375, 453.70001220703125, 329.92999267578125), 1)
  ('re', Rect(495.70001220703125, 304.489990234375, 496.17999267578125, 329.92999267578125), 1)
  ('re', Rect(570.3400268554688, 304.489990234375, 570.8440551757812, 329.92999267578125), 1)
  ('re', Rect(457.5400085449219, 336.4100036621094, 492.1000061035156, 347.80999755859375), 1)
  ('re', Rect(414.9100036621094, 336.4100036621094, 449.614013671875, 347.80999755859375), 1)
  ('re', Rect(308.57000732421875, 336.4100036621094, 406.9940185546875, 347.80999755859375), 1)
  ('re', Rect(230.57000732421875, 336.4100036621094, 300.6500244140625, 347.80999755859375), 1)
  ('re', Rect(166.82000732421875, 336.4100036621094, 222.76400756835938, 347.80999755859375), 1)
  ('re', Rect(88.8239974975586, 336.4100036621094, 158.90399169921875, 347.80999755859375), 1)
  ('re', Rect(32.15999984741211, 336.4100036621094, 81.02400207519531, 347.80999755859375), 1)
  ('re', Rect(27.84000015258789, 329.92999267578125, 28.31999969482422, 330.40997314453125), 1)
  ('re', Rect(28.31999969482422, 329.92999267578125, 84.6240005493164, 330.40997314453125), 1)
  ('re', Rect(84.6240005493164, 329.92999267578125, 85.10400390625, 330.40997314453125), 1)
  ('re', Rect(85.10399627685547, 329.92999267578125, 162.62399291992188, 330.40997314453125), 1)
  ('re', Rect(162.6199951171875, 329.92999267578125, 163.09999084472656, 330.40997314453125), 1)
  ('re', Rect(163.10000610351562, 329.92999267578125, 226.364013671875, 330.40997314453125), 1)
  ('re', Rect(226.3699951171875, 329.92999267578125, 226.85000610351562, 330.40997314453125), 1)
  ('re', Rect(226.85000610351562, 329.92999267578125, 304.3699951171875, 330.40997314453125), 1)
  ('re', Rect(304.3699951171875, 329.92999267578125, 304.8499755859375, 330.40997314453125), 1)
  ('re', Rect(304.8500061035156, 329.92999267578125, 410.71002197265625, 330.40997314453125), 1)
  ('re', Rect(410.7099914550781, 329.92999267578125, 411.19000244140625, 330.40997314453125), 1)
  ('re', Rect(411.19000244140625, 329.92999267578125, 453.2139892578125, 330.40997314453125), 1)
  ('re', Rect(453.2200012207031, 329.92999267578125, 453.70001220703125, 330.40997314453125), 1)
  ('re', Rect(453.70001220703125, 329.92999267578125, 495.70001220703125, 330.40997314453125), 1)
  ('re', Rect(495.70001220703125, 329.92999267578125, 496.17999267578125, 330.40997314453125), 1)
  ('re', Rect(570.3400268554688, 329.92999267578125, 570.8440551757812, 330.40997314453125), 1)
  ('re', Rect(27.84000015258789, 330.40997314453125, 28.31999969482422, 353.6899719238281), 1)
  ('re', Rect(84.6240005493164, 330.40997314453125, 85.10400390625, 353.6899719238281), 1)
  ('re', Rect(162.6199951171875, 330.40997314453125, 163.09999084472656, 353.6899719238281), 1)
  ('re', Rect(226.3699951171875, 330.40997314453125, 226.85000610351562, 353.6899719238281), 1)
  ('re', Rect(304.3699951171875, 330.40997314453125, 304.8499755859375, 353.6899719238281), 1)
  ('re', Rect(410.7099914550781, 330.40997314453125, 411.19000244140625, 353.6899719238281), 1)
  ('re', Rect(453.2200012207031, 330.40997314453125, 453.70001220703125, 353.6899719238281), 1)
  ('re', Rect(495.70001220703125, 330.40997314453125, 496.17999267578125, 353.6899719238281), 1)
  ('re', Rect(570.3400268554688, 330.40997314453125, 570.8440551757812, 353.6899719238281), 1)
  ('re', Rect(457.5400085449219, 361.25, 492.1000061035156, 372.7699890136719), 1)
  ('re', Rect(414.9100036621094, 361.25, 449.614013671875, 372.7699890136719), 1)
  ('re', Rect(308.57000732421875, 361.25, 406.9940185546875, 372.7699890136719), 1)
  ('re', Rect(230.57000732421875, 361.25, 300.6500244140625, 372.7699890136719), 1)
  ('re', Rect(166.82000732421875, 361.25, 222.76400756835938, 372.7699890136719), 1)
  ('re', Rect(88.8239974975586, 361.25, 158.90399169921875, 372.7699890136719), 1)
  ('re', Rect(32.15999984741211, 361.25, 81.02400207519531, 372.7699890136719), 1)
  ('re', Rect(27.84000015258789, 353.6899719238281, 28.31999969482422, 354.16998291015625), 1)
  ('re', Rect(28.31999969482422, 353.6899719238281, 84.6240005493164, 354.16998291015625), 1)
  ('re', Rect(84.6240005493164, 353.6899719238281, 85.10400390625, 354.16998291015625), 1)
  ('re', Rect(85.10399627685547, 353.6899719238281, 162.62399291992188, 354.16998291015625), 1)
  ('re', Rect(162.6199951171875, 353.6899719238281, 163.09999084472656, 354.16998291015625), 1)
  ('re', Rect(163.10000610351562, 353.6899719238281, 226.364013671875, 354.16998291015625), 1)
  ('re', Rect(226.3699951171875, 353.6899719238281, 226.85000610351562, 354.16998291015625), 1)
  ('re', Rect(226.85000610351562, 353.6899719238281, 304.3699951171875, 354.16998291015625), 1)
  ('re', Rect(304.3699951171875, 353.6899719238281, 304.8499755859375, 354.16998291015625), 1)
  ('re', Rect(304.8500061035156, 353.6899719238281, 410.71002197265625, 354.16998291015625), 1)
  ('re', Rect(410.7099914550781, 353.6899719238281, 411.19000244140625, 354.16998291015625), 1)
  ('re', Rect(411.19000244140625, 353.6899719238281, 453.2139892578125, 354.16998291015625), 1)
  ('re', Rect(453.2200012207031, 353.6899719238281, 453.70001220703125, 354.16998291015625), 1)
  ('re', Rect(453.70001220703125, 353.6899719238281, 495.70001220703125, 354.16998291015625), 1)
  ('re', Rect(495.70001220703125, 353.6899719238281, 496.17999267578125, 354.16998291015625), 1)
  ('re', Rect(570.3400268554688, 353.6899719238281, 570.8440551757812, 354.16998291015625), 1)
  ('re', Rect(27.84000015258789, 354.16998291015625, 28.31999969482422, 379.72998046875), 1)
  ('re', Rect(84.6240005493164, 354.16998291015625, 85.10400390625, 379.72998046875), 1)
  ('re', Rect(162.6199951171875, 354.16998291015625, 163.09999084472656, 379.72998046875), 1)
  ('re', Rect(226.3699951171875, 354.16998291015625, 226.85000610351562, 379.72998046875), 1)
  ('re', Rect(304.3699951171875, 354.16998291015625, 304.8499755859375, 379.72998046875), 1)
  ('re', Rect(410.7099914550781, 354.16998291015625, 411.19000244140625, 379.72998046875), 1)
  ('re', Rect(453.2200012207031, 354.16998291015625, 453.70001220703125, 379.72998046875), 1)
  ('re', Rect(495.70001220703125, 354.16998291015625, 496.17999267578125, 379.72998046875), 1)
  ('re', Rect(570.3400268554688, 354.16998291015625, 570.8440551757812, 379.72998046875), 1)
  ('re', Rect(308.57000732421875, 381.5299987792969, 566.6199951171875, 393.04998779296875), 1)
  ('re', Rect(230.57000732421875, 381.5299987792969, 300.6500244140625, 393.04998779296875), 1)
  ('re', Rect(166.82000732421875, 381.5299987792969, 222.76400756835938, 393.04998779296875), 1)
  ('re', Rect(88.8239974975586, 381.5299987792969, 158.90399169921875, 393.04998779296875), 1)
  ('re', Rect(32.15999984741211, 381.5299987792969, 81.02400207519531, 393.04998779296875), 1)
  ('re', Rect(27.84000015258789, 379.72998046875, 28.31999969482422, 380.2099914550781), 1)
  ('re', Rect(28.31999969482422, 379.72998046875, 84.6240005493164, 380.2099914550781), 1)
  ('re', Rect(84.6240005493164, 379.72998046875, 85.10400390625, 380.2099914550781), 1)
  ('re', Rect(85.10399627685547, 379.72998046875, 162.62399291992188, 380.2099914550781), 1)
  ('re', Rect(162.6199951171875, 379.72998046875, 163.09999084472656, 380.2099914550781), 1)
  ('re', Rect(163.10000610351562, 379.72998046875, 226.364013671875, 380.2099914550781), 1)
  ('re', Rect(226.3699951171875, 379.72998046875, 226.85000610351562, 380.2099914550781), 1)
  ('re', Rect(226.85000610351562, 379.72998046875, 304.3699951171875, 380.2099914550781), 1)
  ('re', Rect(304.3699951171875, 379.72998046875, 304.8499755859375, 380.2099914550781), 1)
  ('re', Rect(304.8500061035156, 379.72998046875, 410.71002197265625, 380.2099914550781), 1)
  ('re', Rect(410.7099914550781, 379.72998046875, 411.19000244140625, 380.2099914550781), 1)
  ('re', Rect(411.19000244140625, 379.72998046875, 453.2139892578125, 380.2099914550781), 1)
  ('re', Rect(453.2200012207031, 379.72998046875, 453.70001220703125, 380.2099914550781), 1)
  ('re', Rect(453.70001220703125, 379.72998046875, 495.70001220703125, 380.2099914550781), 1)
  ('re', Rect(495.70001220703125, 379.72998046875, 496.17999267578125, 380.2099914550781), 1)
  ('re', Rect(496.17999267578125, 379.72998046875, 570.3399658203125, 380.2099914550781), 1)
  ('re', Rect(570.3400268554688, 379.72998046875, 570.8440551757812, 380.2099914550781), 1)
  ('re', Rect(27.84000015258789, 380.2099609375, 28.31999969482422, 394.2499694824219), 1)
  ('re', Rect(84.6240005493164, 380.2099609375, 85.10400390625, 394.2499694824219), 1)
  ('re', Rect(162.6199951171875, 380.2099609375, 163.09999084472656, 394.2499694824219), 1)
  ('re', Rect(226.3699951171875, 380.2099609375, 226.85000610351562, 394.2499694824219), 1)
  ('re', Rect(304.3699951171875, 380.2099609375, 304.8499755859375, 394.2499694824219), 1)
  ('re', Rect(570.3400268554688, 380.2099609375, 570.8440551757812, 394.2499694824219), 1)
  ('re', Rect(308.57000732421875, 398.4499816894531, 566.6199951171875, 409.8499755859375), 1)
  ('re', Rect(230.57000732421875, 398.4499816894531, 300.6500244140625, 409.8499755859375), 1)
  ('re', Rect(166.82000732421875, 398.4499816894531, 222.76400756835938, 409.8499755859375), 1)
  ('re', Rect(88.8239974975586, 398.4499816894531, 158.90399169921875, 409.8499755859375), 1)
  ('re', Rect(32.15999984741211, 398.4499816894531, 81.02400207519531, 409.8499755859375), 1)
  ('re', Rect(27.84000015258789, 394.25, 28.31999969482422, 394.72998046875), 1)
  ('re', Rect(28.31999969482422, 394.25, 84.6240005493164, 394.72998046875), 1)
  ('re', Rect(84.6240005493164, 394.25, 85.10400390625, 394.72998046875), 1)
  ('re', Rect(85.10399627685547, 394.25, 162.62399291992188, 394.72998046875), 1)
  ('re', Rect(162.6199951171875, 394.25, 163.09999084472656, 394.72998046875), 1)
  ('re', Rect(163.10000610351562, 394.25, 226.364013671875, 394.72998046875), 1)
  ('re', Rect(226.3699951171875, 394.25, 226.85000610351562, 394.72998046875), 1)
  ('re', Rect(226.85000610351562, 394.25, 304.3699951171875, 394.72998046875), 1)
  ('re', Rect(304.3699951171875, 394.25, 304.8499755859375, 394.72998046875), 1)
  ('re', Rect(304.8500061035156, 394.25, 570.3399658203125, 394.72998046875), 1)
  ('re', Rect(570.3400268554688, 394.25, 570.8440551757812, 394.72998046875), 1)
  ('re', Rect(27.84000015258789, 394.72998046875, 28.31999969482422, 413.5699768066406), 1)
  ('re', Rect(27.84000015258789, 413.5699768066406, 28.31999969482422, 414.04998779296875), 1)
  ('re', Rect(27.84000015258789, 413.5699768066406, 28.31999969482422, 414.04998779296875), 1)
  ('re', Rect(28.31999969482422, 413.5699768066406, 84.6240005493164, 414.04998779296875), 1)
  ('re', Rect(84.6240005493164, 394.72998046875, 85.10400390625, 413.5699768066406), 1)
  ('re', Rect(84.6240005493164, 413.5699768066406, 85.10400390625, 414.04998779296875), 1)
  ('re', Rect(85.10399627685547, 413.5699768066406, 162.62399291992188, 414.04998779296875), 1)
  ('re', Rect(162.6199951171875, 394.72998046875, 163.09999084472656, 413.5699768066406), 1)
  ('re', Rect(162.6199951171875, 413.5699768066406, 163.09999084472656, 414.04998779296875), 1)
  ('re', Rect(163.10000610351562, 413.5699768066406, 226.364013671875, 414.04998779296875), 1)
  ('re', Rect(226.3699951171875, 394.72998046875, 226.85000610351562, 413.5699768066406), 1)
  ('re', Rect(226.3699951171875, 413.5699768066406, 226.85000610351562, 414.04998779296875), 1)
  ('re', Rect(226.85000610351562, 413.5699768066406, 304.3699951171875, 414.04998779296875), 1)
  ('re', Rect(304.3699951171875, 394.72998046875, 304.8499755859375, 413.5699768066406), 1)
  ('re', Rect(304.3699951171875, 413.5699768066406, 304.8499755859375, 414.04998779296875), 1)
  ('re', Rect(304.8500061035156, 413.5699768066406, 570.3399658203125, 414.04998779296875), 1)
  ('re', Rect(570.3400268554688, 394.72998046875, 570.8440551757812, 413.5699768066406), 1)
  ('re', Rect(570.3400268554688, 413.5699768066406, 570.8440551757812, 414.04998779296875), 1)
  ('re', Rect(570.3400268554688, 413.5699768066406, 570.8440551757812, 414.04998779296875), 1)
  ('re', Rect(26.639999389648438, 420.04998779296875, 547.2999877929688, 429.28997802734375), 1)
  ('re', Rect(26.639999389648438, 429.28997802734375, 511.65997314453125, 441.8899841308594), 1)
  ('re', Rect(26.639999389648438, 441.885986328125, 525.8200073242188, 454.5099792480469), 1)
  ('re', Rect(26.639999389648438, 454.5099792480469, 547.2999877929688, 460.2699890136719), 1)
  ('re', Rect(390.6700134277344, 462.7900085449219, 577.2000122070312, 474.30999755859375), 1)
  ('re', Rect(207.64999389648438, 462.7900085449219, 382.6300048828125, 474.30999755859375), 1)
  ('re', Rect(32.15999984741211, 462.7900085449219, 199.85000610351562, 474.30999755859375), 1)
  ('re', Rect(27.84000015258789, 460.26995849609375, 28.31999969482422, 460.7499694824219), 1)
  ('re', Rect(27.84000015258789, 460.26995849609375, 28.31999969482422, 460.7499694824219), 1)
  ('re', Rect(28.31999969482422, 460.26995849609375, 203.45001220703125, 460.7499694824219), 1)
  ('re', Rect(203.4499969482422, 460.26995849609375, 203.9300079345703, 460.7499694824219), 1)
  ('re', Rect(203.92999267578125, 460.26995849609375, 386.3499755859375, 460.7499694824219), 1)
  ('re', Rect(386.3500061035156, 460.26995849609375, 386.83001708984375, 460.7499694824219), 1)
  ('re', Rect(386.8299865722656, 460.26995849609375, 580.7999877929688, 460.7499694824219), 1)
  ('re', Rect(580.7999877929688, 460.26995849609375, 581.280029296875, 460.7499694824219), 1)
  ('re', Rect(580.7999877929688, 460.26995849609375, 581.280029296875, 460.7499694824219), 1)
  ('re', Rect(27.84000015258789, 460.7499694824219, 28.31999969482422, 476.3499755859375), 1)
  ('re', Rect(203.4499969482422, 460.7499694824219, 203.9300079345703, 476.3499755859375), 1)
  ('re', Rect(386.3500061035156, 460.7499694824219, 386.83001708984375, 476.3499755859375), 1)
  ('re', Rect(580.7999877929688, 460.7499694824219, 581.280029296875, 476.3499755859375), 1)
  ('re', Rect(395.2300109863281, 483.7900085449219, 575.6400146484375, 495.30999755859375), 1)
  ('re', Rect(207.64999389648438, 483.7900085449219, 382.6300048828125, 495.30999755859375), 1)
  ('re', Rect(32.15999984741211, 483.7900085449219, 199.85000610351562, 495.30999755859375), 1)
  ('re', Rect(27.84000015258789, 476.3499755859375, 28.31999969482422, 476.8299865722656), 1)
  ('re', Rect(28.31999969482422, 476.3499755859375, 203.45001220703125, 476.8299865722656), 1)
  ('re', Rect(203.4499969482422, 476.3499755859375, 203.9300079345703, 476.8299865722656), 1)
  ('re', Rect(203.92999267578125, 476.3499755859375, 386.3499755859375, 476.8299865722656), 1)
  ('re', Rect(386.3500061035156, 476.3499755859375, 386.83001708984375, 476.8299865722656), 1)
  ('re', Rect(386.8299865722656, 476.3499755859375, 580.7999877929688, 476.8299865722656), 1)
  ('re', Rect(580.7999877929688, 476.3499755859375, 581.280029296875, 476.8299865722656), 1)
  ('re', Rect(27.84000015258789, 476.8299865722656, 28.31999969482422, 502.2699890136719), 1)
  ('re', Rect(203.4499969482422, 476.8299865722656, 203.9300079345703, 502.2699890136719), 1)
  ('re', Rect(386.3500061035156, 476.8299865722656, 386.83001708984375, 502.2699890136719), 1)
  ('re', Rect(580.7999877929688, 476.8299865722656, 581.280029296875, 502.2699890136719), 1)
  ('re', Rect(395.2300109863281, 509.3499755859375, 575.6400146484375, 520.75), 1)
  ('re', Rect(207.64999389648438, 509.3499755859375, 382.6300048828125, 520.75), 1)
  ('re', Rect(32.15999984741211, 509.3499755859375, 199.85000610351562, 520.75), 1)
  ('re', Rect(27.84000015258789, 502.2699890136719, 28.31999969482422, 527.8299560546875), 1)
  ('re', Rect(203.4499969482422, 502.2699890136719, 203.9300079345703, 527.8299560546875), 1)
  ('re', Rect(386.3500061035156, 502.2699890136719, 386.83001708984375, 527.8299560546875), 1)
  ('re', Rect(580.7999877929688, 502.2699890136719, 581.280029296875, 527.8299560546875), 1)
  ('re', Rect(395.2300109863281, 534.7900390625, 575.6400146484375, 546.3099975585938), 1)
  ('re', Rect(207.64999389648438, 534.7900390625, 382.6300048828125, 546.3099975585938), 1)
  ('re', Rect(32.15999984741211, 534.7900390625, 199.85000610351562, 546.3099975585938), 1)
  ('re', Rect(27.84000015258789, 527.8299560546875, 28.31999969482422, 553.27001953125), 1)
  ('re', Rect(203.4499969482422, 527.8299560546875, 203.9300079345703, 553.27001953125), 1)
  ('re', Rect(386.3500061035156, 527.8299560546875, 386.83001708984375, 553.27001953125), 1)
  ('re', Rect(580.7999877929688, 527.8299560546875, 581.280029296875, 553.27001953125), 1)
  ('re', Rect(395.2300109863281, 560.3499755859375, 575.6400146484375, 571.75), 1)
  ('re', Rect(207.64999389648438, 560.3499755859375, 382.6300048828125, 571.75), 1)
  ('re', Rect(32.15999984741211, 554.5899658203125, 199.85000610351562, 565.989990234375), 1)
  ('re', Rect(32.15999984741211, 565.989990234375, 199.85000610351562, 577.510009765625), 1)
  ('re', Rect(27.84000015258789, 553.27001953125, 28.31999969482422, 578.8299560546875), 1)
  ('re', Rect(203.4499969482422, 553.27001953125, 203.9300079345703, 578.8299560546875), 1)
  ('re', Rect(386.3500061035156, 553.27001953125, 386.83001708984375, 578.8299560546875), 1)
  ('re', Rect(580.7999877929688, 553.27001953125, 581.280029296875, 578.8299560546875), 1)
  ('re', Rect(390.6700134277344, 585.0699462890625, 577.2000122070312, 596.5899658203125), 1)
  ('re', Rect(207.64999389648438, 585.0699462890625, 382.6300048828125, 596.5899658203125), 1)
  ('re', Rect(32.15999984741211, 579.3099975585938, 199.85000610351562, 590.8299560546875), 1)
  ('re', Rect(32.15999984741211, 590.8299560546875, 199.85000610351562, 602.3499755859375), 1)
  ('re', Rect(27.84000015258789, 578.8300170898438, 28.31999969482422, 579.3099975585938), 1)
  ('re', Rect(28.31999969482422, 578.8300170898438, 203.45001220703125, 579.3099975585938), 1)
  ('re', Rect(203.4499969482422, 578.8300170898438, 203.9300079345703, 579.3099975585938), 1)
  ('re', Rect(203.92999267578125, 578.8300170898438, 386.3499755859375, 579.3099975585938), 1)
  ('re', Rect(386.3500061035156, 578.8300170898438, 386.83001708984375, 579.3099975585938), 1)
  ('re', Rect(386.8299865722656, 578.8300170898438, 580.7999877929688, 579.3099975585938), 1)
  ('re', Rect(580.7999877929688, 578.8300170898438, 581.280029296875, 579.3099975585938), 1)
  ('re', Rect(27.84000015258789, 579.3099365234375, 28.31999969482422, 602.3499755859375), 1)
  ('re', Rect(27.84000015258789, 602.3499755859375, 28.31999969482422, 602.8299560546875), 1)
  ('re', Rect(27.84000015258789, 602.3499755859375, 28.31999969482422, 602.8299560546875), 1)
  ('re', Rect(28.31999969482422, 602.3499755859375, 203.45001220703125, 602.8299560546875), 1)
  ('re', Rect(203.4499969482422, 579.3099365234375, 203.9300079345703, 602.3499755859375), 1)
  ('re', Rect(203.4499969482422, 602.3499755859375, 203.9300079345703, 602.8299560546875), 1)
  ('re', Rect(203.92999267578125, 602.3499755859375, 386.3499755859375, 602.8299560546875), 1)
  ('re', Rect(386.3500061035156, 579.3099365234375, 386.83001708984375, 602.3499755859375), 1)
  ('re', Rect(386.3500061035156, 602.3499755859375, 386.83001708984375, 602.8299560546875), 1)
  ('re', Rect(386.8299865722656, 602.3499755859375, 580.7999877929688, 602.8299560546875), 1)
  ('re', Rect(580.7999877929688, 579.3099365234375, 581.280029296875, 602.3499755859375), 1)
  ('re', Rect(580.7999877929688, 602.3499755859375, 581.280029296875, 602.8299560546875), 1)
  ('re', Rect(580.7999877929688, 602.3499755859375, 581.280029296875, 602.8299560546875), 1)
  ('re', Rect(26.639999389648438, 608.8299560546875, 539.9800415039062, 617.949951171875), 1)
  ('re', Rect(26.639999389648438, 626.02001953125, 561.2200317382812, 637.2999877929688), 1)
  ('re', Rect(26.639999389648438, 637.2999877929688, 561.2200317382812, 648.4599609375), 1)
  ('re', Rect(26.639999389648438, 648.4599609375, 561.2200317382812, 659.6199951171875), 1)
  ('re', Rect(26.639999389648438, 659.6199951171875, 561.2200317382812, 670.8999633789062), 1)
  ('re', Rect(26.639999389648438, 670.8999633789062, 561.2200317382812, 682.0599975585938), 1)
  ('re', Rect(266.2099914550781, 678.9400024414062, 324.79400634765625, 679.2999877929688), 1)
  ('re', Rect(26.639999389648438, 682.0599975585938, 561.2200317382812, 693.219970703125), 1)
  ('re', Rect(26.639999389648438, 693.219970703125, 561.2200317382812, 704.5), 1)
  ('re', Rect(26.639999389648438, 704.5, 561.2200317382812, 715.6599731445312), 1)
  ('re', Rect(26.639999389648438, 715.6599731445312, 561.2200317382812, 726.8200073242188), 1)
  ('re', Rect(121.0999984741211, 723.699951171875, 208.00399780273438, 724.0599975585938), 1)
  ('re', Rect(26.639999389648438, 726.8200073242188, 561.2200317382812, 738.0999755859375), 1)
  ('re', Rect(26.639999389648438, 738.095947265625, 561.2200317382812, 749.2559814453125), 1)
  ('re', Rect(26.639999389648438, 749.2559814453125, 561.2200317382812, 758.3759765625), 1)
  ('re', Rect(0.0, 760.416015625, 561.219970703125, 769.656005859375), 1)
  ('re', Rect(129.25999450683594, 768.4559936523438, 216.16400146484375, 768.8159790039062), 1)
  ('re', Rect(26.639999389648438, 771.6959838867188, 561.2200317382812, 780.8159790039062), 1)
  ('re', Rect(26.639999389648438, 782.85595703125, 561.2200317382812, 792.0960083007812), 1)
  ('re', Rect(365.8299865722656, 790.89599609375, 496.28997802734375, 791.2559814453125), 1)
  ('re', Rect(26.639999389648438, 792.0960083007812, 561.2200317382812, 801.2160034179688), 1)
  ('re', Rect(26.639999389648438, 801.2160034179688, 547.2999877929688, 810.47998046875), 1)
=== PAGE 11 GRAPHICS ===
  ('re', Rect(26.639999389648438, 14.15997314453125, 529.2999877929688, 23.39996337890625), 1)
  ('re', Rect(26.639999389648438, 23.4000244140625, 529.2999877929688, 36.0), 1)
  ('re', Rect(26.639999389648438, 36.0, 529.2999877929688, 49.79998779296875), 1)
  ('re', Rect(26.639999389648438, 49.79998779296875, 529.2999877929688, 62.51995849609375), 1)
  ('re', Rect(26.639999389648438, 62.52001953125, 529.2999877929688, 75.1199951171875), 1)
  ('re', Rect(26.639999389648438, 75.1199951171875, 529.2999877929688, 87.8399658203125), 1)
  ('re', Rect(464.6199951171875, 94.0999755859375, 574.3200073242188, 105.6199951171875), 1)
  ('re', Rect(464.6199951171875, 105.61993408203125, 574.3200073242188, 117.01995849609375), 1)
  ('re', Rect(393.6700134277344, 94.0999755859375, 456.6940002441406, 105.6199951171875), 1)
  ('re', Rect(393.6700134277344, 105.61993408203125, 456.6940002441406, 117.01995849609375), 1)
  ('re', Rect(202.72999572753906, 99.8599853515625, 385.6300048828125, 111.260009765625), 1)
  ('re', Rect(127.0999984741211, 94.0999755859375, 194.9239959716797, 105.6199951171875), 1)
  ('re', Rect(127.0999984741211, 105.61993408203125, 194.9239959716797, 117.01995849609375), 1)
  ('re', Rect(32.15999984741211, 88.31597900390625, 119.18400573730469, 99.8599853515625), 1)
  ('re', Rect(32.15999984741211, 99.8599853515625, 119.18400573730469, 111.260009765625), 1)
  ('re', Rect(32.15999984741211, 111.25994873046875, 119.18400573730469, 122.77996826171875), 1)
  ('re', Rect(27.84000015258789, 87.84002685546875, 28.31999969482422, 88.32000732421875), 1)
  ('re', Rect(27.84000015258789, 87.84002685546875, 28.31999969482422, 88.32000732421875), 1)
  ('re', Rect(28.31999969482422, 87.84002685546875, 122.78399658203125, 88.32000732421875), 1)
  ('re', Rect(122.77999877929688, 87.84002685546875, 123.26000213623047, 88.32000732421875), 1)
  ('re', Rect(123.26000213623047, 87.84002685546875, 198.5240020751953, 88.32000732421875), 1)
  ('re', Rect(198.52999877929688, 87.84002685546875, 199.00999450683594, 88.32000732421875), 1)
  ('re', Rect(199.00999450683594, 87.84002685546875, 389.3499755859375, 88.32000732421875), 1)
  ('re', Rect(389.3500061035156, 87.84002685546875, 389.83001708984375, 88.32000732421875), 1)
  ('re', Rect(389.8299865722656, 87.84002685546875, 460.2939758300781, 88.32000732421875), 1)
  ('re', Rect(460.29998779296875, 87.84002685546875, 460.7799987792969, 88.32000732421875), 1)
  ('re', Rect(460.7799987792969, 87.84002685546875, 577.9199829101562, 88.32000732421875), 1)
  ('re', Rect(577.9199829101562, 87.84002685546875, 578.4000244140625, 88.32000732421875), 1)
  ('re', Rect(577.9199829101562, 87.84002685546875, 578.4000244140625, 88.32000732421875), 1)
  ('re', Rect(27.84000015258789, 88.31597900390625, 28.31999969482422, 122.77996826171875), 1)
  ('re', Rect(122.77999877929688, 88.31597900390625, 123.26000213623047, 122.77996826171875), 1)
  ('re', Rect(198.52999877929688, 88.31597900390625, 199.00999450683594, 122.77996826171875), 1)
  ('re', Rect(389.3500061035156, 88.31597900390625, 389.83001708984375, 122.77996826171875), 1)
  ('re', Rect(460.29998779296875, 88.31597900390625, 460.7799987792969, 122.77996826171875), 1)
  ('re', Rect(577.9199829101562, 88.31597900390625, 578.4000244140625, 122.77996826171875), 1)
  ('re', Rect(464.6199951171875, 130.3399658203125, 574.3200073242188, 141.8599853515625), 1)
  ('re', Rect(393.6700134277344, 130.3399658203125, 456.6940002441406, 141.8599853515625), 1)
  ('re', Rect(202.72999572753906, 130.3399658203125, 385.6300048828125, 141.8599853515625), 1)
  ('re', Rect(127.0999984741211, 130.3399658203125, 194.9239959716797, 141.8599853515625), 1)
  ('re', Rect(32.15999984741211, 130.3399658203125, 119.18400573730469, 141.8599853515625), 1)
  ('re', Rect(27.84000015258789, 122.780029296875, 28.31999969482422, 123.260009765625), 1)
  ('re', Rect(28.31999969482422, 122.780029296875, 122.78399658203125, 123.260009765625), 1)
  ('re', Rect(122.77999877929688, 122.780029296875, 123.26000213623047, 123.260009765625), 1)
  ('re', Rect(123.26000213623047, 122.780029296875, 198.5240020751953, 123.260009765625), 1)
  ('re', Rect(198.52999877929688, 122.780029296875, 199.00999450683594, 123.260009765625), 1)
  ('re', Rect(199.00999450683594, 122.780029296875, 389.3499755859375, 123.260009765625), 1)
  ('re', Rect(389.3500061035156, 122.780029296875, 389.83001708984375, 123.260009765625), 1)
  ('re', Rect(389.8299865722656, 122.780029296875, 460.2939758300781, 123.260009765625), 1)
  ('re', Rect(460.29998779296875, 122.780029296875, 460.7799987792969, 123.260009765625), 1)
  ('re', Rect(460.7799987792969, 122.780029296875, 577.9199829101562, 123.260009765625), 1)
  ('re', Rect(577.9199829101562, 122.780029296875, 578.4000244140625, 123.260009765625), 1)
  ('re', Rect(27.84000015258789, 123.260009765625, 28.31999969482422, 148.82000732421875), 1)
  ('re', Rect(122.77999877929688, 123.260009765625, 123.26000213623047, 148.82000732421875), 1)
  ('re', Rect(198.52999877929688, 123.260009765625, 199.00999450683594, 148.82000732421875), 1)
  ('re', Rect(389.3500061035156, 123.260009765625, 389.83001708984375, 148.82000732421875), 1)
  ('re', Rect(460.29998779296875, 123.260009765625, 460.7799987792969, 148.82000732421875), 1)
  ('re', Rect(577.9199829101562, 123.260009765625, 578.4000244140625, 148.82000732421875), 1)
  ('re', Rect(464.6199951171875, 155.77996826171875, 574.3200073242188, 167.29998779296875), 1)
  ('re', Rect(393.6700134277344, 155.77996826171875, 456.6940002441406, 167.29998779296875), 1)
  ('re', Rect(202.72999572753906, 155.77996826171875, 385.6300048828125, 167.29998779296875), 1)
  ('re', Rect(127.0999984741211, 155.77996826171875, 194.9239959716797, 167.29998779296875), 1)
  ('re', Rect(32.15999984741211, 155.77996826171875, 119.18400573730469, 167.29998779296875), 1)
  ('re', Rect(27.84000015258789, 148.82000732421875, 28.31999969482422, 174.260009765625), 1)
  ('re', Rect(122.77999877929688, 148.82000732421875, 123.26000213623047, 174.260009765625), 1)
  ('re', Rect(198.52999877929688, 148.82000732421875, 199.00999450683594, 174.260009765625), 1)
  ('re', Rect(389.3500061035156, 148.82000732421875, 389.83001708984375, 174.260009765625), 1)
  ('re', Rect(460.29998779296875, 148.82000732421875, 460.7799987792969, 174.260009765625), 1)
  ('re', Rect(577.9199829101562, 148.82000732421875, 578.4000244140625, 174.260009765625), 1)
  ('re', Rect(464.6199951171875, 181.3399658203125, 574.3200073242188, 192.8599853515625), 1)
  ('re', Rect(393.6700134277344, 181.3399658203125, 456.6940002441406, 192.8599853515625), 1)
  ('re', Rect(202.72999572753906, 181.3399658203125, 385.6300048828125, 192.8599853515625), 1)
  ('re', Rect(127.0999984741211, 181.3399658203125, 194.9239959716797, 192.8599853515625), 1)
  ('re', Rect(32.15999984741211, 181.3399658203125, 119.18400573730469, 192.8599853515625), 1)
  ('re', Rect(27.84000015258789, 174.260009765625, 28.31999969482422, 199.82000732421875), 1)
  ('re', Rect(122.77999877929688, 174.260009765625, 123.26000213623047, 199.82000732421875), 1)
  ('re', Rect(198.52999877929688, 174.260009765625, 199.00999450683594, 199.82000732421875), 1)
  ('re', Rect(389.3500061035156, 174.260009765625, 389.83001708984375, 199.82000732421875), 1)
  ('re', Rect(460.29998779296875, 174.260009765625, 460.7799987792969, 199.82000732421875), 1)
  ('re', Rect(577.9199829101562, 174.260009765625, 578.4000244140625, 199.82000732421875), 1)
  ('re', Rect(464.6199951171875, 206.77996826171875, 574.3200073242188, 218.29998779296875), 1)
  ('re', Rect(393.6700134277344, 206.77996826171875, 456.6940002441406, 218.29998779296875), 1)
  ('re', Rect(202.72999572753906, 206.77996826171875, 385.6300048828125, 218.29998779296875), 1)
  ('re', Rect(127.0999984741211, 206.77996826171875, 194.9239959716797, 218.29998779296875), 1)
  ('re', Rect(32.15999984741211, 206.77996826171875, 119.18400573730469, 218.29998779296875), 1)
  ('re', Rect(27.84000015258789, 199.82000732421875, 28.31999969482422, 225.260009765625), 1)
  ('re', Rect(122.77999877929688, 199.82000732421875, 123.26000213623047, 225.260009765625), 1)
  ('re', Rect(198.52999877929688, 199.82000732421875, 199.00999450683594, 225.260009765625), 1)
  ('re', Rect(389.3500061035156, 199.82000732421875, 389.83001708984375, 225.260009765625), 1)
  ('re', Rect(460.29998779296875, 199.82000732421875, 460.7799987792969, 225.260009765625), 1)
  ('re', Rect(577.9199829101562, 199.82000732421875, 578.4000244140625, 225.260009765625), 1)
  ('re', Rect(464.6199951171875, 232.3399658203125, 574.3200073242188, 243.8599853515625), 1)
  ('re', Rect(393.6700134277344, 232.3399658203125, 456.6940002441406, 243.8599853515625), 1)
  ('re', Rect(202.72999572753906, 232.3399658203125, 385.6300048828125, 243.8599853515625), 1)
  ('re', Rect(127.0999984741211, 232.3399658203125, 194.9239959716797, 243.8599853515625), 1)
  ('re', Rect(32.15999984741211, 232.3399658203125, 119.18400573730469, 243.8599853515625), 1)
  ('re', Rect(27.84000015258789, 225.260009765625, 28.31999969482422, 250.82000732421875), 1)
  ('re', Rect(122.77999877929688, 225.260009765625, 123.26000213623047, 250.82000732421875), 1)
  ('re', Rect(198.52999877929688, 225.260009765625, 199.00999450683594, 250.82000732421875), 1)
  ('re', Rect(389.3500061035156, 225.260009765625, 389.83001708984375, 250.82000732421875), 1)
  ('re', Rect(460.29998779296875, 225.260009765625, 460.7799987792969, 250.82000732421875), 1)
  ('re', Rect(577.9199829101562, 225.260009765625, 578.4000244140625, 250.82000732421875), 1)
  ('re', Rect(464.6199951171875, 257.78594970703125, 574.3200073242188, 269.3299560546875), 1)
  ('re', Rect(393.6700134277344, 257.78594970703125, 456.6940002441406, 269.3299560546875), 1)
  ('re', Rect(202.72999572753906, 257.78594970703125, 385.6300048828125, 269.3299560546875), 1)
  ('re', Rect(127.0999984741211, 257.78594970703125, 194.9239959716797, 269.3299560546875), 1)
  ('re', Rect(32.15999984741211, 257.78594970703125, 119.18400573730469, 269.3299560546875), 1)
  ('re', Rect(27.84000015258789, 250.82598876953125, 28.31999969482422, 276.28997802734375), 1)
  ('re', Rect(122.77999877929688, 250.82598876953125, 123.26000213623047, 276.28997802734375), 1)
  ('re', Rect(198.52999877929688, 250.82598876953125, 199.00999450683594, 276.28997802734375), 1)
  ('re', Rect(389.3500061035156, 250.82598876953125, 389.83001708984375, 276.28997802734375), 1)
  ('re', Rect(460.29998779296875, 250.82598876953125, 460.7799987792969, 276.28997802734375), 1)
  ('re', Rect(577.9199829101562, 250.82598876953125, 578.4000244140625, 276.28997802734375), 1)
  ('re', Rect(202.85000610351562, 283.8499755859375, 574.3200073242188, 295.3699951171875), 1)
  ('re', Rect(127.0999984741211, 283.8499755859375, 194.9239959716797, 295.3699951171875), 1)
  ('re', Rect(32.15999984741211, 283.8499755859375, 119.18400573730469, 295.3699951171875), 1)
  ('re', Rect(27.84000015258789, 276.28997802734375, 28.31999969482422, 276.76995849609375), 1)
  ('re', Rect(28.31999969482422, 276.28997802734375, 122.78399658203125, 276.76995849609375), 1)
  ('re', Rect(122.77999877929688, 276.28997802734375, 123.26000213623047, 276.76995849609375), 1)
  ('re', Rect(123.26000213623047, 276.28997802734375, 198.5240020751953, 276.76995849609375), 1)
  ('re', Rect(198.52999877929688, 276.28997802734375, 199.00999450683594, 276.76995849609375), 1)
  ('re', Rect(199.00999450683594, 276.28997802734375, 389.3499755859375, 276.76995849609375), 1)
  ('re', Rect(389.3500061035156, 276.28997802734375, 389.83001708984375, 276.76995849609375), 1)
  ('re', Rect(389.8299865722656, 276.28997802734375, 460.2939758300781, 276.76995849609375), 1)
  ('re', Rect(460.29998779296875, 276.28997802734375, 460.7799987792969, 276.76995849609375), 1)
  ('re', Rect(460.7799987792969, 276.28997802734375, 577.9199829101562, 276.76995849609375), 1)
  ('re', Rect(577.9199829101562, 276.28997802734375, 578.4000244140625, 276.76995849609375), 1)
  ('re', Rect(27.84000015258789, 276.76995849609375, 28.31999969482422, 302.3299560546875), 1)
  ('re', Rect(122.77999877929688, 276.76995849609375, 123.26000213623047, 302.3299560546875), 1)
  ('re', Rect(198.52999877929688, 276.76995849609375, 199.00999450683594, 302.3299560546875), 1)
  ('re', Rect(577.9199829101562, 276.76995849609375, 578.4000244140625, 302.3299560546875), 1)
  ('re', Rect(464.6199951171875, 309.88995361328125, 574.3200073242188, 321.28997802734375), 1)
  ('re', Rect(393.6700134277344, 309.88995361328125, 456.6940002441406, 321.28997802734375), 1)
  ('re', Rect(202.72999572753906, 309.88995361328125, 385.6300048828125, 321.28997802734375), 1)
  ('re', Rect(127.0999984741211, 309.88995361328125, 194.9239959716797, 321.28997802734375), 1)
  ('re', Rect(32.15999984741211, 309.88995361328125, 119.18400573730469, 321.28997802734375), 1)
  ('re', Rect(27.84000015258789, 302.33001708984375, 28.31999969482422, 302.80999755859375), 1)
  ('re', Rect(28.31999969482422, 302.33001708984375, 122.78399658203125, 302.80999755859375), 1)
  ('re', Rect(122.77999877929688, 302.33001708984375, 123.26000213623047, 302.80999755859375), 1)
  ('re', Rect(123.26000213623047, 302.33001708984375, 198.5240020751953, 302.80999755859375), 1)
  ('re', Rect(198.52999877929688, 302.33001708984375, 199.00999450683594, 302.80999755859375), 1)
  ('re', Rect(199.00999450683594, 302.33001708984375, 389.3499755859375, 302.80999755859375), 1)
  ('re', Rect(389.3500061035156, 302.33001708984375, 389.83001708984375, 302.80999755859375), 1)
  ('re', Rect(389.8299865722656, 302.33001708984375, 460.2939758300781, 302.80999755859375), 1)
  ('re', Rect(460.29998779296875, 302.33001708984375, 460.7799987792969, 302.80999755859375), 1)
  ('re', Rect(460.7799987792969, 302.33001708984375, 577.9199829101562, 302.80999755859375), 1)
  ('re', Rect(577.9199829101562, 302.33001708984375, 578.4000244140625, 302.80999755859375), 1)
  ('re', Rect(27.84000015258789, 302.80999755859375, 28.31999969482422, 328.3699951171875), 1)
  ('re', Rect(122.77999877929688, 302.80999755859375, 123.26000213623047, 328.3699951171875), 1)
  ('re', Rect(198.52999877929688, 302.80999755859375, 199.00999450683594, 328.3699951171875), 1)
  ('re', Rect(389.3500061035156, 302.80999755859375, 389.83001708984375, 328.3699951171875), 1)
  ('re', Rect(460.29998779296875, 302.80999755859375, 460.7799987792969, 328.3699951171875), 1)
  ('re', Rect(577.9199829101562, 302.80999755859375, 578.4000244140625, 328.3699951171875), 1)
  ('re', Rect(464.6199951171875, 335.3299865722656, 574.3200073242188, 346.8499755859375), 1)
  ('re', Rect(393.6700134277344, 335.3299865722656, 456.6940002441406, 346.8499755859375), 1)
  ('re', Rect(202.72999572753906, 335.3299865722656, 385.6300048828125, 346.8499755859375), 1)
  ('re', Rect(127.0999984741211, 335.3299865722656, 194.9239959716797, 346.8499755859375), 1)
  ('re', Rect(32.15999984741211, 335.3299865722656, 119.18400573730469, 346.8499755859375), 1)
  ('re', Rect(27.84000015258789, 328.3699951171875, 28.31999969482422, 353.80999755859375), 1)
  ('re', Rect(122.77999877929688, 328.3699951171875, 123.26000213623047, 353.80999755859375), 1)
  ('re', Rect(198.52999877929688, 328.3699951171875, 199.00999450683594, 353.80999755859375), 1)
  ('re', Rect(389.3500061035156, 328.3699951171875, 389.83001708984375, 353.80999755859375), 1)
  ('re', Rect(460.29998779296875, 328.3699951171875, 460.7799987792969, 353.80999755859375), 1)
  ('re', Rect(577.9199829101562, 328.3699951171875, 578.4000244140625, 353.80999755859375), 1)
  ('re', Rect(464.6199951171875, 360.8899841308594, 574.3200073242188, 372.28997802734375), 1)
  ('re', Rect(393.6700134277344, 360.8899841308594, 456.6940002441406, 372.28997802734375), 1)
  ('re', Rect(202.72999572753906, 360.8899841308594, 385.6300048828125, 372.28997802734375), 1)
  ('re', Rect(127.0999984741211, 360.8899841308594, 194.9239959716797, 372.28997802734375), 1)
  ('re', Rect(32.15999984741211, 360.8899841308594, 119.18400573730469, 372.28997802734375), 1)
  ('re', Rect(27.84000015258789, 353.80999755859375, 28.31999969482422, 379.3699951171875), 1)
  ('re', Rect(122.77999877929688, 353.80999755859375, 123.26000213623047, 379.3699951171875), 1)
  ('re', Rect(198.52999877929688, 353.80999755859375, 199.00999450683594, 379.3699951171875), 1)
  ('re', Rect(389.3500061035156, 353.80999755859375, 389.83001708984375, 379.3699951171875), 1)
  ('re', Rect(460.29998779296875, 353.80999755859375, 460.7799987792969, 379.3699951171875), 1)
  ('re', Rect(577.9199829101562, 353.80999755859375, 578.4000244140625, 379.3699951171875), 1)
  ('re', Rect(464.6199951171875, 386.3299865722656, 574.3200073242188, 397.8499755859375), 1)
  ('re', Rect(393.6700134277344, 386.3299865722656, 456.6940002441406, 397.8499755859375), 1)
  ('re', Rect(202.72999572753906, 386.3299865722656, 385.6300048828125, 397.8499755859375), 1)
  ('re', Rect(127.0999984741211, 386.3299865722656, 194.9239959716797, 397.8499755859375), 1)
  ('re', Rect(32.15999984741211, 386.3299865722656, 119.18400573730469, 397.8499755859375), 1)
  ('re', Rect(27.84000015258789, 379.3699951171875, 28.31999969482422, 404.80999755859375), 1)
  ('re', Rect(122.77999877929688, 379.3699951171875, 123.26000213623047, 404.80999755859375), 1)
  ('re', Rect(198.52999877929688, 379.3699951171875, 199.00999450683594, 404.80999755859375), 1)
  ('re', Rect(389.3500061035156, 379.3699951171875, 389.83001708984375, 404.80999755859375), 1)
  ('re', Rect(460.29998779296875, 379.3699951171875, 460.7799987792969, 404.80999755859375), 1)
  ('re', Rect(577.9199829101562, 379.3699951171875, 578.4000244140625, 404.80999755859375), 1)
  ('re', Rect(464.6199951171875, 411.8899841308594, 574.3200073242188, 423.28997802734375), 1)
  ('re', Rect(393.6700134277344, 411.8899841308594, 456.6940002441406, 423.28997802734375), 1)
  ('re', Rect(202.72999572753906, 411.8899841308594, 385.6300048828125, 423.28997802734375), 1)
  ('re', Rect(127.0999984741211, 411.8899841308594, 194.9239959716797, 423.28997802734375), 1)
  ('re', Rect(32.15999984741211, 411.8899841308594, 119.18400573730469, 423.28997802734375), 1)
  ('re', Rect(27.84000015258789, 404.80999755859375, 28.31999969482422, 430.3699951171875), 1)
  ('re', Rect(122.77999877929688, 404.80999755859375, 123.26000213623047, 430.3699951171875), 1)
  ('re', Rect(198.52999877929688, 404.80999755859375, 199.00999450683594, 430.3699951171875), 1)
  ('re', Rect(389.3500061035156, 404.80999755859375, 389.83001708984375, 430.3699951171875), 1)
  ('re', Rect(460.29998779296875, 404.80999755859375, 460.7799987792969, 430.3699951171875), 1)
  ('re', Rect(577.9199829101562, 404.80999755859375, 578.4000244140625, 430.3699951171875), 1)
  ('re', Rect(464.6199951171875, 437.32598876953125, 574.3200073242188, 448.8699951171875), 1)
  ('re', Rect(393.6700134277344, 437.32598876953125, 456.6940002441406, 448.8699951171875), 1)
  ('re', Rect(202.72999572753906, 437.32598876953125, 385.6300048828125, 448.8699951171875), 1)
  ('re', Rect(127.0999984741211, 437.32598876953125, 194.9239959716797, 448.8699951171875), 1)
  ('re', Rect(32.15999984741211, 437.32598876953125, 119.18400573730469, 448.8699951171875), 1)
  ('re', Rect(27.84000015258789, 430.3659973144531, 28.31999969482422, 455.8299865722656), 1)
  ('re', Rect(122.77999877929688, 430.3659973144531, 123.26000213623047, 455.8299865722656), 1)
  ('re', Rect(198.52999877929688, 430.3659973144531, 199.00999450683594, 455.8299865722656), 1)
  ('re', Rect(389.3500061035156, 430.3659973144531, 389.83001708984375, 455.8299865722656), 1)
  ('re', Rect(460.29998779296875, 430.3659973144531, 460.7799987792969, 455.8299865722656), 1)
  ('re', Rect(577.9199829101562, 430.3659973144531, 578.4000244140625, 455.8299865722656), 1)
  ('re', Rect(202.85000610351562, 463.3899841308594, 574.3200073242188, 474.90997314453125), 1)
  ('re', Rect(127.0999984741211, 463.3899841308594, 194.9239959716797, 474.90997314453125), 1)
  ('re', Rect(32.15999984741211, 463.3899841308594, 119.18400573730469, 474.90997314453125), 1)
  ('re', Rect(27.84000015258789, 455.8299865722656, 28.31999969482422, 456.30999755859375), 1)
  ('re', Rect(28.31999969482422, 455.8299865722656, 122.78399658203125, 456.30999755859375), 1)
  ('re', Rect(122.77999877929688, 455.8299865722656, 123.26000213623047, 456.30999755859375), 1)
  ('re', Rect(123.26000213623047, 455.8299865722656, 198.5240020751953, 456.30999755859375), 1)
  ('re', Rect(198.52999877929688, 455.8299865722656, 199.00999450683594, 456.30999755859375), 1)
  ('re', Rect(199.00999450683594, 455.8299865722656, 389.3499755859375, 456.30999755859375), 1)
  ('re', Rect(389.3500061035156, 455.8299865722656, 389.83001708984375, 456.30999755859375), 1)
  ('re', Rect(389.8299865722656, 455.8299865722656, 460.2939758300781, 456.30999755859375), 1)
  ('re', Rect(460.29998779296875, 455.8299865722656, 460.7799987792969, 456.30999755859375), 1)
  ('re', Rect(460.7799987792969, 455.8299865722656, 577.9199829101562, 456.30999755859375), 1)
  ('re', Rect(577.9199829101562, 455.8299865722656, 578.4000244140625, 456.30999755859375), 1)
  ('re', Rect(27.84000015258789, 456.30999755859375, 28.31999969482422, 481.8699951171875), 1)
  ('re', Rect(122.77999877929688, 456.30999755859375, 123.26000213623047, 481.8699951171875), 1)
  ('re', Rect(198.52999877929688, 456.30999755859375, 199.00999450683594, 481.8699951171875), 1)
  ('re', Rect(577.9199829101562, 456.30999755859375, 578.4000244140625, 481.8699951171875), 1)
  ('re', Rect(202.85000610351562, 487.989990234375, 574.3200073242188, 499.5099792480469), 1)
  ('re', Rect(127.0999984741211, 487.989990234375, 194.9239959716797, 499.5099792480469), 1)
  ('re', Rect(32.15999984741211, 487.989990234375, 119.18400573730469, 499.5099792480469), 1)
  ('re', Rect(27.84000015258789, 481.8699951171875, 28.31999969482422, 482.3499755859375), 1)
  ('re', Rect(28.31999969482422, 481.8699951171875, 122.78399658203125, 482.3499755859375), 1)
  ('re', Rect(122.77999877929688, 481.8699951171875, 123.26000213623047, 482.3499755859375), 1)
  ('re', Rect(123.26000213623047, 481.8699951171875, 198.5240020751953, 482.3499755859375), 1)
  ('re', Rect(198.52999877929688, 481.8699951171875, 199.00999450683594, 482.3499755859375), 1)
  ('re', Rect(199.00999450683594, 481.8699951171875, 577.9199829101562, 482.3499755859375), 1)
  ('re', Rect(577.9199829101562, 481.8699951171875, 578.4000244140625, 482.3499755859375), 1)
  ('re', Rect(27.84000015258789, 482.3500061035156, 28.31999969482422, 505.1499938964844), 1)
  ('re', Rect(27.84000015258789, 505.14996337890625, 28.31999969482422, 505.6299743652344), 1)
  ('re', Rect(27.84000015258789, 505.14996337890625, 28.31999969482422, 505.6299743652344), 1)
  ('re', Rect(28.31999969482422, 505.14996337890625, 122.78399658203125, 505.6299743652344), 1)
  ('re', Rect(122.77999877929688, 482.3500061035156, 123.26000213623047, 505.1499938964844), 1)
  ('re', Rect(122.77999877929688, 505.14996337890625, 123.26000213623047, 505.6299743652344), 1)
  ('re', Rect(123.26000213623047, 505.14996337890625, 198.5240020751953, 505.6299743652344), 1)
  ('re', Rect(198.52999877929688, 482.3500061035156, 199.00999450683594, 505.1499938964844), 1)
  ('re', Rect(198.52999877929688, 505.14996337890625, 199.00999450683594, 505.6299743652344), 1)
  ('re', Rect(199.00999450683594, 505.14996337890625, 577.9199829101562, 505.6299743652344), 1)
  ('re', Rect(577.9199829101562, 482.3500061035156, 578.4000244140625, 505.1499938964844), 1)
  ('re', Rect(577.9199829101562, 505.14996337890625, 578.4000244140625, 505.6299743652344), 1)
  ('re', Rect(577.9199829101562, 505.14996337890625, 578.4000244140625, 505.6299743652344), 1)
  ('re', Rect(26.639999389648438, 517.6300048828125, 552.1000366210938, 531.4299926757812), 1)
  ('re', Rect(26.639999389648438, 531.4299926757812, 552.1000366210938, 540.6699829101562), 1)
  ('re', Rect(26.639999389648438, 540.6699829101562, 552.1000366210938, 549.9099731445312), 1)
  ('re', Rect(26.639999389648438, 549.9099731445312, 552.1000366210938, 559.0299682617188), 1)
  ('re', Rect(26.639999389648438, 559.0299072265625, 552.1000366210938, 568.27001953125), 1)
  ('re', Rect(26.639999389648438, 568.27001953125, 552.1000366210938, 577.510009765625), 1)
  ('re', Rect(26.639999389648438, 577.510009765625, 552.1000366210938, 586.6300048828125), 1)
  ('re', Rect(26.639999389648438, 586.6300048828125, 552.1000366210938, 595.8699951171875), 1)
  ('re', Rect(26.639999389648438, 595.8699951171875, 552.1000366210938, 605.1099853515625), 1)
  ('re', Rect(26.639999389648438, 605.1099853515625, 552.1000366210938, 614.22998046875), 1)
  ('re', Rect(26.639999389648438, 614.22998046875, 552.1000366210938, 623.469970703125), 1)
  ('re', Rect(26.639999389648438, 623.4759521484375, 552.1000366210938, 632.739990234375), 1)
  ('re', Rect(26.639999389648438, 632.739990234375, 552.1000366210938, 641.8599853515625), 1)
  ('re', Rect(26.639999389648438, 641.8599853515625, 552.1000366210938, 651.0999755859375), 1)
  ('re', Rect(26.639999389648438, 651.0999755859375, 552.1000366210938, 660.219970703125), 1)
  ('re', Rect(26.639999389648438, 660.219970703125, 552.1000366210938, 669.4599609375), 1)
  ('re', Rect(26.639999389648438, 669.4599609375, 552.1000366210938, 678.699951171875), 1)
  ('re', Rect(26.639999389648438, 678.699951171875, 552.1000366210938, 687.8199462890625), 1)
  ('re', Rect(26.639999389648438, 687.8198852539062, 552.1000366210938, 697.0599975585938), 1)
  ('re', Rect(26.639999389648438, 697.0599975585938, 552.1000366210938, 706.2999877929688), 1)
  ('re', Rect(26.639999389648438, 706.2999877929688, 547.2999877929688, 715.4199829101562), 1)
  ('re', Rect(26.639999389648438, 715.4199829101562, 547.2999877929688, 724.6599731445312), 1)
  ('re', Rect(26.639999389648438, 724.6599731445312, 547.2999877929688, 733.8999633789062), 1)
  ('re', Rect(26.639999389648438, 733.89599609375, 547.2999877929688, 743.0159912109375), 1)
  ('re', Rect(26.639999389648438, 743.0159912109375, 552.1000366210938, 752.2559814453125), 1)
  ('re', Rect(26.639999389648438, 760.2960205078125, 568.2999877929688, 771.4559936523438), 1)
  ('re', Rect(26.639999389648438, 771.4559936523438, 568.2999877929688, 782.7359619140625), 1)
  ('re', Rect(26.639999389648438, 782.7359619140625, 568.2999877929688, 793.89599609375), 1)
  ('re', Rect(438.54998779296875, 790.7760009765625, 502.41400146484375, 791.135986328125), 1)
  ('re', Rect(26.639999389648438, 793.89599609375, 568.2999877929688, 803.1599731445312), 1)
